subject_numeric,fa_AntFrontal,fa_ARC_L,fa_ARC_R,fa_ATR_L,fa_ATR_R,fa_CGC_L,fa_CGC_R,fa_CST_L,fa_CST_R,fa_IFO_L,fa_IFO_R,fa_ILF_L,fa_ILF_R,fa_Motor,fa_Occipital,fa_Orbital,fa_PostParietal,fa_SLF_L,fa_SLF_R,fa_SupFrontal,fa_SupParietal,fa_Temporal,fa_UNC_L,fa_UNC_R,Unnamed: 0,HCPID,alpha,proc.temp,proc.LL,decay,decl.temp,decl.LL,best.model,diff.LL
100206,0.5703087698963247,0.5197450316830889,0.45444791965557335,0.44680048273097567,0.43711691968622196,0.4986879396881986,0.4902650979912026,0.5567169379603297,0.5543223658377271,0.5607861997727911,0.5390144056543498,0.5147949604335623,0.5153711912372014,0.5736726207363683,0.6545989911984473,0.5606831527834141,0.5807651095583178,0.5259120441343021,0.527374031446214,0.5753437107645152,0.591183316960474,0.5904784532637539,0.46372771436955307,0.4728891426325969,669,100206_fnca,0.4941823668840312,1.8189573688662335,-42.96017358024539,0.1944269453324215,1.5558996408194576,-42.841615882575645,Declarative,-0.1185576976697433
100307,0.5543676427843081,0.5342780087301628,0.4366138637711877,0.4461747974256282,0.4571758237383424,0.5436884333853932,0.5229091593390891,0.5575139384784812,0.537374018926458,0.5458612183279197,0.5432251667540409,0.5085893760663257,0.5124520206499649,0.5683503117157476,0.6666705089935018,0.5148295352250245,0.5759218329949852,0.5002805006933925,0.49436603665044354,0.5713360094209642,0.5496891647699589,0.570042043781175,0.4326459671560172,0.442562010715417,51,100307_fnca,0.0100452551165653,1.9999999989766064,-44.38667480705401,0.0100080955951227,1.9999999988281376,-44.9443104213077,Procedural,0.5576356142536909
100408,0.5308662029974718,0.5303530090348231,0.4733662684092865,0.49418938849335425,0.4394930770148925,0.5433642159585443,0.4686831766419931,0.5237392348057331,0.5550396181812582,0.5604750710638686,0.518871477368588,0.537196069415948,0.4940550950337149,0.5438644271034199,0.6647461603094311,0.5406050269602601,0.5894672604972697,0.47524011166088725,0.5110196249331603,0.5407415763552755,0.5749083876123793,0.5813414102132548,0.44229954872611876,0.44872549456999344,175,100408_fnca,0.0100471646082389,1.999999998396306,-43.00135645501028,0.5271411460145786,1.9999999999999591,-43.61882911667957,Procedural,0.6174726616692823
101006,0.5055755301996976,0.4865924648751433,0.43469791938146474,0.4822485148477246,0.419988101719037,0.5259937643301094,0.4775044754775053,0.5615667036890188,0.5294868726773607,0.5519587752051683,0.49708938356912186,0.4883916574036482,0.482158638090052,0.5471860987377094,0.6218743842554084,0.46336526284475377,0.5676640389911857,0.4447594367857477,0.4533302003489169,0.5308451534901811,0.5574188821109197,0.540586737225635,0.4090498046169116,0.4075249660921522,679,101006_fnca,0.9888477660291376,1.448367736089224,-41.239867018138426,0.0100229980219073,1.9999999995903568,-44.47360906674928,Procedural,3.23374204861085
101107,0.5479456078961398,0.5451006476360436,0.42958937477241294,0.45352942899000986,0.4366597405585892,0.5520532638785787,0.47389277857814144,0.5665334372040963,0.5414726823866887,0.5337189457679912,0.4948345686190157,0.506662135497229,0.46576840928594193,0.5671972590488061,0.6538446313454582,0.47687499931161964,0.60489989132137,0.49574647929443677,0.48165385786504766,0.5531974292758941,0.5765420921740007,0.5788100687350649,0.4231446324627924,0.46136864325744087,37,101107_fnca,0.453480500747437,1.999999999999897,-44.241903481753354,0.1553990892772135,1.9999999992125612,-44.41254764606647,Procedural,0.1706441643131171
101309,0.5754902851969405,0.5318226086105138,0.48472701513077965,0.4509880855757713,0.4676989548061926,0.5759896242431549,0.5176619901041987,0.5677528883619096,0.5753017197578618,0.5125743011330935,0.5326071482699326,0.4478881253068743,0.49727261509705073,0.5909916948242097,0.646990150277108,0.519460582241081,0.5686740781054228,0.5125231164668799,0.4872378803217664,0.585561027307897,0.5651006252327787,0.5776612782694683,0.4273836658397925,0.44850496403378876,863,101309_fnca,0.0100001232285951,0.5323898248299209,-44.24762863594908,0.0100457712871302,1.9999999983433976,-45.26706523571001,Procedural,1.0194365997609296
101410,0.520771459673071,0.5087398670828366,0.45456489764256114,0.4570015698403752,0.4207016500607482,0.510171115059896,0.45602424838745503,0.5431554377071398,0.5339453526306909,0.5409010284745134,0.5093537891819164,0.490715231640273,0.47691688896578116,0.5289493084002852,0.6606501654596909,0.5098364467971701,0.5477895301137612,0.46521895159076726,0.4832854588276219,0.5221906533767658,0.5521148291823814,0.5560446230801567,0.41362618985659233,0.42611999717162746,760,101410_fnca,0.0100335891646727,1.9999999988490071,-44.376239009214274,0.6751376221515965,1.999999999634963,-43.40292951084864,Declarative,-0.97330949836563
101915,0.5386716478057361,0.5328541470687982,0.4809864431046129,0.47714281015820814,0.4351442073099178,0.5055321645932692,0.46873261272493694,0.567250043122251,0.5734569447745791,0.5457263567362998,0.5257641641394101,0.5305741204353382,0.5171318624744988,0.581861928633126,0.6710381844165986,0.5220938088461008,0.5858297315169839,0.48860764071280094,0.509887291050045,0.5504000171700147,0.582981355945824,0.5703985809856679,0.41314256456884885,0.4399761781243627,957,101915_fnca,0.0100000020551321,0.1792166706612862,-44.29367322980736,0.0100285964985277,1.9999999998927245,-44.48534806479489,Procedural,0.1916748349875305
102008,0.5752801415779039,0.5571454559253426,0.48859714541958477,0.45998794710279545,0.4459270343760918,0.5666148416900584,0.4810733870423409,0.5562539128912904,0.5389902557058002,0.5469571144774781,0.5430657710831105,0.5246835453840305,0.5158917163769418,0.5625434468417412,0.6521726395824211,0.5557371678998324,0.5635848193471152,0.5133179010522664,0.48723218016806996,0.569439613023731,0.5743989272937001,0.5666129100124089,0.45312908665075724,0.46911038268352606,139,102008_fnca,0.7442839970211881,1.999944877033507,-43.40985111848224,0.9846310662382312,1.9999999999999267,-43.90896556222302,Procedural,0.4991144437407726
102109,0.5739477821839293,0.5546739956714336,0.48953410142862663,0.4530276560308835,0.46593963269848465,0.5790112110224633,0.5170655520947206,0.5356180776286674,0.5413623009896452,0.5147823828424939,0.5555854307908675,0.48386207208231413,0.5075732120601795,0.5724357406978012,0.6394796455713714,0.5624076592825452,0.5766142344721683,0.5349398076035738,0.4793304321098394,0.574611540472649,0.5732269536224537,0.5538897918091733,0.4418086406615456,0.4443567483466772,507,102109_fnca,0.493271275708868,1.9477785533606429,-43.01439233311373,0.1141219003940775,1.994555935341172,-43.47022518113607,Procedural,0.4558328480223395
102311,0.5847630819393729,0.5345150361281165,0.4960272127140196,0.4875898810264311,0.4523588946487851,0.5465311101053739,0.49606321783894924,0.5937965110789836,0.5647251021037549,0.5508013307865296,0.5314538734671185,0.5171600504070913,0.5207107110729567,0.5599792629121008,0.68762364910426,0.5484117567499982,0.6063235568657337,0.5027860362157673,0.49980114372882123,0.5638740133787004,0.5835337662776263,0.6019344911451153,0.4376273198181954,0.44707863168740275,423,102311_fnca,0.010046797793176,1.99999999842048,-44.40999245604895,0.0100526286251638,1.999999999146398,-45.960236086808294,Procedural,1.550243630759347
102513,0.5518618983138216,0.5139110768502625,0.4890763491535075,0.43830431260670144,0.43646598398164216,0.5294957479679803,0.4670666220163433,0.5528624044227929,0.553978735275981,0.5109268724624325,0.513785867506196,0.4803895688199857,0.49153664455142904,0.5813595594683392,0.6404715208251865,0.5393602854430081,0.5638845435038977,0.4676460493571878,0.4871789327152953,0.5458709042754609,0.5497670086576502,0.5738762182341518,0.4121393930556836,0.4465378984623412,968,102513_fnca,0.0100450869786368,1.99999999900846,-43.68265662553127,0.0100412306537463,1.9999999983223884,-44.10781905467645,Procedural,0.4251624291451747
102614,0.5544548334753768,0.49627270270397517,0.48547890328846494,0.4636104345185603,0.4394162595308196,0.4697289053219024,0.4785127538851709,0.5821093642128353,0.5744264290303913,0.5609676987197301,0.5244489035408231,0.5112264727633541,0.48134289720937157,0.5480136724691781,0.6357728496646466,0.5496420712635771,0.5666135037815099,0.4512832821377919,0.5142480220312305,0.5506693546472651,0.5541598861643083,0.5599162729400158,0.44552195901151825,0.4367623643983889,212,102614_fnca,0.0100447468839403,1.99999999990241,-44.466063337615374,0.0278383883214377,1.999999999866444,-46.06628219925948,Procedural,1.6002188616441089
102715,0.561631528163373,0.519878253073315,0.43418338429657444,0.44590204511372583,0.4406474512800638,0.5469929962548357,0.45286678720949836,0.5530134012149702,0.5542509136064976,0.5112430373701005,0.525576160149486,0.45051407637478524,0.46210171855399584,0.5476217444294305,0.5951514312878247,0.554849846333128,0.5448169780518458,0.49116979287700707,0.45827642473055574,0.5275113885926572,0.5395796110261272,0.5197260224800366,0.44747407263986605,0.47026897686628394,634,102715_fnca,0.0100470890391647,1.999999998535363,-43.718015764274426,0.0100239530090527,1.9999999996478104,-44.17753471572294,Procedural,0.4595189514485156
102816,0.5331283615375135,0.4788780096014995,0.4596667791234411,0.4677523797293276,0.44783497299936614,0.49283450098462117,0.49019106435547116,0.5446319601011549,0.5527832947701442,0.5368290013063287,0.5372351817747956,0.4959110784202745,0.49665792417116533,0.5495297110132347,0.6653631757829593,0.5245615817569743,0.5884017138326434,0.45788273703662546,0.47200961807027875,0.5492348936530073,0.5758022689378506,0.5877751695846272,0.39889550181355,0.39504013836650664,758,102816_fnca,0.0337274916568056,0.4305444855598397,-43.407206218457155,0.0100000007047463,1.014407335384628,-43.0780416539036,Declarative,-0.329164564553551
103010,0.5533200844521473,0.505164612931233,0.48500595553923664,0.4580006768592102,0.4169448729245927,0.513547163180425,0.462749697327329,0.549567216851942,0.5591353868358699,0.5325347158537675,0.4909034530169783,0.4724451651725051,0.45706797681471395,0.5393211778982603,0.6255355733149868,0.502861984638119,0.5263555236354862,0.46795834879129466,0.5182802817598193,0.5421328635191865,0.5354965440188579,0.5274069913231171,0.3870353711284782,0.3984144897258621,797,103010_fnca,0.0100433284860689,1.9999999995777809,-44.40671876528094,0.0100395668823463,1.999999999248354,-44.70771190739012,Procedural,0.3009931421091778
103111,0.5227918607307265,0.49317162785737945,0.46141406386374406,0.4646729974643411,0.4111471941843415,0.507420276656484,0.5036889589385395,0.5418861034026705,0.5291915257813155,0.5340263424724939,0.5014943086362131,0.5102688977065175,0.48531025421606555,0.5467278423752555,0.5935669689516841,0.5339142172142259,0.5628777073680075,0.47679090811328817,0.5063021664669924,0.547528234793796,0.5594136147756319,0.5749795625424764,0.4345311401518772,0.4343184629659169,403,103111_fnca,0.0100614534463273,1.99999999997901,-44.41664702317557,0.0100241742760331,1.9999999996516704,-45.159253300112546,Procedural,0.742606276936975
103212,0.5254614451819126,0.5346987313582937,0.4709275403904162,0.4619721185627027,0.4478612406446972,0.5387825248344392,0.4547522702764072,0.5675162128486845,0.5701324317320532,0.5181750264166328,0.5142391252611646,0.5058476757799213,0.508030662820843,0.5561437121949996,0.6525160577683434,0.5059455325817726,0.5877792076160356,0.5055388936700994,0.5018761891090698,0.5473169485107234,0.5660146355179344,0.5593701640448486,0.4137823309023949,0.45295799758634125,193,103212_fnca,0.7848601694450015,1.999971430385955,-43.26977384776147,0.176786278117463,1.999999309748632,-44.1092949118863,Procedural,0.8395210641248312
103414,0.5228855844345108,0.5380468996287366,0.48403664806814833,0.4829370416049996,0.45826992661979493,0.5668135818108272,0.5090541130817294,0.5632988338708507,0.5607906963656752,0.5240155157642432,0.5145591514312359,0.5030978038861644,0.5005804074027618,0.5656008940138811,0.664831820949619,0.5331422397775833,0.5954503595202143,0.5009455067612825,0.5033193767297635,0.5635777405083087,0.5828105338425952,0.5596600577633484,0.42815342458498096,0.4413564111980291,228,103414_fnca,0.0100540394021352,1.999999999822363,-44.3756738833224,0.0100383221252735,1.999999999211891,-44.4080620196499,Procedural,0.0323881363274978
103515,0.5859858656334733,0.5290278902624002,0.4731848364139611,0.4665765510564907,0.48091028250230106,0.5811143024566382,0.547771994246197,0.5780443258275618,0.5773862306045433,0.5645989130700393,0.5769907413479942,0.5081322722900797,0.5060002781952527,0.5907116743562639,0.6651130536106691,0.5744973654011118,0.6236823046178516,0.5244678772986768,0.490915120294414,0.5968582019539764,0.5987301340235391,0.5830843488292988,0.4739543470851498,0.4715245746832429,615,103515_fnca,0.9871009490818268,1.9999999991848267,-43.43040366250763,0.0100135104846178,1.9999999994819888,-44.64808786727309,Procedural,1.2176842047654477
103818,0.547035389277004,0.49644631049642507,0.4336281078067409,0.4680994417055663,0.444841721612204,0.5488472021151758,0.5078009763300811,0.5804820652263156,0.5820479904740633,0.5579100938385901,0.5527003469091255,0.5193704043004462,0.5278088464183971,0.566186456988712,0.668887377621807,0.5370914811504776,0.5953367939880712,0.4690778496552817,0.4738252684644404,0.5491563929624352,0.5829778803538166,0.5811179257981202,0.4221042904828051,0.43216205377777045,145,103818_fnca,0.8414097793872093,0.9107947392420644,-38.891263896109535,0.2688429924534143,1.0330143924983202,-42.324654898482585,Procedural,3.4333910023730496
104012,0.5776915467001001,0.5725114953297548,0.48286234805968187,0.5120650470517214,0.45683558179116723,0.5690052187955978,0.49211016208752156,0.5832571650909932,0.5682916514636124,0.5701235893475607,0.5267930405056003,0.5422136122784937,0.5199726461447609,0.578060381518052,0.6680302082321989,0.54256119435731,0.6049171289271136,0.5373583379742396,0.5271370772876474,0.5738444059272917,0.6042110784311996,0.5850099681978979,0.42508509859251226,0.40857053434478957,633,104012_fnca,1.484801252560393,1.9999999998882776,-40.41554500683822,1.7520834628011992,1.999999999991517,-40.77441279941357,Procedural,0.3588677925753458
104416,0.5217153543964858,0.5412648130877399,0.48648135229761846,0.4454479810625859,0.46065108791716936,0.5494450664216969,0.48355833305897034,0.5858103047143435,0.5734039674661605,0.5133305271245422,0.5204013087201682,0.4928662804829599,0.5072156740623638,0.5733961740806303,0.6641779797768018,0.4975304713282715,0.5717638933451176,0.5135678215907242,0.48155693375172304,0.5490951143239394,0.5729117543734487,0.5724576713285919,0.3902331017805787,0.42127385845723125,418,104416_fnca,0.0100451756829529,1.9999999995422773,-44.42644722994183,0.0100107297546704,1.999999999410658,-45.90682992448405,Procedural,1.4803826945422216
104820,0.5051537504691962,0.49114351933444517,0.4180641541761425,0.45457775055420546,0.41796052448701276,0.5390155714078162,0.49466600459391574,0.565545539851131,0.5367157154116942,0.5154748391210936,0.5181455511329545,0.47676710606737466,0.4794244008592916,0.5516259659673206,0.6219226463687791,0.4683368181955114,0.5574853563370825,0.4639691573372137,0.4372707304628608,0.5256224008073955,0.5523431926869563,0.5346476060915974,0.3879859127933092,0.4374003757514259,439,104820_fnca,0.0100004126411053,0.1746370664745012,-44.05582976749237,0.5246144738365001,1.9999827008515616,-43.76871754417045,Declarative,-0.2871122233219196
105014,0.5742966954440054,0.5233580067788823,0.4809380621120329,0.4966493978571609,0.46060843012847,0.5514705571949664,0.5343150279769889,0.5716578828193998,0.5587564669862355,0.5812867003945782,0.560789340733916,0.5378429103816208,0.5088438131262325,0.5684104089434489,0.6789184978224252,0.5841817638139027,0.6169427137163443,0.4866503874995726,0.5319699445294935,0.5761823483200255,0.5976055846770779,0.6045493194907371,0.44272269081237137,0.42314833101616545,979,105014_fnca,0.0100404052095554,1.9999999992065012,-44.53375523685624,0.5124822123426658,1.99999999999994,-45.028064014947766,Procedural,0.4943087780915292
105115,0.5582452368992286,0.5359874270129644,0.4905799032349328,0.46817022858704505,0.462660853660948,0.5684888462458102,0.5270091020024732,0.5813008678387824,0.5522015454041072,0.5611606491403942,0.5408060853631675,0.5366277278304095,0.5255525995172057,0.5564148629562193,0.6552262395545396,0.5148032366156875,0.5544851068177241,0.49545921370652374,0.49561129612070076,0.5787760627858034,0.5521722247521047,0.5813925458692727,0.44802199795066777,0.4547245685422232,314,105115_fnca,0.0249180520062236,0.2245752506899418,-43.68500140869444,0.0100000014327448,0.475478543582902,-41.49328712927714,Declarative,-2.1917142794172975
105620,0.5533157561060275,0.5088251913632057,0.4929237939786911,0.4465662820915231,0.43439227645931744,0.5440588444621938,0.524374146811626,0.590696890222581,0.5838547596006961,0.5431792308184973,0.5256346830218598,0.5198686144735823,0.5208679120941339,0.5798001628465951,0.6497411792318912,0.5370897249164915,0.600859176521194,0.5150609976700224,0.5411707260037776,0.5866838600421449,0.5871197929567622,0.6091635234068307,0.4723062679397354,0.4443545431808763,454,105620_fnca,0.010046505307269,1.9999999992009565,-43.0349234592512,0.0100039580899576,1.9999999993127933,-43.68550683555119,Procedural,0.6505833762999913
105923,0.5590062301026307,0.5090617460587743,0.45100647537409166,0.4607622107327248,0.4459316347016478,0.5748543725787214,0.473082107373339,0.5456546244035885,0.5552590442387167,0.5390326042220319,0.5368327661807576,0.5086547499934257,0.5076445300185385,0.5666571480342717,0.6572626306261049,0.5292039359940273,0.5955986396027892,0.49860010251585135,0.4599122165305867,0.5650941264554381,0.5785336516137232,0.5782832075912128,0.4529062469839678,0.4306487590452962,143,105923_fnca,0.5027056781885563,0.8337263236370812,-40.44188274210887,0.2506156640135387,1.0641414074635804,-42.59321532278864,Procedural,2.151332580679771
106016,0.5764362797718727,0.5458671675412597,0.5214839162491565,0.5167362319029067,0.46084202472137004,0.5503503544532471,0.5268337964144143,0.5864142209146976,0.5855500441881578,0.5825702485189893,0.5337139017564257,0.5517814749073184,0.5245912986288375,0.5773391458866033,0.6583117144647112,0.5732859452727721,0.6208251695498311,0.47255240161851153,0.5467500009039732,0.5784291791861031,0.5997387641512866,0.5728665779761348,0.44772882664691904,0.43193236030410526,372,106016_fnca,0.010047410118144,1.999999998356673,-44.506962313248934,0.0100117886719849,1.999999998893902,-46.55752514741979,Procedural,2.0505628341708544
106319,0.5705745746649091,0.5094602347110849,0.4979012647932368,0.4951475507446083,0.4551642617258992,0.5229975776702136,0.5259498369801971,0.5757031376413362,0.5717829561744305,0.5774730560903932,0.5342751714894415,0.528050646491812,0.5180030981492582,0.5564782611377342,0.6598945403778697,0.561414525686792,0.574417725953887,0.48732901802954615,0.5310945474574197,0.5727087522288067,0.5677058319925617,0.5872868757320667,0.4268274006416642,0.43334465050748056,147,106319_fnca,0.2260123757849237,1.1684005288237351,-43.78973108845986,0.6141954613916285,1.9999999995656024,-43.39505815436817,Declarative,-0.3946729340916874
106521,0.5607287969795091,0.5533365407566446,0.4577544945118148,0.4852325988133973,0.4320928299584507,0.5429138993621848,0.4848672232694476,0.5827280987956711,0.5843732624789554,0.5347817579590786,0.5198753563455364,0.48356134168616677,0.4874593952326057,0.5813758951342323,0.6585342094800053,0.5547503796910203,0.6056068994399952,0.5163665734770475,0.4939227368876144,0.5691509813673321,0.5803379565857009,0.5933868672194287,0.4424461133316288,0.43829802594646367,706,106521_fnca,0.5975776127142215,1.999999777486956,-45.07023184081174,0.0100000010856366,1.6174506671516569,-43.86571651212339,Declarative,-1.204515328688352
106824,0.5358081462826251,0.48794538723074565,0.4147328773986883,0.4542920468624196,0.4282638075975996,0.4829111381782548,0.45908710427480126,0.5651971934045474,0.551775284262444,0.5145692556323569,0.497530886805168,0.49412953930829245,0.4753768301757264,0.5539507902004088,0.623364605550625,0.5264438059885036,0.5590885000603807,0.4334739102960315,0.4471231051023258,0.5527236727377192,0.5619381732591707,0.5608017434311602,0.42467888184755315,0.44976465820075445,546,106824_fnca,0.0100460601342418,1.9999999991138555,-44.42574540368327,0.0100080109286423,1.999999998936118,-45.890989945246965,Procedural,1.465244541563692
107018,0.5653216802650978,0.5412484657733392,0.49911629923166567,0.4725691603506398,0.4701750979585652,0.5611150244293419,0.4859038879238273,0.5652539751303938,0.5593594134537233,0.5493589502663823,0.5230334305340386,0.5318188831639731,0.534217735241555,0.5888050254832627,0.6877824503624737,0.522587999482548,0.6163856279468866,0.5275014089211385,0.512219753573562,0.5743161379046129,0.5958503132839159,0.5751404975226172,0.40840710166442457,0.426599383305415,532,107018_fnca,0.0100465487436698,1.9999999992485071,-43.024683204903845,0.010019242419001,1.9999999997558096,-43.5635559173887,Procedural,0.5388727124848529
107321,0.5516873832209924,0.492547777758171,0.4740845328058066,0.48947051947050485,0.4584134395734775,0.5282072951739544,0.4911720990315942,0.5579175777892331,0.5446508095939118,0.5540966378938628,0.5121474851977098,0.5343456319641723,0.5074655265803223,0.5604636503510213,0.6738472165302535,0.5292510430332855,0.6118282746847096,0.4593155512052084,0.4897883088015436,0.5618946357565573,0.5894962366491034,0.5859214120605923,0.4153065461286614,0.40623812023350986,857,107321_fnca,0.0100381088289586,1.9999999992976112,-44.376715977932896,0.0100268278764365,1.999999999743385,-44.56253017033051,Procedural,0.1858141923976148
107725,0.5272898135391924,0.5181231288655098,0.4575019927048258,0.4421808253517592,0.44214295600852843,0.5856925530516094,0.5308920829678828,0.5612983173043588,0.5356261949191762,0.5319141739326899,0.5295673518177854,0.5041408652474831,0.49543751407110426,0.5769311901285193,0.6620067242723935,0.5115044003889193,0.5893129005097838,0.49366024962277083,0.46815571893472707,0.5634813595223167,0.5842544208384384,0.5813783449790403,0.402718307545795,0.4173103270603194,168,107725_fnca,0.0100468878709945,1.999999998449097,-43.74172809599311,0.0100102116099521,1.9999999988541075,-45.10978931571984,Procedural,1.3680612197267266
108020,0.5845437052862509,0.5007826114715136,0.5113557161752137,0.4581857485007525,0.4892752099740474,0.5293939416842219,0.49379276742223,0.5632793476529947,0.5535152891282579,0.5207601309336782,0.5504073330305412,0.47417974564319443,0.5287641937630418,0.5752540973979455,0.6489703961174701,0.5460931698477943,0.5910621652502407,0.5463483522898931,0.5113017450870111,0.5629822401927629,0.5524163295000222,0.5436661859061662,0.4477265784916539,0.451534611780171,953,108020_fnca,0.0100542124903644,1.9999999990719035,-44.39089895071079,0.0100395561073022,1.999999999220285,-44.67453156694005,Procedural,0.283632616229255
108121,0.5659684425251384,0.5345660530285106,0.4843469486142783,0.490907310872486,0.4728658557928618,0.540575626728735,0.4956657166818344,0.6143814394584707,0.6173836718280434,0.5625282348768736,0.5318794082420781,0.5426002472829463,0.5129115634793053,0.6087771786180954,0.6701305140420156,0.5386015611936206,0.6066764176949724,0.49149644193405806,0.5279368919784724,0.5933528022092801,0.5858602277401281,0.5907712859759795,0.415736909298492,0.42251599206662055,295,108121_fnca,0.0100457421702811,1.999999999074182,-44.41330990454668,0.0100096520793665,1.999999999181244,-44.90524639384513,Procedural,0.4919364892984532
108222,0.5609117816990049,0.5157300096095998,0.4569618366516323,0.4752745496691476,0.45553084288748474,0.5507958046617875,0.4908939998139044,0.579600356923173,0.5619059908698258,0.5341826465449145,0.5087441665562996,0.5179170222459567,0.5067066203586542,0.5583991362227453,0.6625965618793019,0.5491322307103462,0.5878540740726993,0.4811749254731012,0.4889416459321776,0.5690658632663407,0.5941382507961499,0.5743978875636793,0.4487802731069854,0.4611551023120932,56,108222_fnca,0.0962909279242043,1.9999989281694792,-44.323028677487166,0.0100000015565878,0.518980105516609,-42.1946672840249,Declarative,-2.1283613934622636
108323,0.5303607899363812,0.47440482092657504,0.42439681721466527,0.43623346011178815,0.3968524473508055,0.44748557259883187,0.4537419152364025,0.5294283770131062,0.5424150793578604,0.4961552628517666,0.483839495065628,0.4627904580049423,0.4755743166248867,0.5380761542258847,0.6284974661537082,0.5126463152494105,0.5769945147655604,0.44210040835900005,0.46905608765068185,0.525701006419505,0.5597196632181598,0.5454134699530749,0.39492463493878793,0.3963135763329212,672,108323_fnca,0.0100618836920736,1.9999999997527331,-43.01973307503411,0.0100097916539038,1.9999999982687,-43.38268045383964,Procedural,0.3629473788055293
108525,0.5567990170816318,0.49193672836938773,0.49524041878254843,0.46553895564442227,0.4469670906868848,0.5483988424066493,0.5076765978730148,0.5497688353198932,0.557203029321202,0.5406871797765973,0.5207091402660528,0.480152696018984,0.46543478643463215,0.5723373396358388,0.639602781342332,0.5521708160151682,0.5590297052954297,0.46058852904805225,0.4762544543504285,0.5519802423530387,0.5594574023130527,0.5666274078563323,0.4295766178738458,0.4444706849499513,641,108525_fnca,0.9371137343309996,0.648720330548823,-32.42007339373953,1.999996498710164,1.723229120577098,-30.65612395952582,Declarative,-1.763949434213707
108828,0.5676080794304228,0.5098984842180537,0.47819982514759846,0.44477526531585326,0.4338477088041847,0.5529703530758301,0.5076968350532156,0.5531901927617091,0.5693130202155366,0.5390800151543352,0.5328414349357841,0.5014286146072956,0.50631847643685,0.5625343937912386,0.6587250076657053,0.525323039491293,0.58097296293655,0.4878512555377402,0.5062351539911893,0.5616528772375564,0.5798139515483848,0.5821206941523501,0.44230171338177976,0.4343294391101599,70,108828_fnca,0.6178909342221822,0.6773607198868866,-36.7668178302828,0.5901046854825815,1.9999999998568772,-40.44289793346629,Procedural,3.6760801031834873
109123,0.5552255691837946,0.5334411706773601,0.47813067992587166,0.4501176625458313,0.4602217977351999,0.5578300953286397,0.5143587181891527,0.5683960814023081,0.5551875729016349,0.5419075677938975,0.5444853306469469,0.5111471359606103,0.5199809328911851,0.5603826524283021,0.6072920566248873,0.5349780779772124,0.5843896936423308,0.5247832754340602,0.48904377444314207,0.5633446231903269,0.5378107050850661,0.5763200772854805,0.46973053526358294,0.4331294220693886,681,109123_fnca,0.5408818738315377,1.0546146853916838,-41.85439634592508,0.0100000022430771,1.1481217279902507,-42.53984621599577,Procedural,0.6854498700706912
109830,0.5326555067622876,0.4975068799291993,0.44777809805386787,0.46630779159786484,0.43639516128361255,0.4942534758412135,0.42306865285245415,0.5461239262448669,0.551218926294047,0.5315092615558493,0.5058425310652886,0.49470891527179545,0.4787300227378175,0.5627862554699744,0.6612389911634409,0.5006339791343657,0.5863556481024383,0.46728354553157425,0.47494306375287365,0.5314294371587676,0.5549029886425025,0.5647817950115424,0.3950215761710677,0.392932200760076,963,109830_fnca,0.7976813352514224,0.5310578048161962,-32.265131976122994,1.9998414908290243,1.3526725132501762,-29.607276194822013,Declarative,-2.657855781300981
110007,0.5460377546859434,0.5421862727168912,0.48942998252258685,0.467944525578394,0.44853621661822685,0.5951952642390566,0.5384056866217308,0.5685078943023754,0.5684054025248713,0.5415899933967043,0.5580471367030335,0.5031718966760765,0.5278612904687787,0.5913870861402614,0.6612447391716885,0.5359529623093156,0.5938557402191745,0.5278516758766718,0.49280751897573416,0.5815187493184846,0.5877583313502999,0.5627463960888432,0.4418651583121672,0.45782691325242925,647,110007_fnca,0.7252333628151043,0.6752280221524054,-35.7038095427248,0.6724237580609433,1.9999895328989088,-40.0720251511116,Procedural,4.368215608386798
110411,0.5614539749992313,0.540631603105361,0.4791883218846197,0.46799310180623377,0.44246320869425787,0.5372268401069143,0.4851773300112204,0.5861571819969822,0.5809802312089442,0.5512105958799531,0.5491671437050577,0.4950918641107689,0.5143412312829254,0.5790442050078682,0.6821452190565636,0.5530977035353112,0.6163012899298895,0.5315861707083702,0.5041609194272568,0.5714254873120572,0.5967899036358513,0.5856208975873737,0.418280630043022,0.4470465858557052,777,110411_fnca,0.0100463243131273,1.9999999992301063,-44.4349018983665,0.0100125655423104,1.9999999994136304,-46.281853872704026,Procedural,1.846951974337529
110613,0.5396631401330827,0.5284567475673523,0.45765328086518764,0.4373844495578583,0.4139245989494581,0.5419460507118548,0.47006995440745347,0.5496566434578293,0.547262975078899,0.5202012712511273,0.5118183524283242,0.48509784551299034,0.5007846181969701,0.5738667711244654,0.6406719831967028,0.5005525113639201,0.5869017000147575,0.49890706455364564,0.49033838888957526,0.5523369917879432,0.5693529610359138,0.5578369824169632,0.40365686606858014,0.42946568329575785,185,110613_fnca,0.3966222039845358,0.4833885104196244,-38.61595529755358,0.461570470232379,1.112066188410663,-39.703478998568926,Procedural,1.087523701015343
111009,0.5428035984291204,0.5355977834496541,0.484667935864231,0.46604952176203135,0.44239882779859047,0.5235594293509387,0.46684500429229425,0.5717048891684099,0.5648123496079349,0.5659128590608496,0.5211171954519841,0.5408636026685593,0.5132648265719703,0.5772514186977327,0.6255740759608185,0.4996732390051766,0.5976701543803682,0.4868938164193293,0.5288054046667198,0.5548973677374167,0.5628536670920348,0.5571633227284886,0.43356061359158765,0.4401821235989127,280,111009_fnca,0.0100442130163454,1.9999999999362004,-44.382775690151504,0.1732654373716751,1.9970477118813887,-44.314971684798394,Declarative,-0.0678040053531106
111211,0.5438378977263636,0.538637317231726,0.44519562563832205,0.46657521169010957,0.430811990090145,0.5614861609418432,0.4687694391500126,0.5788515518784735,0.5837063069427537,0.5362357438815643,0.5227295756493403,0.5105568470905386,0.4979688057419701,0.5779261919683768,0.6555310154588337,0.5238531491994776,0.5986341778969344,0.48895502446038536,0.4905332463009547,0.5572501145840405,0.5795680645381881,0.589590601426429,0.4133240836101217,0.4460352042892385,643,111211_fnca,0.1276171300386796,0.1902091363200684,-34.24027183320447,0.2802456454371396,0.4384580679966964,-34.00422122319636,Declarative,-0.2360506100081068
111312,0.5519827556336181,0.5004003182779502,0.45824496179842195,0.4642698294739839,0.43866650895773157,0.5089668799558474,0.48538173859960315,0.5743578801353212,0.5811905469116677,0.5569883729566041,0.5269610863022315,0.5255087698784374,0.5135423047337611,0.5539529310699739,0.6652016880384046,0.5167241075648838,0.5954124365032849,0.4658132194824111,0.5110704978459462,0.5565468726698506,0.5891976178281925,0.5906193551488805,0.44384318662026295,0.4278316654460246,782,111312_fnca,0.0100458124977882,1.9999999996079456,-44.4149720478358,0.3932514571644398,1.9999999995034563,-45.33370029656622,Procedural,0.9187282487304174
111413,0.5505874982544089,0.5470987207842657,0.44324607772239377,0.479436643870225,0.4461082085512016,0.5667902643250455,0.5112458274877116,0.5375885551989869,0.531986408365156,0.5572538963876564,0.5370600441354508,0.5217268989158466,0.4996620373973548,0.5599050645722663,0.6644586728293261,0.5420746018808995,0.6050920548804628,0.49050450541031404,0.4745548603534438,0.5766180675279545,0.5963313652139268,0.5550733094124731,0.4320814625004861,0.46327928605114066,198,111413_fnca,1.0128736843431376,0.708491932714515,-33.8171156710453,1.9999999999598512,1.3808804897812077,-32.8354612040938,Declarative,-0.981654466951504
111514,0.5215533045602387,0.5118934695248697,0.46581347934609774,0.4571215040838464,0.42632365247044546,0.5160453928923636,0.47171349957916453,0.5625764439600832,0.5534697108788282,0.5319328527774213,0.5172577600333623,0.5212409602218913,0.506896201429794,0.5349495960587082,0.6371067250686068,0.5041382638923068,0.5674524166335159,0.4620909663947701,0.49736436173530807,0.5285599059726779,0.5558345429707107,0.5764312059015804,0.42023090009625896,0.4288702405063474,744,111514_fnca,0.0100000000025081,0.0795661967811395,-41.220241871878514,0.0100162097202502,1.9999999999930864,-43.70723013018962,Procedural,2.486988258311108
111716,0.5660437107386158,0.5390802967212113,0.47914906550786024,0.4886220309453403,0.44720475308844876,0.5321945903608509,0.4741557433336298,0.5852561561800472,0.5947009643795748,0.603729444058801,0.5351547672640983,0.5498513300254136,0.48981686405997116,0.5841454776334378,0.6835035096111488,0.5595984555120586,0.6153860299114468,0.4967947242346113,0.5327471978010118,0.5919200409508225,0.5988017841235631,0.5941495716049171,0.41987703194649584,0.42563775544311866,206,111716_fnca,0.0517050796724095,0.4307588260336605,-42.22665667302278,0.0742722476098585,0.9581869916163488,-42.6323929010168,Procedural,0.4057362279940193
112112,0.5413372243693044,0.5223449380901249,0.4787833762601157,0.46804969096030546,0.4494541005906229,0.5324141675247661,0.48603290579226227,0.5676414372844912,0.5463641907075862,0.5330838077633216,0.512188374795897,0.5009784912115688,0.5005621238969304,0.5592622447134699,0.6470229852024069,0.49581578433926254,0.5868144841181105,0.48724211629950337,0.5044786803843077,0.5514661579822486,0.5632411705482014,0.5668768846147714,0.4214959542459677,0.41475744781751617,674,112112_fnca,0.2040560957845635,1.9999999999992664,-44.248661529346585,0.0327858912857648,1.999999999614668,-44.216645866647895,Declarative,-0.03201566269869
112314,0.5545831889090465,0.5354759851846476,0.4704998780558705,0.4431131254859955,0.45878271004998405,0.557411258767853,0.4775649806259535,0.564033258292138,0.5612696890827262,0.5224451953583338,0.5307776850637389,0.4959051641178472,0.5147291185593023,0.5661277518658715,0.6547412562546626,0.5437726346171182,0.5753637334459138,0.5131734592977145,0.4744827544586002,0.5689774058425744,0.5554588688088306,0.5604066250757753,0.4525207971226132,0.4623664404764668,796,112314_fnca,0.1968068703197848,0.9803507207562974,-43.2403299086765,0.0406897628352196,1.9904415184377584,-43.51499586293722,Procedural,0.274665954260719
112819,0.5478043905909946,0.5072895817556026,0.4381787336172771,0.4816208769261533,0.4421808989023562,0.5327387061229004,0.4902775110917474,0.5347058500572295,0.5259565401795924,0.584051404420628,0.5358323687174602,0.5600876552931646,0.5249597696704645,0.5609037728099342,0.6696661425450756,0.559122923333896,0.5840363411678258,0.46597033035347074,0.5106533521441182,0.5604524517608876,0.5844211046558915,0.5826616259381352,0.4200554809404407,0.42289350559784417,132,112819_fnca,1.016453017302124,1.999999999788111,-41.89025308205269,0.8747325676084743,1.9999999999999312,-42.47733292843469,Procedural,0.5870798463819966
112920,0.5356070241598906,0.5096052196548433,0.45337247678171394,0.44751460203289667,0.42586750219314573,0.5403583402105607,0.49748415395055257,0.5450406137609679,0.5342493910969978,0.5205820779263823,0.5127651411549019,0.4800569368758653,0.4935943190023486,0.5504028085816345,0.6269980344587376,0.5586600325889389,0.5771924450339623,0.46356169669382963,0.49579452302597926,0.5439483152834592,0.575772938026983,0.5519360958047757,0.4376925090882999,0.4679100823726813,246,112920_fnca,1.356470019474748,1.9999999997077904,-40.52785982770303,0.0100010474285926,1.99999999831488,-44.10507792688509,Procedural,3.577218099182055
113215,0.5448089925899194,0.5276984747707276,0.4552424851527045,0.4582990002899871,0.4299979923642474,0.5482827422604438,0.4965484138821139,0.5561880787280391,0.5507792023568409,0.5483223304674919,0.5146564994907794,0.5134604263130802,0.4827463876569532,0.5671980048104426,0.6552534725785171,0.540955983702532,0.5976388581291757,0.4838968053284944,0.4909317940640991,0.5552243441001288,0.585439089234525,0.5826258147304931,0.4442398250499403,0.4492391920996031,332,113215_fnca,0.0100451971244234,1.999999999094098,-43.74548845701948,0.0100118071372234,1.9999999988970951,-44.49885423295359,Procedural,0.7533657759341068
113316,0.5705379672191774,0.5362308198011948,0.48916041120409237,0.440998736423351,0.4430054647910067,0.5751182180981274,0.47621254104818056,0.5401601047633242,0.5442580564366967,0.5000781835540197,0.5206116748845525,0.4518901736428361,0.48143264162085947,0.5581528730358108,0.6330527118040307,0.5397156081959231,0.5622478780953767,0.5202251735552713,0.491783595203013,0.5490966354638409,0.5502713316620881,0.5313313615944992,0.39516189549613,0.4034110318144038,180,113316_fnca,0.1920647820593241,0.928423439188365,-43.69538213656058,0.010000001464922,0.4730798303183115,-43.878589367235826,Procedural,0.1832072306752437
113619,0.5468604963378588,0.5143584768241507,0.459723714873118,0.44108876428123794,0.44429725601281445,0.5341151020067412,0.48670324265682274,0.5437969240167461,0.5378063420760946,0.5238492442723117,0.531837155176127,0.49550775545336456,0.5215244512278392,0.5473117923426757,0.6272152934286364,0.5161023100817054,0.5762076288990757,0.5114253685375626,0.48697063988970607,0.5535794641412302,0.5529961003931354,0.5603428060108055,0.42605932138418723,0.4476648102623519,141,113619_fnca,0.908776858428366,1.755292913129488,-41.2531562167209,0.3730867973169612,1.999999999852389,-42.54129648551357,Procedural,1.2881402687926666
113821,0.5244795415653423,0.5387449850577323,0.49056289694562033,0.453188525139347,0.446472055526532,0.5467403632587248,0.4715147114719941,0.5836705620072435,0.5713756792263055,0.5324188038053816,0.5416162417664417,0.5228804850608985,0.5069129481825537,0.5820073936059513,0.647854736272633,0.5344516594584334,0.593743164187587,0.48207428478266373,0.47714663232618354,0.5647859102455322,0.5688353928099673,0.5751941001406078,0.46229864802483983,0.4589285547048344,818,113821_fnca,0.9904691506237612,1.095206586084251,-38.547661624655795,0.0100000007047463,0.991670456502918,-42.89516405356579,Procedural,4.347502428909998
113922,0.5423992078671366,0.5028588023190627,0.45609575438822025,0.46350730326429684,0.42046387046347505,0.479179239560604,0.4645558518699434,0.5460029921554065,0.5632143435870025,0.5300563381995694,0.5031247441951553,0.49670411135896486,0.49377720031233097,0.5099659748800082,0.6079217836928528,0.520110914830754,0.5548381610993589,0.44996657743005064,0.48356597243797295,0.5335209505529532,0.5356146177353386,0.5497606083986178,0.4501953540299046,0.4126999952459988,717,113922_fnca,0.0100459631995244,1.9999999991763795,-44.426404936456585,0.0100155112364786,1.9999999996757976,-44.86838722615828,Procedural,0.4419822897016985
114116,0.5531389669236958,0.5156830921512952,0.4759727111540856,0.4557368311521632,0.4678334863241885,0.543008216260347,0.5094794311828358,0.60791503440081,0.5946822326430757,0.4984534629493,0.5678679238889066,0.5016493937012689,0.5508260783237245,0.589309347041903,0.6502406212503498,0.5291021681554099,0.5821969738213245,0.528102381475383,0.48193649423507173,0.5581404384036807,0.5795741383829464,0.5654525423131779,0.4370711903356572,0.43598383314450345,610,114116_fnca,0.010053973147817,1.999999999595054,-44.46981104507963,0.0100156911029887,1.9999999992303483,-46.61056466262449,Procedural,2.14075361754486
114217,0.5501676305557357,0.4972847262381196,0.46852831673102435,0.47863741058279435,0.4508470258450199,0.5004145083454258,0.48738556956382334,0.5614614880062054,0.5496285862650668,0.5567420955544411,0.5074730664134228,0.5305425139497966,0.49711691759111704,0.569660178280269,0.6451214084400705,0.542630732331996,0.5802315366233014,0.4532513809891367,0.49083956643113674,0.5623425714268355,0.582864625652395,0.5693553362788223,0.3969814158181954,0.4228488775834613,31,114217_fnca,0.5777678483205179,1.3527748639834445,-42.24946545590247,0.0100000012820281,1.6085697193990058,-43.631781834889296,Procedural,1.382316378986829
114318,0.54710302268396,0.5226626529983314,0.4771304757693523,0.46397112972116916,0.42887897873928454,0.5492086572606385,0.47677516146630805,0.5477253520380561,0.5550153355298911,0.5451557278789125,0.5377056224827802,0.5171180324980011,0.507091715363598,0.563476025139136,0.6396846933004006,0.5359226621185922,0.5930362578715942,0.4811825974882614,0.48562286028877893,0.5614948408946782,0.5726811898235312,0.5671421576055554,0.47927961774386885,0.47371338574552735,444,114318_fnca,0.0100489124113529,1.9999999993499615,-44.379620511900626,0.0100182398593236,1.9999999998561455,-44.520654422354774,Procedural,0.1410339104541478
114419,0.576438554022559,0.5425341987259025,0.49723799370076965,0.47468036306558514,0.4525972193396693,0.5695024317176647,0.5106216163864373,0.5796813919669528,0.5799904472096453,0.5813648039666236,0.5801139389537328,0.5220422156933612,0.5240758902386147,0.5818172052296952,0.6855307310159329,0.5814908795376381,0.5964941842993566,0.5284050909971453,0.5386157213744093,0.5910971645890568,0.5951095132291138,0.6041720387904884,0.4783334187830133,0.49763588350780324,556,114419_fnca,0.0100471390734559,1.9999999997537792,-44.46590069328256,0.0442753425759085,1.999999998808164,-46.15405292584673,Procedural,1.688152232564164
114823,0.559915129524355,0.5157045933510297,0.4534126012297546,0.4812594397513412,0.45188236190476816,0.5237165322825392,0.4712523721644963,0.558538473427713,0.5468474172682947,0.5484950146685231,0.5343809622621309,0.520725921592003,0.5071560662794128,0.5476190319665022,0.6605900371492219,0.5234391112384582,0.5928657874405249,0.48037601384726636,0.473834955179311,0.5505204197882154,0.5740793403437371,0.5769584305651326,0.4282957359297335,0.42777977072149914,500,114823_fnca,0.7308506471434194,1.9999999999698677,-42.77450623454462,0.3501585966107245,1.999999999999897,-43.49595061156723,Procedural,0.721444377022614
115017,0.5376742606372047,0.5193624648962584,0.4520143487199816,0.46011139529451467,0.4341465877409639,0.5590096066940763,0.48252510088499134,0.5570088937656299,0.5417877560743464,0.5576557107005358,0.5134082085538103,0.522263657878978,0.49679125145133507,0.5603174693157484,0.6567954956600149,0.5468260289442367,0.5883328500388341,0.45874759152454386,0.4716346467857899,0.55705616600253,0.5797313007808602,0.5789655848079157,0.41475628175712226,0.43574839470717824,46,115017_fnca,0.8354115132434154,1.99999999999991,-43.117024857919645,0.1319324504202816,1.99999999836958,-43.86270793631068,Procedural,0.745683078391032
115219,0.5606938142082404,0.5308136737549669,0.48080144418703336,0.4355700212847452,0.44880437901065,0.5399138716891977,0.5009783559460799,0.5535339501605766,0.5582121651928864,0.5301395491888705,0.5557906225843853,0.4744925287018921,0.49913131315637327,0.5605062982589564,0.6226255550050761,0.5599583351096998,0.5539498616690988,0.487734590707607,0.473045653889505,0.5464628917783451,0.5415677113645256,0.549520666974752,0.43413292774871093,0.4360255463045581,875,115219_fnca,0.4075724102529536,1.0920793152529984,-42.05654622436593,0.0100000004768584,0.3500553722418731,-38.260236455475535,Declarative,-3.796309768890396
115320,0.5642043097829916,0.5518182584678142,0.46592534395742663,0.4816942572482043,0.4635969791063604,0.5661360827025916,0.5065260505478062,0.5772540599618751,0.5657310511151283,0.5606096853698211,0.547444714876269,0.5204391923821194,0.5435576334532248,0.5760194933825626,0.668683497062881,0.5398524869740465,0.5936109210843599,0.5160547390514696,0.4829744524772581,0.5849593351743717,0.5791892547437377,0.5984233760827756,0.43002694492683685,0.45932387726687096,515,115320_fnca,0.085768905393114,0.6606983200866242,-43.57839758673665,0.4914480674042339,1.9999930200857177,-43.156154993318886,Declarative,-0.4222425934177636
115724,0.5721339253547495,0.5380439991334673,0.4802447569019103,0.47353139042253983,0.4624319577432219,0.5436603312846883,0.46392255542979943,0.5805004496243881,0.5716842475190753,0.5160520105192645,0.5337139970662329,0.4972577391749612,0.5155613691334355,0.569879099693862,0.6491974779622022,0.5578168254312574,0.5865115803073148,0.5190742230249225,0.4777989519789052,0.5574110464681495,0.556258787414912,0.5527374766477559,0.4521378813618398,0.46142440540650603,463,115724_fnca,1.281904538456086,1.0399053799296678,-35.67709908286603,0.2379425146914058,1.0222142547861308,-42.12694076512541,Procedural,6.4498416822593825
115825,0.5756213300797888,0.5095033727193207,0.4962479229300359,0.4727950391609077,0.4679790863387938,0.5169781272634272,0.5055297772554344,0.5767485207554129,0.5780253377462024,0.5418544964253666,0.5088306742501627,0.5144631943119297,0.49583653433747055,0.5677681655579851,0.6703387190405983,0.5150468492874246,0.583801185718672,0.48412161828582806,0.5054244947836473,0.5767735141958019,0.579098227902739,0.566430784482493,0.4086573336022728,0.4134775901550358,867,115825_fnca,0.0386017051587995,1.2002269605719478,-43.62166181829044,0.6332577512986167,1.9999985793556845,-42.89369536427469,Declarative,-0.7279664540157498
116221,0.5634770799306894,0.5429815138631715,0.46380390871991517,0.4805893460702382,0.44252838644714665,0.5304351356175464,0.48659069547850836,0.5751875910112887,0.5625231950219753,0.5657448502753257,0.5497193634164926,0.5354485236567146,0.5051659009253918,0.5727023421232194,0.66868985734261,0.5165549229161283,0.5959639539972826,0.49486557601838677,0.5304884689938116,0.568955329687446,0.6084220470071064,0.5794206335559956,0.4285276628642255,0.45265182952111194,460,116221_fnca,0.0100452520088969,1.9999999995551825,-44.45661487632683,0.0100077565508628,1.999999998862572,-45.04246602692755,Procedural,0.5858511506007176
116524,0.5292465053440027,0.5328826977645833,0.48197971112001525,0.485483354622104,0.44419950148049486,0.5443727131484593,0.499116988389462,0.5632693832930248,0.544769247874832,0.5490481001950723,0.5250333578597334,0.502518080095463,0.49670584556784947,0.5499431256326609,0.6346306494502137,0.5104403714128007,0.5668843112417212,0.45848467466072407,0.48411461717033755,0.5496855675001675,0.5467461976954061,0.5902213455128714,0.433712721459207,0.4229031457700113,85,116524_fnca,0.8123518361201811,1.999972852273854,-42.69417835740601,0.0100000014490152,1.226216946503222,-43.35811876187782,Procedural,0.6639404044718091
116726,0.5494383454270507,0.5090575065195819,0.4788706518607835,0.48114635741395567,0.44376784501084016,0.5056276879848708,0.49031961012017583,0.5820881713965952,0.5745113849840822,0.5513536816502226,0.5211511651673396,0.510981624613318,0.5017433986276092,0.5672694504315673,0.6340752760133576,0.5207569132168323,0.5683324720992862,0.4873828212136954,0.5249812148568496,0.5509589679073944,0.5625034215736173,0.5756682025312244,0.41300302181837795,0.41135495460989174,918,116726_fnca,0.0100458730303856,1.9999999996048277,-43.71570416997041,0.0100195840759846,1.999999999969446,-44.108689515924056,Procedural,0.3929853459536474
117021,0.5522029723156036,0.5307114342378036,0.4637373222093526,0.4644808578620259,0.4357209228049666,0.5624924514951442,0.47954118313407457,0.5459625371480469,0.5428104893095015,0.5467568473157076,0.5135509653689502,0.5184008580724757,0.49753660993820226,0.5639534303724372,0.6627480842201731,0.5441418189778365,0.5923473331928608,0.4818220265187956,0.4941397134309269,0.5579806833035229,0.5772526218601414,0.5614606591451972,0.4290355165740586,0.4500213710739004,446,117021_fnca,0.4666992710315086,1.4831812848129486,-43.008297471810955,0.3267462041024962,1.525369177977392,-43.261406029283584,Procedural,0.253108557472629
117122,0.5581259592208359,0.5343492835302629,0.49881343113666843,0.47551995581397316,0.4609688919895744,0.5175821229531201,0.49502138859606104,0.5831023816658586,0.5750421982310587,0.5611525827252053,0.5462480483069636,0.537166136715003,0.5284744311991969,0.5675991328717229,0.6586689675764609,0.5401906858243968,0.6062650273259579,0.5039961154562879,0.5098973565711438,0.5747452236960331,0.5927584187380227,0.6017266007437841,0.43060805191214124,0.45347861435507963,92,117122_fnca,0.0100572434550946,1.999999998441052,-43.00826102003375,0.0100186225135606,1.9999999995797255,-43.59642193585909,Procedural,0.5881609158253411
117324,0.5541985950309455,0.5102522550841077,0.503776160457351,0.45972158441244276,0.4357298396910989,0.5028297407719434,0.49679360967969244,0.5851923432108113,0.5746369655290989,0.5479953734712933,0.5210887397219902,0.4918426011783128,0.5032693080855801,0.5593734489830274,0.6489347617264838,0.5317268812600839,0.5791286705212184,0.5018436044842819,0.5237088020121162,0.5682826405396327,0.5601997905345675,0.5656601937015462,0.4411985883419588,0.4058412151314473,491,117324_fnca,0.5083218400542933,0.2787915263083225,-27.737118270784933,1.3821092575136067,1.3200614244950055,-34.49110608678079,Procedural,6.753987815995856
117930,0.5533972911638257,0.5299897795353322,0.47400443094320494,0.4732476900607143,0.4443258283719775,0.5896613899020762,0.5447935706472665,0.5590232770759973,0.563213809957047,0.5563154817495927,0.5537710685241202,0.5236089343091748,0.5301763574449201,0.5937357246637437,0.6889182676759966,0.5333850138061274,0.6108381272773277,0.5258057050265785,0.49774149454252337,0.5662167774976171,0.5852675751151618,0.5748192785800242,0.46149509857090265,0.471973275238089,904,117930_fnca,1.6905586261807837,1.9999999991572224,-38.910313351560895,0.8534902684193684,1.5331098531989191,-41.58541651933259,Procedural,2.675103167771695
118023,0.576172442311918,0.5267229492840972,0.4985308879987953,0.49629733924278413,0.4437426253574759,0.5232786094247224,0.4923948999470012,0.5787746161031655,0.5796026424793406,0.5540835915727554,0.531670692903514,0.5366565559822106,0.5285124442669278,0.5686918167421636,0.6715401772079204,0.5603316704370648,0.5999824088376979,0.499466035501561,0.5121816644717864,0.5705491311322569,0.5798633959804153,0.5759599618108566,0.44586770464518494,0.42816547529528504,22,118023_fnca,1.76938095105094,1.9999999992001591,-37.08642460765732,1.2452537133380266,1.9999999998981608,-40.89826670189562,Procedural,3.811842094238301
118124,0.5261007104281081,0.4805298107583664,0.4443503438174512,0.41952809396810353,0.4235537396845842,0.5565022055152972,0.49008598297419154,0.5575191214521227,0.549590282060845,0.50585673995629,0.524310550703149,0.4729861804109044,0.5098143843142905,0.5787684490006056,0.6551636687439444,0.5238971189324009,0.5738993646042972,0.4895545852644897,0.4647783476569656,0.5562735172087637,0.5694026915392257,0.5429318487467163,0.37394771857652104,0.3999452631574285,935,118124_fnca,0.0113154931112116,0.3831490463987025,-44.19961219241368,0.0100331974304332,1.9999999991080168,-44.34540328333579,Procedural,0.1457910909221098
118225,0.5200458511859644,0.5056830290925144,0.473250946014628,0.46745540337046465,0.42671503982456443,0.4975282228457189,0.4963768957280953,0.5337765362842452,0.5414043403900926,0.5374743413309779,0.516065178718633,0.4984237023678443,0.4740164739853335,0.5327278372518421,0.6156032692188856,0.5080818405183279,0.556783371393343,0.47119933827962496,0.519509248456458,0.5133689838792374,0.5467984306680603,0.5531766445473393,0.41774998723765117,0.41846593660123743,360,118225_fnca,0.0100416266176041,1.9999999989800856,-44.38750521210801,0.0100334950093866,1.9999999997239928,-44.59696425120957,Procedural,0.20945903910156
118528,0.5641627638776586,0.5299554047014875,0.44920916315608395,0.47821980071714704,0.43617085818824086,0.5328533623086907,0.5008431302967504,0.5648008808172374,0.5537656931164651,0.5583179568880614,0.5096600767218112,0.520901057568808,0.4938658974024662,0.574326641834899,0.6685689221357607,0.537778401995013,0.5758867142949436,0.5179375601404892,0.5218716422997388,0.5676840789090654,0.579053043022533,0.5685096965390628,0.44482949278138484,0.4467453735617105,561,118528_fnca,0.0100000000053796,0.3697533812611954,-44.1671293071968,0.0100242591236348,1.9999999997295503,-44.23150006992488,Procedural,0.0643707627280818
118730,0.6082233476411588,0.5460238959879776,0.5296777092729072,0.4955754539931341,0.46827128625462394,0.5549588036400575,0.5257815823815117,0.5541878451481943,0.5678127891215357,0.5759028730352316,0.5353807695341042,0.5327948714756121,0.5085230314199203,0.5818278740313896,0.6758852609672452,0.5838583551809438,0.6086171780379215,0.49167292897701,0.5415721824092308,0.5758717077335893,0.5953966520501295,0.6023041702801676,0.45806757459750463,0.4352823173121271,355,118730_fnca,1.2166182637077203,1.9999999996860776,-42.914425239323,0.1938025565792526,1.4238186213992756,-42.87206092893338,Declarative,-0.0423643103896225
118932,0.5455136544585996,0.511375385638983,0.4681774945829185,0.4795557425408398,0.4486561553036276,0.5454423584436269,0.5010886490015285,0.567563354520498,0.5542736867479457,0.5547396773043074,0.5420432539157807,0.508816619184452,0.5014714607019064,0.548183540368117,0.627069729480271,0.4989515228465499,0.5970581388161954,0.479575620017332,0.4908523355571688,0.5693543423983547,0.5669408513546138,0.5907530230047184,0.43308022760514153,0.44040403954291,631,118932_fnca,0.0100432698226977,1.999999999882753,-43.67554113279052,0.0100421179590991,1.9999999983772032,-43.80831562405336,Procedural,0.1327744912628432
119025,0.5608092505742567,0.5525831554394335,0.501917162200317,0.4747035556973238,0.45287439615726255,0.543752513918373,0.4764932292071951,0.5599235193175438,0.5504275056675814,0.578789093099535,0.5179918890859798,0.5240422630874219,0.4843260179250444,0.5811748754554256,0.6359516820276369,0.5804762983413141,0.5683962195479138,0.508834696098913,0.5120962186123034,0.5616974877450006,0.5856552548718481,0.5674634495164677,0.45160534557812015,0.4754261663282009,377,119025_fnca,1.2587074909944165,1.9999831818422975,-41.60973482399645,0.1909940131925659,1.9999999997402775,-45.25516608747024,Procedural,3.645431263473796
119126,0.5645079082503875,0.5428580128316454,0.4906254044152998,0.45443645371792707,0.4668218583532399,0.5659775460476929,0.5229052342205511,0.5549465515847587,0.5557953102008193,0.5379086082195729,0.5485074993418716,0.5184034451376642,0.5326537371571594,0.5935370033550134,0.6807985352905412,0.5207274722570276,0.6472243643441385,0.5273222276319511,0.5070462793555871,0.57822129639183,0.5896461614615042,0.5865178514149132,0.40945624624000554,0.4400501907190164,52,119126_fnca,0.2194041832501508,1.1707580043662178,-42.79155101905991,0.0100023802167986,1.8193949743029367,-42.99311405567883,Procedural,0.2015630366189214
119732,0.49156023837161217,0.49516489458943275,0.45442779694462265,0.44990720098677073,0.43987799505386976,0.48524634553424,0.4795006016944923,0.5526812993091621,0.5532433672208522,0.5144995318606298,0.4920329066785824,0.48143100750660506,0.48765231514024576,0.5468689897402753,0.6201390730103966,0.4794457998092231,0.5626721164819493,0.4721862807854709,0.49877110873128655,0.5125388309950065,0.5392841608292523,0.531928672342315,0.43190944999515163,0.43404296875438925,616,119732_fnca,0.0413089641640225,0.1198465288177488,-58.157671082433005,0.0100000001697842,0.4323590429690735,-44.73239939741392,Declarative,-13.425271685019084
119833,0.577051124197594,0.5554444999436171,0.45257976246672726,0.49108650317163594,0.4520117804090215,0.599559530537987,0.5076263966523046,0.5568357512338222,0.5451818107940788,0.5779615238092992,0.5447112007388519,0.531786464338358,0.517301169165467,0.6046765440434606,0.673777621804862,0.5637329701547952,0.631047177513238,0.5334021228631518,0.5065819316356143,0.5824689910656236,0.6037368901913744,0.6038994899775741,0.4694517492926938,0.4719739795045637,30,119833_fnca,0.010000000005408,0.1130312453437046,-43.908778624205006,0.0100000010848211,1.7574621221830289,-43.943502161877504,Procedural,0.0347235376724981
120010,0.5259108584141328,0.5051151184659418,0.48052003508371327,0.4268834421752768,0.414628645224409,0.4974139057897603,0.4721701064112023,0.5555096131826196,0.5606638439827334,0.5373791226562029,0.5098457167773414,0.49197168477591324,0.49275697732879203,0.5571516150619726,0.6613641413454058,0.5353534815008473,0.6019382705535038,0.478488760161339,0.5130682443442427,0.5615578160842161,0.5664698972922696,0.5660605213726752,0.4100987070593237,0.42507271197458557,160,120010_fnca,0.0120117592611876,0.0460807577639216,-43.00854676737085,0.010000001536922,1.3189065313882422,-44.068969594340395,Procedural,1.0604228269695426
120111,0.5775864104368182,0.5260499022134003,0.5011833628744191,0.4926563923889972,0.45984899969164766,0.5661387618917135,0.4714154252019654,0.5572207107348575,0.55905528606111,0.5936919670925,0.538719427975147,0.5280623025487517,0.4924505584364977,0.5810852747257872,0.6932217929643555,0.5740641485987934,0.6066405827222752,0.4808641147070089,0.5230888529846492,0.5768848352307525,0.599669025853834,0.5896792454302257,0.4779842550899508,0.4752881552004161,564,120111_fnca,0.2289829579089845,1.029298018138401,-43.15312532396308,0.1458606684538698,1.9028267911052417,-43.38433688227524,Procedural,0.231211558312161
120212,0.5556918195476672,0.5420895460286821,0.4635603122773365,0.47056768814142685,0.44764852927168386,0.5618869928787245,0.5122163358202885,0.5613986938980748,0.5611155299953073,0.5624668986149223,0.5460483480078304,0.5180984546414685,0.5194411900336582,0.5567692408175247,0.6664951251520409,0.5417801001587818,0.5901390846694524,0.5055513602025442,0.49098294302590356,0.5532134673797714,0.5795689722460634,0.5935248534247046,0.45556823201834673,0.4457661145530992,817,120212_fnca,0.0100468829786451,1.999999998451064,-43.72436502584413,0.0100154445510668,1.9999999996989692,-44.441926105913886,Procedural,0.7175610800697569
120414,0.5382153590433709,0.48022471024552077,0.4727027150708751,0.46533402249868566,0.43878836617281713,0.45420815042190327,0.5057555288865462,0.5700874176835525,0.5886112925595427,0.5542104497570817,0.5261096030986298,0.5282802720257829,0.5144947767452485,0.5674743315075841,0.6395306748053246,0.5072495635795186,0.5641675580876826,0.45851501369154557,0.4917667238307456,0.5524154839215497,0.565639984586185,0.5719245249078774,0.4424277994458189,0.4225469944713969,838,120414_fnca,0.0100537055131508,1.999999998325083,-44.45513736261423,0.0100165482893482,1.9999999997917313,-45.68300843478615,Procedural,1.2278710721719222
120515,0.570075934962004,0.5367397508527928,0.4930559044610432,0.4942296805353378,0.47176921426969254,0.5376054036645942,0.4937872147066453,0.6067089525100386,0.588524793389131,0.5517938928119555,0.5253580796912388,0.510195508479342,0.5036860130488358,0.5759949373005705,0.6595789003674609,0.5420957362885351,0.6274728226943802,0.48464241523554974,0.5054897506100771,0.5709097742219523,0.5916147289762178,0.5976837178857081,0.44739473294014287,0.443261986089702,482,120515_fnca,0.429721185085278,1.999997937053699,-44.30525760248198,0.6353374435097593,1.9999999190871371,-43.516267674822146,Declarative,-0.7889899276598342
121416,0.5798905039937137,0.5408381694589197,0.5216103804390724,0.4896299123075421,0.4635704942293751,0.5635311698464769,0.5367990741166816,0.5996130072911181,0.5938147979932227,0.569053823065494,0.5299021600516035,0.5233104490377041,0.5019674314861188,0.6045933180617212,0.6858486339940165,0.5783202635769779,0.6021727934679031,0.4917996692813908,0.5327512324412753,0.5985405334969712,0.6267231178787176,0.6269316784876132,0.4634046502594669,0.49094334901889297,128,121416_fnca,0.0100000032505356,1.2298833617227414,-42.973394363553126,0.0100289978854505,1.9999999994402855,-42.952012555025874,Declarative,-0.0213818085272521
121618,0.5530186779027995,0.5291137250614385,0.4538614526392733,0.4813229993832884,0.4471440823488965,0.5338303097479955,0.4845425846926522,0.5720037933068165,0.5565629554333467,0.5663469658780196,0.5305322966791225,0.497016215664021,0.4859165621034156,0.5817592687600162,0.6775629170772719,0.534202249133535,0.6222194554199585,0.5053089916441462,0.5299266017240786,0.558463060185957,0.5999894499535281,0.5877646882488861,0.4166835761965669,0.38355876402812206,791,121618_fnca,1.2238257698766182,1.6256996568303608,-40.02891272842479,0.3162692458575055,1.9807269158842344,-43.360091794123015,Procedural,3.3311790656982225
121719,0.5505717440654274,0.5222662258667201,0.4790663555456243,0.48049248536502714,0.4257636529190251,0.5320602136091008,0.47919914948861025,0.5964500491804796,0.5877290788708704,0.56664560314322,0.5162390389338771,0.5134928151451476,0.4795196096767683,0.5732000608051409,0.6411084934125724,0.5588604575714752,0.5765202494105048,0.4806912025715521,0.5135524254999129,0.5640087495621704,0.5668503218652761,0.5908260639184431,0.4152877938822688,0.45613973020279586,389,121719_fnca,0.0100000000015535,0.2570304694117927,-42.88149666020468,0.0100336311813574,1.9999999997435065,-43.26681683145255,Procedural,0.3853201712478693
121921,0.5524955962898781,0.49365772343615943,0.4842852280348298,0.4701578596232581,0.43324664820748765,0.4894448426209537,0.49556180898528196,0.5985748038690518,0.5954517139529402,0.5656445355451994,0.524139132919243,0.49467608574270044,0.4864298036843104,0.5583378229666414,0.6322527418820759,0.5452678236778317,0.5638855384408711,0.45967673463548925,0.5178515408779196,0.5599127861155209,0.561337712334158,0.5610709713798236,0.4188287752384365,0.4358112518633346,621,121921_fnca,0.4560919400799361,1.2943804497344031,-42.67147791231148,0.3372925553908134,1.6905261574552677,-42.77639218017701,Procedural,0.1049142678655314
122317,0.5497232002280366,0.5400950408464855,0.4923164208211447,0.47628568150703565,0.43760481129297885,0.5421191484067749,0.4910287703863503,0.5570168161854107,0.567833105366256,0.5790013000713937,0.5431188823498077,0.5293315193261464,0.5221626209089365,0.5686730953447047,0.6734746331285953,0.5378924006910801,0.6071960559296944,0.476424934720825,0.5226047228790319,0.557238057239833,0.5962765465360576,0.5879855654856939,0.46261960829537957,0.45929264465055547,554,122317_fnca,0.8650503574031531,1.013670862958273,-37.194170175649354,0.4923904317772081,1.4397614434510544,-37.629058050144,Procedural,0.4348878744946418
122418,0.5411683882306904,0.4819386133809517,0.41779034523499475,0.45757585018966923,0.43566410897853464,0.5333780375453151,0.47911960435030976,0.5627100509823451,0.5442162361663148,0.5249823674514491,0.513973367464069,0.4880914175540244,0.48416187882236594,0.5683282493864352,0.6426631128643561,0.5404997583745066,0.5750075008475402,0.49304033409362147,0.44945947627643845,0.5473922138306172,0.5519243601542516,0.5446710202273973,0.40149314428376753,0.4532221306162487,678,122418_fnca,0.7792137666239808,0.8064286194033422,-38.12592557815209,1.9688225867006208,1.9999999996801152,-37.60984809230701,Declarative,-0.5160774858450807
122620,0.5445223362980862,0.5331439661975168,0.500024299948877,0.4778971220152666,0.45070768826033136,0.5238737057237054,0.5140886612465824,0.580824725271122,0.5646059481921804,0.5220792860509926,0.5161421695701578,0.4979023598133992,0.48558768556427895,0.5576350933210571,0.6696617319351847,0.5096948080984867,0.5872011535201488,0.47311172963297493,0.5072493036829965,0.546278532240198,0.5746392005109273,0.5786666330425876,0.44374462063729603,0.4572887706499913,345,122620_fnca,0.0538208371731537,0.9339371076243568,-44.29530918467901,0.0100157272415729,1.999999999986897,-44.85962682929034,Procedural,0.5643176446113287
122822,0.5744332397606159,0.5020366807820887,0.4572257221409782,0.49015102670980376,0.45893169129012995,0.5383086614930042,0.5049116476429591,0.5820116232532633,0.5776493146978997,0.5572475506762309,0.5269664534648927,0.5173191561510323,0.5012634629679157,0.5899777167984009,0.6539966187194349,0.5524870627593003,0.6214869323207113,0.4822422201233488,0.531671592465776,0.5619121833503822,0.578289983446984,0.5928189893271483,0.4468382281626902,0.4385618591933361,644,122822_fnca,1.3288230288261107,1.999999999964723,-40.54490110333414,1.5190974808468831,1.9999780339635325,-39.91944811718326,Declarative,-0.6254529861508829
123117,0.5613518260350011,0.5418340882936689,0.47339571130261116,0.4718711420628888,0.4446899973796977,0.533326068490506,0.5091939432095312,0.5442802706347137,0.5407129607825354,0.5696404372904351,0.5262991184546313,0.5137524761105197,0.49681381348430415,0.5603200567813121,0.6683821932973403,0.5805859514220779,0.5748606240723768,0.503462672227638,0.5173074627883145,0.562400722904566,0.5719754747828675,0.565114809153372,0.45791769106047503,0.47402698279370464,533,123117_fnca,0.220231974228388,0.526692176373345,-38.67998836658801,0.0858692587892523,0.6347471471943638,-37.89900442978705,Declarative,-0.7809839368009648
123420,0.5640450799643701,0.5522456992364517,0.4892355401662543,0.46002791608311433,0.45667632856808177,0.5363816327778933,0.45995629678745004,0.5728999937332364,0.5761492152902637,0.5264099056263055,0.5514936428926578,0.5004069313510913,0.501904083944266,0.575643251439957,0.6434487736340307,0.5519090527590422,0.5844642344915479,0.5191171622628701,0.47164088393936704,0.577372362997969,0.5773514433531954,0.5660567829279924,0.4346726944338651,0.44955338664775896,323,123420_fnca,0.0100419840609585,1.999999999291414,-43.725532263018735,0.278294617241322,1.9999999289469668,-43.8096378536426,Procedural,0.0841055906238636
123521,0.532912927164842,0.47604450417116406,0.42724215558339174,0.4319421697453423,0.4089528810786138,0.47605991745442006,0.4400062578503707,0.5206841898022263,0.5178960204644301,0.5105422489804821,0.5076106004825796,0.48117331027494337,0.48202327088843444,0.5264968641660468,0.6415123906140594,0.5044716887695385,0.5671889503184723,0.4572238514213315,0.4774172433810828,0.5231730826774456,0.5384031898344364,0.5424260889298369,0.4108878886136549,0.4189694165203451,990,123521_fnca,0.7895795181443983,0.9071490508160068,-39.54524857983786,0.0100327993853623,1.999999999681995,-45.60133282939011,Procedural,6.056084249552249
123723,0.5304410259874452,0.5105411490048329,0.4581089141948361,0.4303875060237384,0.4421864780622359,0.5296952631545873,0.5031903781832314,0.5590935251255782,0.5638628174494983,0.5099536400350624,0.5507402260456954,0.46713698656957797,0.5003028160447284,0.546484571608277,0.6290577927503854,0.5014854832096202,0.5699541225665483,0.5337407029673432,0.46515935028984257,0.5137633934039969,0.5291180510431893,0.5568374362562986,0.41851022922807574,0.4212348589042598,24,123723_fnca,0.0100000274199155,0.0822010509294295,-42.45622510563943,0.0100000025420604,1.4739908994364026,-43.81813981056344,Procedural,1.3619147049240112
123824,0.5544456125893644,0.5328608831633487,0.48681916557454286,0.4690425246200645,0.47233536018454686,0.605374167998051,0.5524006407246812,0.5791680408817913,0.5655717401706681,0.5154879993639448,0.5407266131617205,0.5026720260327227,0.5090020710237048,0.5729485939134136,0.6486411911350176,0.5574849371282299,0.6088950287908176,0.5250449281029481,0.5037756551446262,0.5772168419574889,0.5952066482625483,0.5727984928938955,0.40491024926695035,0.4275240453879807,751,123824_fnca,0.0491223495673059,0.1212163701783694,-42.15807676103092,0.1483362133825796,0.307200574567183,-40.11912059802041,Declarative,-2.03895616301051
123925,0.5565443259767032,0.5260145740318172,0.47047202598525295,0.48020257515765635,0.46083933822724504,0.5756246849410178,0.5231106560192295,0.5684246037738611,0.5571654114260653,0.5725247315196166,0.5479188465900318,0.5027143684265614,0.4844906644076689,0.570911612360918,0.6697824724266875,0.5629571995561988,0.567192854479677,0.48065630679272425,0.49715172547202385,0.5785683553363565,0.5639255604168959,0.5789799219686098,0.4443577725794413,0.41409639511294216,385,123925_fnca,0.0100413420656917,1.9999999989415764,-44.402454309369034,0.0224713858353823,1.999999999025146,-45.61476816895438,Procedural,1.212313859585343
124220,0.5362371482129125,0.5325659566388108,0.4791990947855802,0.44536459780780496,0.4388398903140993,0.5504476026154971,0.4925502611717164,0.5401298961808599,0.5304435394542915,0.513975146562647,0.5159455933430824,0.5033654531795371,0.508679920291891,0.5715803257068306,0.6406440414152808,0.5206104086578481,0.6056456160660125,0.47666194103392606,0.4929146863895159,0.5599216384951248,0.5693920110767907,0.5643367980598811,0.4295559394030537,0.4556627811429442,622,124220_fnca,0.1584471444035043,1.9999994238851249,-44.31013337896498,0.0100367330478939,1.999999999747449,-44.40759540625205,Procedural,0.0974620272870723
124422,0.5719190155985521,0.5293568959242295,0.5127794829638244,0.4792514660662295,0.46233792883311087,0.5410014942397916,0.5269781108036554,0.6089834946108987,0.6027063969947594,0.5856413556689685,0.5594095943421749,0.5358465957527014,0.5287612450354401,0.5853552970859305,0.6617317418643823,0.545572188179075,0.6066845685253001,0.5058472898968136,0.5414914934363607,0.5754789834183804,0.5869287155342775,0.5829710419236257,0.4689279283503323,0.4226918781516293,33,124422_fnca,0.3086289854717381,1.9999941947840485,-43.57479050931454,0.5353218467659256,1.9999999981221133,-43.26922110390022,Declarative,-0.3055694054143174
124826,0.5821103150339142,0.5493039802802259,0.48511599841021164,0.49634697940000394,0.45655790010590186,0.5530990653526905,0.5084914242598224,0.6100668623332048,0.5838419224142742,0.5695773904145729,0.5225389097695635,0.5377724789400129,0.500613973352358,0.5921317286141593,0.6544450162150659,0.5459858026601707,0.6060880016716034,0.4872509377831967,0.549952918725118,0.5879032608575803,0.6059278068376001,0.5851052121488327,0.4412568854210774,0.4470583569302988,573,124826_fnca,0.0133096477497823,1.141790447403731,-42.96340970140548,0.0100342392225853,1.9999999995498543,-43.210178542815584,Procedural,0.2467688414101019
125222,0.5855142400842046,0.540880670984928,0.48556748379825476,0.44824873297398155,0.47800615667917307,0.587560543125809,0.5190914539867927,0.5954851197762392,0.5813040167004392,0.5356968638983205,0.5724695333198082,0.4846761810740608,0.5282165628423887,0.5871582284594004,0.6400839854635394,0.5764996199449433,0.5765285163604378,0.5528915733207519,0.5118245750534842,0.5638714218252266,0.5546582644129682,0.5560383127537036,0.444243181346807,0.46937400959659287,352,125222_fnca,0.0100465814040786,1.99999999922311,-44.39884907280912,0.0100123840160678,1.9999999989253432,-45.017499987027875,Procedural,0.6186509142187546
125424,0.5408464987359621,0.4970335964448298,0.42739353919568507,0.45958546840969466,0.4298637396972086,0.5239485474836829,0.48281520499696257,0.5657277492885975,0.5543536902550085,0.5401272293522714,0.5107619932601102,0.4860142757491316,0.4703490136670625,0.5721216514211478,0.6315012950812362,0.538291149886765,0.5874130623975429,0.46177898887320773,0.4825248614434204,0.5715878081356811,0.56417793814678,0.5594352043590902,0.41668104593346017,0.4518865323784317,414,125424_fnca,0.6843698484663607,1.9956109546232224,-43.098748940024805,0.3430294379916436,1.999997226517668,-43.813351679539814,Procedural,0.7146027395150085
125525,0.5271383460890597,0.5179514116990687,0.4733357213259653,0.47195050200425603,0.4296055992675536,0.5411638674554196,0.4884564952133726,0.5660395175084737,0.5607452269831449,0.5551723133809685,0.5494973840329873,0.5274815618053056,0.5243764277497358,0.558298429845556,0.6594817341559137,0.5158548896750011,0.5993307809040231,0.4692118160035665,0.4901149605412041,0.5451502871853409,0.5918245965374704,0.5751605630422547,0.438648594187769,0.41781107573477505,808,125525_fnca,0.5820697639827649,1.053231234292873,-42.28948831446591,1.400658447186928,1.9999999997789684,-40.96976185404328,Declarative,-1.319726460422629
126325,0.5474655567649607,0.5622906732871926,0.483299957187957,0.4713183020953485,0.45166687513790926,0.5377540151191534,0.5066313124100416,0.5917421691338639,0.5784650301133489,0.5666222598862238,0.5600629673836086,0.5351965907364978,0.5216671585416311,0.5700988200272851,0.7050317674764005,0.5431159853315503,0.5988141952630162,0.5063896804328993,0.5038513319291662,0.5648517679222561,0.5982854077934967,0.5858761269681754,0.4308558019291887,0.4444237521228009,753,126325_fnca,0.0100335735686372,1.9999999995618856,-44.47270557571805,0.3254331319868978,1.999999999999878,-45.77138440217385,Procedural,1.298678826455799
126426,0.5505764301048207,0.4916402758012724,0.4797569432961843,0.47775568191943313,0.4377986942328883,0.5325716869006459,0.486091394507625,0.5756007054178675,0.5544108849569337,0.5814690026673506,0.5086218765852581,0.5288429945187623,0.48197891518042946,0.5671680767642363,0.6641515415442797,0.5080907100245703,0.5911273554251006,0.4638049289017529,0.5114966850344252,0.5612006605990686,0.5798668641694964,0.5888438591604563,0.4070652017024805,0.3798968605351394,938,126426_fnca,0.4263300476253741,1.7627824068953288,-43.92655579411609,0.7210395385569254,1.845496919408235,-43.25077895844568,Declarative,-0.6757768356704119
127226,0.5669450476641558,0.555111466656997,0.4711948809956419,0.45030206973913606,0.45545663841112677,0.5778181359612296,0.5214658836330084,0.5663461221088054,0.547758907009509,0.5514381298216647,0.5652845482705176,0.5101462696921183,0.5252104767158218,0.5729149162037266,0.6541557233934049,0.5247976569802111,0.5822179478702926,0.541745695950533,0.49846960272909074,0.5701391664532263,0.5841284630956913,0.552094665300371,0.4364147580380107,0.44889350762613117,608,127226_fnca,0.0100557983604079,1.999999999815827,-44.39835018268347,0.3477828845817445,1.9999999999999012,-44.77436926508714,Procedural,0.3760190824036655
127327,0.5498302763191983,0.5150229826244365,0.4944197340371226,0.469464282613757,0.4576324184747403,0.5163142957737191,0.4834693617822213,0.574983128108491,0.5764386818388655,0.5385730186276908,0.5027036090787971,0.5094156938887713,0.5037941625208139,0.5675510299017222,0.639748635720698,0.5286716381922076,0.6025224606752128,0.483260205688649,0.5299130141555333,0.5491978758785774,0.5879800170091936,0.568478420328612,0.42235752800115156,0.40105558979006256,226,127327_fnca,0.0104560822174559,0.1003826138668142,-43.492933227322965,0.2697410039476672,1.999999519581368,-43.94045162971328,Procedural,0.4475184023903154
127630,0.5758989301507405,0.5256022773489648,0.5126490201993483,0.4889356816143396,0.46354259906147754,0.5418118442323316,0.5379535637407242,0.5710418804752596,0.5746256736642382,0.5727216050085729,0.5406494057936143,0.521469750579966,0.5229613569325162,0.5793894128200124,0.6247117062047374,0.5624626757138118,0.6061539514585796,0.4784698059829108,0.5405660226438781,0.5760855121029287,0.5969560457734334,0.5681280531248207,0.45597722370812294,0.46165768351674097,929,127630_fnca,0.0100464473895932,1.9999999992421251,-43.03066922687844,0.0100109948095687,1.99999999890679,-43.799660592549415,Procedural,0.7689913656709777
127731,0.5463808538318831,0.5116277170835817,0.4968260728714667,0.4663575934171183,0.45548373035171946,0.527079039296945,0.5132314081779397,0.5956222067715153,0.5967010397568243,0.5763888007966094,0.5477500657426898,0.5178347825764769,0.5261097283878563,0.5699666063592893,0.6608454744922097,0.5244780336848855,0.6125624967180003,0.4784658747528963,0.5300980983668943,0.5722497088960768,0.5908677100420522,0.5917977588240313,0.4256920195505623,0.4109888920146385,302,127731_fnca,0.063861590464792,0.114206412536322,-34.87797503114686,1.3622008069112743,1.999999999363435,-37.76235802222238,Procedural,2.884382991075519
127832,0.5740216877455198,0.5285602159744607,0.4990876431794928,0.49978238023597654,0.46603158601455513,0.5351326264449431,0.51217535603438,0.5855751853776857,0.5722313147896441,0.5808573653198529,0.5504980129622106,0.5050565575126964,0.5096343934196437,0.5761651035753134,0.6590855012985436,0.5868245354346238,0.5878601154504917,0.49322267719635604,0.5323637245758749,0.5913402385303305,0.5823838972037175,0.6027382991735349,0.45682569810791174,0.4763731619265348,54,127832_fnca,0.3417368296121606,1.9999357560458948,-42.558642287813896,0.0977232324360099,1.9999999987264852,-43.55197430167548,Procedural,0.9933320138615828
127933,0.5944098060999601,0.5237861667596249,0.487158000050215,0.4885022951470902,0.46409892379042766,0.5670739646190427,0.5350788089082706,0.5783377966343124,0.5707910114210425,0.5841020728318298,0.5226145248688437,0.5275269953314257,0.48904029469184884,0.5754299170156577,0.6595178237323917,0.5713476213155984,0.603686333354944,0.49705676517451863,0.5462875588393473,0.5909251856194786,0.6063400254929658,0.5759001012035002,0.4417201432496887,0.45145899062788913,670,127933_fnca,1.031085735407722,1.999999999999912,-44.781011483069335,0.3392085932302726,1.9999999999998617,-47.15832077317948,Procedural,2.377309290110148
128026,0.5445223746613257,0.5388565077082463,0.4725981005607888,0.45944952987250204,0.4582399128412786,0.5426392279552155,0.511946319328647,0.5347816429535946,0.5393167364614231,0.5244336472886939,0.5441837169937945,0.49639529838555574,0.5141783303243956,0.553013832211202,0.6415640291808807,0.546419963654351,0.5706632517841381,0.5349137439706686,0.4805799217448874,0.5654857135601818,0.5671823819831391,0.5594686384008436,0.43198792498311067,0.42444025439137745,82,128026_fnca,0.0100001374477642,0.0764815909796132,-44.09683125604339,0.0565768119013354,1.9999999997722195,-44.88455199725393,Procedural,0.787720741210542
128127,0.5627580521937265,0.5038795539211856,0.5242690620441118,0.45056713813007687,0.4389448582610093,0.5226483272423229,0.5012594931477059,0.5606460750698241,0.5797067661125008,0.5675323900212734,0.5325354867895156,0.5395893697634642,0.5325155693782676,0.5662508499756702,0.6386809903627233,0.5505552068874542,0.5840017057690406,0.4817459615552786,0.5284575381711599,0.558136175874363,0.5848452526965962,0.5627348331790974,0.4563063752508327,0.4495182497035849,693,128127_fnca,0.0100457157594668,1.9999999990371224,-44.415045661190995,0.0442046934448671,1.9999999999261335,-45.905224281821866,Procedural,1.4901786206308714
128632,0.5558280970179627,0.5083489887405617,0.48232836536452584,0.48469566158654276,0.4717871652761694,0.5384347869794375,0.5102038100715077,0.5982463109196783,0.5963290865254678,0.5419933153290234,0.5374659292909838,0.5349682007074468,0.5062628326669538,0.5675308679869823,0.6757614566974591,0.566754119512851,0.5968693591103903,0.484427057281799,0.503475773428488,0.5610030499826307,0.5770238275408446,0.6078014702940873,0.45740724170767044,0.42929659898469885,509,128632_fnca,0.4173835434476763,0.6595384276512071,-38.682947016756266,0.4848576570230164,1.868845391322726,-41.305691865040814,Procedural,2.6227448482845475
128935,0.5664230636153694,0.5386601448263765,0.4651748419455943,0.5102418840063145,0.44396221370877703,0.5529989462072019,0.5127032556836199,0.5799644152521072,0.5575601009691981,0.5625206130491136,0.524912083603659,0.5246863873462159,0.4928027855508519,0.5657810982539407,0.6779189232300381,0.5309679699419282,0.6015751067042022,0.5087993804726407,0.5003071088796814,0.5525389184199812,0.5938679344188958,0.6101758462380958,0.45141678149278147,0.4322711351837292,237,128935_fnca,0.0100525983332869,1.9999999992380533,-44.46833321679828,0.0100123894049006,1.9999999989188393,-46.25716125563302,Procedural,1.788828038834744
129028,0.5246169588242913,0.4838032414901434,0.46619915063567946,0.4654254385481281,0.42330830460247637,0.5007342248497821,0.4794036003737897,0.5390802744279484,0.5415142643836376,0.5529217063866135,0.5051185744958583,0.4984984209157524,0.4882753333618829,0.5374334319441664,0.635082818925913,0.511754365768143,0.5510623794641656,0.44726715610097345,0.5099796229515572,0.5371301202430064,0.5528548282686107,0.5427016255270882,0.42743595641035403,0.4166980343288994,969,129028_fnca,0.0181543499265941,0.5044664336025327,-44.29382976236012,0.0100383749286548,1.9999999991115789,-44.48635006711862,Procedural,0.1925203047585029
129129,0.5540951922399484,0.5588367179586876,0.4352282890376853,0.46674429874243406,0.4410735773202956,0.5614513560934085,0.5190222190901153,0.542591276169791,0.529298298101605,0.538318743691896,0.5138136128235836,0.5078637490945662,0.4892866439922928,0.5579870078493864,0.6517284982750995,0.5099419183946593,0.5927282332392254,0.5264650303480456,0.4745242824505915,0.5653188263516357,0.569234821440263,0.5764544886268221,0.42061586053579786,0.44740751442543536,346,129129_fnca,0.0100300179674946,1.999999998820824,-42.28493962759746,0.0100141028208113,1.9999999992198525,-42.74732150136841,Procedural,0.4623818737709513
129331,0.563354835079092,0.5036603805779983,0.46118207681643836,0.4796398474737294,0.4638868956816897,0.5230708408082485,0.48805230042553327,0.5621815591941819,0.5534991291941038,0.5546374588624546,0.5120615194292661,0.5373047459354422,0.5131122820562959,0.5625271115116296,0.6622259155138637,0.5304297706032806,0.5909320655540944,0.4843855476358069,0.4771730438625291,0.5724727901495893,0.5877061839338398,0.5775403873439587,0.4067272369343511,0.4478040859698973,687,129331_fnca,0.0100000662187008,0.6963969383374095,-44.34876823188457,0.0100271150940292,1.999999999799373,-44.78573724417308,Procedural,0.4369690122885075
129634,0.5353834201997515,0.4988652811653849,0.4570882068455769,0.4574299036170865,0.4332279785973014,0.5279908872681063,0.4660684786919622,0.5812757154720564,0.5629608550710634,0.5229463462974138,0.48725148554247044,0.5027885613800037,0.4840410410615227,0.5785505172840295,0.6579811762541888,0.49733840224516723,0.5827440153433758,0.4973052539459313,0.4853404080403937,0.5568903471350385,0.5646793068122897,0.5776416032400847,0.4103944019284755,0.42051444016752726,880,129634_fnca,0.0100000963902946,0.1007387114592457,-43.16651523755271,0.1232470224205849,1.998600849240535,-44.208295489505616,Procedural,1.0417802519529076
129937,0.5651247102179032,0.507763605237401,0.4524499688116055,0.48314470783621083,0.4538718221742479,0.5381539545754136,0.4995067300550108,0.5623057546077004,0.5616843316792809,0.5419285267759609,0.5220303825554865,0.5063950194955549,0.49615814234695177,0.5863833839965943,0.645380055620629,0.5604417502230225,0.5952489166299508,0.531139630551441,0.49367179329718897,0.5892961490181918,0.5871733888247824,0.572809916482338,0.4266199004522672,0.4259800301538801,728,129937_fnca,0.0100455750083821,1.9999999991241608,-44.45847999327313,0.6722999257109713,1.99999999999987,-44.23305499567208,Declarative,-0.2254249976010527
130013,0.5804739203215462,0.5606980825132238,0.5098891133120267,0.46894731521886224,0.45793402331109634,0.5708463218255698,0.5169949239365867,0.5816214128907897,0.5789695979012478,0.5744571365990885,0.5653232400553695,0.5437649883039455,0.5445885395070057,0.6000740614674543,0.6567570519258736,0.5657357288630276,0.6241530630611961,0.5136539916022195,0.5435477726805709,0.5856522628022995,0.5921543013432558,0.6163272846309417,0.47168122389572503,0.47984112698357045,844,130013_fnca,0.0100438300899163,1.9999999997411744,-44.37190655868691,0.0100141330274434,1.9999999995242743,-44.98767526530784,Procedural,0.6157687066209192
130114,0.5540548349235731,0.5451703576836596,0.5040728973228407,0.47223710811983566,0.4378146391900328,0.5397203521299629,0.4949388097600342,0.5413519659696887,0.5094199825358016,0.5535187841471628,0.522697395905726,0.5332389547437957,0.5017018758461904,0.540830360242198,0.6581515963768154,0.5601552953754882,0.591082810703602,0.48860342274428425,0.5346981308280118,0.5595555957254795,0.5760170963942653,0.561148061630308,0.4215576204231332,0.4545588054041875,174,130114_fnca,0.7900269327193704,0.6259561397281312,-36.10232024163493,0.2012831875993493,0.4049467188512093,-35.537582019064466,Declarative,-0.5647382225704618
130316,0.5432742753954247,0.5020932422177382,0.47023497535660413,0.4845917923172815,0.4412702295286312,0.5328109375436901,0.46699340147752916,0.5603664765481365,0.5629169845440471,0.5638817653885991,0.526487705258933,0.5409342911218122,0.5078590119281395,0.5679214635132975,0.665080872581783,0.5499811731905416,0.5838560498625863,0.4669804838957055,0.5057414173336112,0.5627803918825708,0.5743034075907224,0.5697859552625455,0.41931252222766074,0.4245829096152788,830,130316_fnca,0.0100466311333051,1.9999999992530353,-44.4091466288333,0.0100307233402428,1.9999999994741515,-45.31646029568345,Procedural,0.9073136668501504
130417,0.5384345765343197,0.49302084221392034,0.47409642070735764,0.48627248617783125,0.435900984674895,0.5341930075798086,0.48745140885698346,0.5647032989892924,0.5686098737476061,0.5325031466905973,0.49921649826366254,0.4921491500113421,0.4733579985495012,0.5268661624225112,0.6488075657020996,0.5110041141343296,0.5621702996510427,0.46289395892575336,0.5166204892037323,0.53899625966217,0.5398539326640442,0.5668363347638721,0.43150804787480807,0.3913775030867239,151,130417_fnca,0.0100000029407633,0.45656821592678,-43.66158411084864,0.0100387754610966,1.9999999992016793,-43.835644551070814,Procedural,0.1740604402221706
130518,0.5417280453432264,0.5061756517597626,0.4293493843723345,0.4817875157040708,0.44565145029516257,0.5427488363596639,0.4983325161416095,0.5502271014229682,0.5404080358824976,0.5649152724789795,0.5257666059454312,0.5305094670802036,0.5011167034020244,0.5576541519043061,0.6505980994456323,0.5463753396954771,0.5863180743277181,0.460276022145781,0.48887664307394174,0.5454010827291794,0.5710897322740833,0.5776102810213221,0.44707274579486006,0.4307326425976112,292,130518_fnca,0.0100306494872331,1.999999999432324,-44.397282793615794,0.2137095266720297,1.9999999999117477,-44.45815434386317,Procedural,0.0608715502473771
130619,0.5473034717388339,0.4999613574784552,0.4720403032633411,0.4636814357358696,0.4516604972241002,0.4929282833565328,0.5016168850308217,0.5600493646620557,0.5747826444116348,0.5326192488683467,0.5155129202574755,0.4953558903996749,0.47741919591149035,0.5634736595029707,0.6620275585533641,0.5367403537818205,0.5976569725834499,0.46977763937196115,0.5214474522286303,0.5627208937863204,0.5805403783609329,0.5793296183354452,0.44771771736159843,0.4384139273518267,746,130619_fnca,0.0100437501248833,1.9999999999321312,-44.39542768170928,0.0100086754972659,1.9999999992209907,-45.47965348568902,Procedural,1.0842258039797414
130720,0.5491545604785497,0.5342929567549775,0.4487397609752914,0.4451353320965029,0.4478170858521061,0.5642216793815656,0.49263018493224714,0.5506815213613548,0.5656103521013479,0.5310248489419377,0.532121170158574,0.5013685473374527,0.5064256314593165,0.5674812572147855,0.6394544208758762,0.4960337642696318,0.5842404447594215,0.5216180809623298,0.47210650919080704,0.5476175056912765,0.5669568245804384,0.5613269980328098,0.4140235256410106,0.4502892057045139,640,130720_fnca,0.0100000000433739,0.0618048428930819,-43.785698829483806,0.0100354525206886,1.9999999990243795,-44.46792773358989,Procedural,0.6822289041060827
130821,0.5338416105258945,0.4912996944293239,0.5025667958326067,0.47279112940409923,0.4589503696629704,0.5163932427695211,0.46985147392792825,0.555442939709751,0.5423962013808359,0.5373019415072418,0.5220528808519856,0.49452327630858806,0.5141399711315464,0.5522343159172486,0.6409151095031551,0.49893703498222947,0.6414114383862615,0.4745269466251906,0.4916073433487354,0.5705941465080246,0.5632236392829608,0.564507038417185,0.3901970182313098,0.40812124690715224,195,130821_fnca,0.3103314807298079,1.612028400796362,-43.57907764669344,0.4334871862527649,1.9999999999998956,-44.14988418062347,Procedural,0.5708065339300248
130922,0.5838277113608248,0.5404513035103815,0.48569647661724047,0.5075283299582477,0.45753899384694097,0.5580402614925355,0.5133082871011491,0.5816818501243511,0.5704374426746804,0.5874170092265883,0.5371951756775603,0.5445768180233759,0.5072759609329673,0.5770997824993884,0.6843852967232771,0.5678653957623347,0.6147825919954892,0.5119684303366036,0.5288213012288846,0.5982181289589757,0.5822174729487094,0.6052187493427131,0.42810762075718933,0.42829444247853354,349,130922_fnca,0.0100436107971509,1.9999999999023088,-42.99404849231951,0.0100016445462963,1.9999999995771771,-43.89953818323621,Procedural,0.9054896909167028
131217,0.5465073267419753,0.5519749310960314,0.5079399492519404,0.43535816522986104,0.46362546392940546,0.5273230641658471,0.4909189185741612,0.5766348865890777,0.580958318194632,0.5374236903581532,0.562409269171414,0.5346455709758593,0.5624373986657148,0.5852058573480123,0.6799015177382343,0.5035309326255795,0.5975401393398866,0.5544925972627839,0.48850585294218263,0.5602523589753777,0.5710526343378886,0.5652633429146275,0.41808644075953066,0.442765237301358,236,131217_fnca,0.0348217999868366,1.0768412458863086,-43.53489547165504,0.0100121533108018,1.9999999992035309,-43.79889041422402,Procedural,0.2639949425689778
131419,0.5449724716207949,0.4880140087068668,0.45095401724318956,0.47381774877161137,0.46142031178975484,0.5092709977795256,0.4986048981952444,0.5724048009701682,0.5621904855455881,0.5514891826347624,0.533713934306009,0.5361276795423433,0.5237672195415222,0.5597751206637791,0.6541074923758806,0.5110427466485891,0.6151930863921156,0.4804631616595805,0.5007279753270828,0.5576127699288819,0.5934571430729848,0.5759761053743246,0.41869084116645644,0.4169763216160212,761,131419_fnca,0.0479317741826168,0.3269805632329061,-42.08667265729023,0.3192298036505963,1.0550629280449184,-41.799232078257745,Declarative,-0.2874405790324843
131722,0.536257873455652,0.5168287932750921,0.4571968900875543,0.45864953007055975,0.447783309039776,0.5610861687971846,0.49009648478080403,0.5706002577127436,0.5668537361536677,0.5319700591968978,0.5152385426132047,0.4997105077687719,0.4891355112476335,0.5669906349417917,0.6511450056866095,0.5472101240030114,0.5714196791174502,0.46635679275093317,0.45998544565785443,0.5469888209727951,0.566463756578556,0.566559953625114,0.4352181112231981,0.44383388763654597,344,131722_fnca,0.7655695131351477,1.999999999790932,-42.84160772176168,0.1091301052742288,1.9999999984464845,-44.92090216675777,Procedural,2.079294444996087
131823,0.5196847602129975,0.5077249778955558,0.4681678693738957,0.4415604200438151,0.41548712551121275,0.5109817220212638,0.4785574157213272,0.5649959385073757,0.5586890687738287,0.5316897016701314,0.5078037204748058,0.5009074427808283,0.4994899280977706,0.5659267685398874,0.6633316605592584,0.46441765530194884,0.5690974454887797,0.4590038323278044,0.47683146246205643,0.5458584635105503,0.5549579070179527,0.5771774886542245,0.43736407648827574,0.4122719416546652,780,131823_fnca,0.0100472475242348,1.9999999984065744,-43.72045044896739,0.0100228905853391,1.9999999996148397,-44.41082799712543,Procedural,0.6903775481580396
131924,0.5614912577346145,0.5414129800978446,0.47186997229418665,0.4520368555616637,0.42364435722787364,0.5293608423890159,0.4527352074748818,0.5832056088374226,0.5816080657993412,0.5552975507459963,0.5271065753236658,0.5315593866606079,0.49949403069440196,0.5579979743647601,0.6645495886407627,0.5516600719441691,0.5811576706095634,0.4941713906257298,0.5094181484949257,0.5473391567907588,0.5688820307926986,0.6136385705776811,0.42867802957185686,0.45009426211266096,224,131924_fnca,0.0100000019702337,0.9990873689950877,-44.34811504175871,0.0100403029930694,1.9999999990357769,-44.27491022775354,Declarative,-0.073204814005173
132017,0.5522537464693709,0.5377624108071773,0.4988883756514536,0.43679162742312627,0.44391255008767727,0.5415825010240221,0.5126185949198312,0.608447235407632,0.6093432358391929,0.515779290939587,0.536106401324431,0.4954262871789051,0.49664868920460825,0.5883767138183446,0.6418845634913244,0.5195397861494214,0.6031393290855904,0.5048724710334175,0.5145484808175219,0.5706408427762109,0.5991338160200698,0.5574443289775517,0.4260429290091977,0.445432107239395,119,132017_fnca,0.0100381957325418,1.9999999996091748,-44.40238783403957,0.010014182981542,1.9999999993302564,-45.2373300252406,Procedural,0.83494219120103
132118,0.5343586267873189,0.5069442157350532,0.4933929663353838,0.5086013338567708,0.45202954585669325,0.5327222252642579,0.49771850907692744,0.5748756849562084,0.5750478964215491,0.5749575786361606,0.5369267089941947,0.5697344265428353,0.5222421049307111,0.6019476302582497,0.6670631999534126,0.5330021046981173,0.6223015882267267,0.4920182283618883,0.5183883854203303,0.5916065607411,0.6002134203455456,0.6069996830678113,0.40538245437961434,0.4728742837212513,333,132118_fnca,0.7446295613442436,1.0217451436452245,-39.01009200143519,0.1118019197835836,0.398700883397492,-39.53457982658472,Procedural,0.524487825149528
133019,0.5581906994998422,0.5206983186831657,0.5069760598293788,0.4804224461736994,0.4596648923161624,0.5326654601310823,0.5030670249693062,0.5864388144469541,0.5797936175225603,0.58250181274494,0.560775439025776,0.5356269551017033,0.5338341929790098,0.5750425582225371,0.6549783834784515,0.5716531151271989,0.6010515849816779,0.5005475473053762,0.5406491899200511,0.5694553151256191,0.5824125201046297,0.5807408049456071,0.4476457787784339,0.4532790864410062,794,133019_fnca,0.0106745475011478,0.4371420343384614,-43.64179529406877,0.0403480617832888,1.417094139921915,-43.52753285435518,Declarative,-0.1142624397135847
133625,0.5259682201965236,0.510502857608572,0.4511298605719115,0.4487545585985412,0.42809333066946464,0.5181023685277375,0.47654579150604576,0.5409296847796607,0.5334512444839821,0.5320884217217742,0.5157101657975435,0.49399702737148765,0.4892551629615338,0.5649771563796996,0.6480354671682855,0.5191509680047527,0.5552177785633532,0.4533057224516338,0.4660984485854811,0.5371346054569703,0.5548975944829609,0.5491975589803683,0.43125731568724396,0.43884983497486163,789,133625_fnca,0.692010540184394,1.334177745131927,-41.324331333313694,1.1985228057090027,1.9999999999444704,-40.6910221757939,Declarative,-0.6333091575197969
133827,0.5555572898602116,0.5475020594949065,0.4769182605180899,0.44417752842595737,0.4350938017127302,0.5280959688864563,0.49895237062379827,0.5456474591454508,0.525385479952163,0.5502587436947395,0.5434004782019497,0.5084616098049632,0.5027721098741292,0.5504746382068055,0.6543819087651792,0.5528545779448498,0.5753032087867449,0.4979914563231662,0.49197992020253273,0.5578641517861889,0.5523358114512611,0.5747025858661428,0.43897294344707904,0.43698992950693044,192,133827_fnca,0.2461331919191916,1.9999937288569671,-43.6420370223298,0.0100172276063065,1.9999999994328088,-43.609529378956246,Declarative,-0.032507643373556
133928,0.5488773607033084,0.5093500201910437,0.47183314345311045,0.4536150356829519,0.4333130638842326,0.5024003399896848,0.4830217514512121,0.5601563984336269,0.5657304142327162,0.5382324238338153,0.5305199963818465,0.49177579986854136,0.5062379323494732,0.5685709186367753,0.6410799867948803,0.5189982338894992,0.559469997678083,0.47151786334482504,0.5067346981617447,0.5433415963787293,0.5488010006693472,0.5859003374794406,0.44467468537830457,0.42669846948313306,262,133928_fnca,0.7720278142075035,1.999957860987172,-43.35516210322161,0.9835438172558444,1.9999999999998737,-42.74678286771629,Declarative,-0.6083792355053177
134021,0.5237329585865264,0.492724359977155,0.47222209409270843,0.46299843155364806,0.44693227446945755,0.5429613875557686,0.511938475233032,0.5697664536370071,0.5674209999979274,0.5545432575631303,0.5433146806933294,0.4860693176312292,0.5025159680870716,0.5324761230654858,0.6350372692471132,0.5120272317152312,0.5537549593170596,0.46751513640118375,0.4798197194463319,0.5397426640919146,0.5392438502175746,0.5635292363108932,0.41213049068714674,0.4077660089593975,587,134021_fnca,0.5604047914715848,1.4110687956734589,-43.127290059606395,1.0963852195759418,1.999999999999872,-43.13905871585674,Procedural,0.0117686562503465
134223,0.5434370934321615,0.5194978068492335,0.4720031756069041,0.46121118250126153,0.43790851909887624,0.5445384631151549,0.5015697387983886,0.5639446778621907,0.5768557822301813,0.550523798953034,0.523467329547237,0.5121466149048683,0.5119245970567688,0.5647717667359856,0.6695884941457533,0.5182462966655094,0.6036011182465169,0.4886246510079416,0.5031609347172274,0.5732992659360343,0.5774900321480856,0.5970869483701385,0.43157697855985133,0.4271055221398701,425,134223_fnca,0.0100000000117763,0.1771571586863178,-43.91503444143473,0.0100088390588615,1.9999999988566448,-46.21523912143648,Procedural,2.300204680001748
134425,0.527559151413818,0.48993769250589225,0.45927466212136614,0.46528917994949587,0.43322328968466,0.4721932548372599,0.4629016984004313,0.5746891886335268,0.583485575167681,0.5438254423937313,0.5303074985292946,0.4953544300224108,0.502614620693016,0.5523381781522155,0.6460017078993645,0.5218698449211228,0.5818191275674214,0.46833844339013025,0.4815923180209263,0.5478958989185914,0.5694650121400953,0.585525598930464,0.43340577070823194,0.4102171245269184,380,134425_fnca,0.2922499109203756,1.999999998970886,-44.19047040297879,0.1950428836027629,1.994821519853306,-44.3588079525601,Procedural,0.1683375495813095
134627,0.5320886961355867,0.5282546718884295,0.47329253332538535,0.4610737616028743,0.42888650233793263,0.5528627175809742,0.4639117826586667,0.5786180780959268,0.5535097171435125,0.5370913127177617,0.5063762799498861,0.4821635977936916,0.47326036233366026,0.5497287293830836,0.6102331653109602,0.5118705726148459,0.560069734063114,0.4818320073965948,0.5043510951076374,0.5562753093728854,0.5672244512119812,0.5451578453052544,0.4289489444887176,0.45214318659903313,635,134627_fnca,0.0100002220641931,0.160627819724228,-41.725352603555926,0.0100214248995169,1.99999999931984,-42.88856221221265,Procedural,1.1632096086567216
134728,0.5298827463603258,0.49187454302720157,0.45706593471283247,0.46512804677190295,0.42113148455401794,0.46801743841597515,0.4481743116486422,0.5571229105130072,0.5513049731409195,0.5461975753725509,0.4955027766289903,0.514564888959181,0.484307351536033,0.560349195674039,0.6494859040645962,0.4965980917897631,0.5845148222115114,0.44843677112842817,0.4804718213235425,0.532749618196017,0.5494910159991239,0.5490237205461732,0.4394485034394085,0.4083441350182247,878,134728_fnca,0.0100424225328795,1.9999999993738904,-44.39448280552777,0.0100036561929232,1.9999999982942904,-45.41503475912042,Procedural,1.0205519535926442
134829,0.5656017198762957,0.5297585741942133,0.5116745986443659,0.48949611332929044,0.46810931764278524,0.5539903888102763,0.5045236473090576,0.5799343205438672,0.5622970979185191,0.5598349345584471,0.543684773754478,0.5074580942444976,0.49389398001122714,0.579259778124892,0.6469625103928408,0.5197454564997576,0.5912150951432841,0.5021268893402645,0.5352914877794138,0.5928840650220121,0.5838493471175545,0.5907576685026674,0.43650344457913476,0.4443897271621149,440,134829_fnca,0.0100000000186896,0.1942769972747273,-43.956536787845224,0.010034868659154,1.9999999990503303,-44.25837054377825,Procedural,0.3018337559330248
135124,0.5478237606904812,0.5187168170742044,0.46933929632745625,0.46645524515682596,0.4381309995792875,0.52055434351998,0.4775712175942419,0.58051581834645,0.5680680031038383,0.5564216597377615,0.5371810701024897,0.5242975431576541,0.5062609628236998,0.5722611014641208,0.6704543890741244,0.49558306609953556,0.5919057259521565,0.484889850136676,0.519048189071937,0.5533846667741333,0.5683807160563709,0.5893697287631801,0.43116528292674444,0.4486388819412538,626,135124_fnca,0.0100001016802145,0.4657074512447794,-44.34698173519919,0.0100201853081888,1.9999999998601476,-44.867375905465174,Procedural,0.5203941702659804
135225,0.5612580422665294,0.5176617036649074,0.4475043988951436,0.4700436585929573,0.4307547537735969,0.5450103804941975,0.49696949293700576,0.5854805111790756,0.5668776492712523,0.5652129603336323,0.514103489858736,0.5482921260838861,0.5004129902509595,0.5685330139097267,0.6726191485987263,0.5627688326674106,0.6316393995655335,0.49812029095732085,0.48013477298106083,0.5652417690068545,0.5836216809588811,0.6074292669212575,0.435191283709975,0.4502311280958818,58,135225_fnca,0.1415972816181891,0.9973498204747772,-43.93763972868593,0.0291806986078241,0.5731057954239064,-43.35619828599528,Declarative,-0.5814414426906467
135528,0.5669170148695631,0.5176127585900479,0.45430546090524204,0.4946264742983141,0.43180713635127227,0.5466527957722654,0.4987115541518458,0.5871051205290456,0.5727890236172286,0.5497770304819679,0.5108406897168808,0.5222062292852006,0.5069507998230861,0.5696438983571198,0.6611497429352923,0.5582936201692811,0.6229180662076879,0.5099329635330018,0.4955577212557211,0.5548628845128606,0.5897025362376169,0.5937343487656191,0.4260175938064015,0.3921928199668431,861,135528_fnca,0.508144256915097,1.9999999995324624,-43.2245072533939,0.9360703950306608,1.9999999999999152,-42.79754691016593,Declarative,-0.4269603432279751
135629,0.5783165682746979,0.5252900977721966,0.46873648041404403,0.44141713710184693,0.4577807455451194,0.5562181488947943,0.48722808806126205,0.5868244261042613,0.5825516469983485,0.5037119941674156,0.5689296799763229,0.48039408798469424,0.5247802073948628,0.5642031631268156,0.6575842667457765,0.5499829726189617,0.6042022075923371,0.5127795901012795,0.4836711980699909,0.5603155050790155,0.570745598239635,0.5929938395486287,0.4215198582349728,0.4318375604740277,448,135629_fnca,0.5450678001755132,0.5684102392048669,-36.7981225772302,0.3289756463101891,0.9959704451245092,-42.115462821979115,Procedural,5.317340244748912
135730,0.5299096665933178,0.4973063374835197,0.471521954256757,0.4394731647040326,0.42987891608800877,0.5415579079702133,0.4851935671444279,0.5665933539499143,0.5632443605681585,0.5183763267722564,0.5255507303071358,0.472403507518883,0.5008553253149041,0.5460792377139787,0.6417762915918509,0.5062367443986846,0.5510906040980624,0.46797117542902433,0.4811424898328617,0.5492995478702961,0.5509479907830599,0.5557315325656635,0.432693810648225,0.45288003075112315,59,135730_fnca,0.0100446732903281,1.999999999994503,-44.391237944306994,0.0100315413250218,1.9999999994971136,-44.386711182484405,Declarative,-0.0045267618225892
135932,0.5651730872729998,0.5104674464143045,0.46744858137598405,0.4752412988123131,0.4368633793160159,0.5354752099068721,0.5141902177682146,0.5870348103279592,0.5834197241549688,0.5532479252732623,0.5374696034131847,0.5163737232754482,0.5132312415478831,0.5749149586318987,0.6511117325072573,0.5661981324885481,0.5941004054871343,0.49418685506806637,0.5216862418064674,0.5689324889641018,0.6035092332968006,0.5730533720611107,0.4554891563360976,0.44050696606863154,921,135932_fnca,0.0100460541882117,1.9999999991578437,-44.41036867451846,0.0100350699143669,1.999999999718947,-45.10930585655354,Procedural,0.6989371820350812
136126,0.5409872210112875,0.5126813867057365,0.45923780672295883,0.43997317099637745,0.41896806543085147,0.516387467002555,0.44916506262938244,0.5276025747042093,0.5230828675561147,0.5284455289016629,0.5056704703241038,0.5059247177514637,0.4852530180816626,0.5478703163984862,0.636363383298302,0.5059216000759964,0.5805133529121005,0.4829075393991932,0.4904709480663741,0.5275205290080085,0.5484144528054169,0.560564546287861,0.43961259550934256,0.45085232593340147,16,136126_fnca,0.608291943697005,1.3013740014727215,-41.554477225510645,0.0100000007047463,0.6949621567608526,-42.9883925732128,Procedural,1.433915347702154
136227,0.5339774135468055,0.4935965308957638,0.4338935777088725,0.4459070367760664,0.42596445029384156,0.5221131278624754,0.4686672732362207,0.5434064994476949,0.5501956936059235,0.5314832689849183,0.5060473437837748,0.4778482359679435,0.47065884016394877,0.540251097380007,0.6398374278217202,0.5081754870453503,0.5690978957140084,0.4635867681320766,0.4859052661954311,0.5406750682147734,0.5606293714671738,0.5518930286933303,0.387015972080735,0.4204430570491234,600,136227_fnca,0.3798492288421264,0.659751197494029,-41.34746436293942,0.1453876311301473,0.7324993062075007,-42.67143664764031,Procedural,1.3239722847008937
136631,0.5773266667637027,0.5131374264822711,0.47073361946063697,0.47244349365158955,0.44514271325588356,0.5139274390918801,0.5088758369287103,0.5363736865638152,0.5484090806805849,0.5732771682919406,0.5413623703507943,0.5264369326279541,0.5182509600501819,0.5748687804266934,0.6577934782976642,0.5550682637452534,0.614179609522007,0.4882330825269876,0.5083177112471357,0.5608223955568234,0.5973395057555885,0.5761359078609515,0.4501066502430694,0.4352480582793866,983,136631_fnca,0.0100469180594959,1.999999998431194,-44.39774105101933,0.0100085496657107,1.9999999989091832,-44.85197921341739,Procedural,0.4542381623980631
136732,0.565211085423436,0.5185115305018568,0.5232936355488659,0.5047753466355269,0.45770097706249907,0.5136985993594141,0.5041784248465782,0.5743311985514691,0.5522854450252261,0.5820961158000931,0.5282556056800451,0.53734625534141,0.5188803709871881,0.5865281995029757,0.6645877739232732,0.55683874615651,0.6100884610453234,0.49063315371333177,0.5414323042735326,0.5778344931324234,0.6048950612531862,0.5725268165142517,0.44963005513821125,0.43651787419323157,599,136732_fnca,0.3945344961751373,1.9999724364869411,-44.19601030349993,0.0100280965278821,1.9999999999083935,-44.740990383068706,Procedural,0.5449800795687736
136833,0.5691475733332,0.5252263432413744,0.4781500724244456,0.45433098340082323,0.45713437475573243,0.576444424513966,0.5411166955316711,0.5749167211450307,0.5539264551384269,0.5485928137838495,0.558651945677928,0.5071985883257912,0.5175938031009938,0.5816602261863695,0.6394616681527888,0.5768570996195427,0.5802430045250722,0.5129550553425507,0.4806947853378562,0.5919619738834898,0.5621109718081452,0.5535216507055022,0.43308987063805227,0.4632166078657404,12,136833_fnca,0.8628131803684351,1.9999524366117232,-42.96483208299904,0.0100206010044096,1.9999999993509532,-43.632675919178624,Procedural,0.6678438361795855
137027,0.5658114445745202,0.5283925539413667,0.5297104443861063,0.4945861862961015,0.4733920715786283,0.5379383945703178,0.5160197239203272,0.6079911590437913,0.6133100816376131,0.5655535115444464,0.545274465837576,0.5228187089326934,0.5286263933030634,0.5905744695559549,0.6606002787127764,0.5507826527775985,0.5926079354159467,0.47699370932432444,0.543267498719745,0.5752538490673914,0.5807213501000227,0.5992538137542602,0.46034213130981505,0.4561107618342541,585,137027_fnca,0.0100001198828587,0.5199707625379408,-43.62253232099144,0.010020037203817,1.999999999343226,-44.64151272540033,Procedural,1.018980404408893
137128,0.5187684627898893,0.49102856673318324,0.4472607289811801,0.45404773155895334,0.4155264164015053,0.5040583072351308,0.47172734909964903,0.5359345663678653,0.5545572773386265,0.5441251139603969,0.5402424428917002,0.5129728077338226,0.5146893018962205,0.5480627914323084,0.6276946101570171,0.5245398909768959,0.5466275731003073,0.45227287829804014,0.4401176493446923,0.557638427073997,0.5378617751176188,0.5460310344628475,0.4007661984867415,0.4279314841569823,892,137128_fnca,0.0100465715854966,1.9999999992781217,-44.42493051280603,0.0100121167692038,1.9999999994294797,-45.93293345037904,Procedural,1.5080029375730035
137431,0.5615576942604653,0.5151207945249803,0.4822784701633621,0.4592364950768942,0.42633281872226525,0.5292370034151178,0.4928942264511919,0.564731968807025,0.5681414588107568,0.5428595073945822,0.5159262803485011,0.5175837941844296,0.506231897567183,0.5739348540571981,0.642919654985973,0.548948630371735,0.5820584834185485,0.5023509471525492,0.48203903921783114,0.5719252981827672,0.5581173607115893,0.5536214881469264,0.4459458188537795,0.482607804441744,960,137431_fnca,0.0100003526085255,0.0450300579727924,-26.08583589133118,0.0100000007047463,0.8761786197602133,-38.15735498146061,Procedural,12.071519090129428
137633,0.5505025146154267,0.5419423110861883,0.4904968684467218,0.4808808504377822,0.4413342679089577,0.5259474654555428,0.48106719601106557,0.5976602168699467,0.5940711618673724,0.5543107856674753,0.526545285411064,0.5368539753167064,0.5181669269701615,0.5830490571953714,0.6689852736536964,0.5464072352289392,0.5908737115337304,0.5027933494517461,0.51870846725413,0.5635877200983491,0.5690635443096779,0.5934935092123496,0.41749413012052733,0.44714808284983953,6,137633_fnca,0.9258268788916392,0.5553430886357662,-31.89792618966684,0.0100000000681412,0.8145751702465667,-40.67729821272876,Procedural,8.779372023061917
137936,0.5445893958906018,0.5285315052885119,0.48112092859833167,0.4659893460539701,0.4573579376717298,0.5866401096803436,0.5244716629500741,0.5588073970644702,0.5631214622551102,0.504962719404983,0.525294994063386,0.46782198745875997,0.48995231672027023,0.5801905896540963,0.6353107394124275,0.5286581526000451,0.5701512826139901,0.49712327056519806,0.5052263079368331,0.5696556732584067,0.5676968809069203,0.5666319621494319,0.4309198311478948,0.454118411661415,36,137936_fnca,0.8884763164513478,1.378168900835897,-41.17149164968469,0.3459789424268389,1.689485608073351,-42.739708435504866,Procedural,1.5682167858201763
138130,0.5620172814233703,0.5490497260021188,0.4766500869126116,0.4702643379674915,0.45892323451435607,0.5356867389195351,0.4964368376737426,0.5930258572411293,0.5721898101598806,0.550196203308796,0.5327249217792464,0.53348047706273,0.5214317504237609,0.6054272829728339,0.6837968729661177,0.534739607369282,0.5955353983638279,0.5267535119855785,0.5115003940368031,0.5816007368832873,0.6124662458208028,0.583989383664458,0.41490601037637176,0.4460925975220868,552,138130_fnca,0.010051450612518,1.9999999998990856,-43.68213040516792,0.1548382823606146,1.999999998815066,-44.35624114741568,Procedural,0.6741107422477626
138231,0.5440457742787413,0.526941522196163,0.4755339445767397,0.46387948204508384,0.4464858521694881,0.5621659938559732,0.5003664724984973,0.546709840921016,0.5469881688875188,0.5414687428705862,0.5358291150629811,0.5116484345966257,0.5093230086805132,0.5717520681161818,0.6798611051370367,0.5245125009861716,0.6002910620659693,0.4846349032904394,0.4960118392520056,0.5780567483360005,0.5869101211012702,0.5833113620174545,0.4463378547502959,0.4249019483398371,91,138231_fnca,1.7565298559940552,1.9999999999896052,-38.19260281693183,0.6990542428488201,1.9999999980862488,-43.28532448350017,Procedural,5.0927216665683375
138332,0.5353566696652936,0.5242694822976396,0.4813239825294628,0.4555079553527388,0.47000937796288333,0.5575240131889303,0.5045949069577484,0.6139934842781802,0.5964847943252195,0.469325334215617,0.5366111061707265,0.44361372837073404,0.5036899693680631,0.5962005104416264,0.6136789988618806,0.5216394692038293,0.5956622776009294,0.5240517585078719,0.48588429098937524,0.5625923258784145,0.5905791866735781,0.5795624008645883,0.4232794765792415,0.4342275369272859,445,138332_fnca,0.9083606793305642,1.999999999999932,-44.57919754059501,0.5679202741754433,1.9999999999998916,-48.543264890183195,Procedural,3.964067349588184
138534,0.5804613754888739,0.5408032305307006,0.5174688773137034,0.49344280062693385,0.43356744195748276,0.5567589676486295,0.510492370959866,0.5634879010833214,0.5654373982992122,0.5801573337003141,0.5304827374051032,0.5321701737747149,0.4988086449081212,0.5870880062147799,0.6651753857910857,0.544502169533504,0.5764211549611794,0.5208136568260496,0.5584086198043816,0.5882095609885326,0.577331995015165,0.583794126110144,0.47136658171061974,0.4401368269692503,466,138534_fnca,0.0100458657980754,1.999999999060008,-44.3741102322125,0.0100152760205235,1.9999999998647844,-44.56179011085199,Procedural,0.1876798786394857
138837,0.559093735863988,0.5163642005186937,0.4816356501408285,0.46205578685789833,0.4589778825406123,0.5278355771513659,0.5181639956358379,0.5429367651499615,0.5554986639962932,0.5288786473023881,0.5242678701243891,0.503444603687425,0.4970542287362054,0.5729299653735436,0.6640562534961377,0.5673169413579557,0.5864152813334287,0.4476757813027107,0.4850353017553941,0.5626493424052839,0.5877956002095286,0.5913785772742612,0.4232484532060582,0.464614117319524,75,138837_fnca,0.0100349834459371,1.9999999990363733,-43.68332831300099,0.0100093499642001,1.9999999988408084,-43.9804847860534,Procedural,0.2971564730524108
139233,0.5458809649692052,0.5397461491416002,0.46349914594856323,0.4913133066586728,0.4737862635952345,0.5318673771161423,0.47569293719968536,0.5796587541338893,0.5762591916623314,0.5460857204594081,0.5272887646195666,0.5308468980626434,0.5173507114071366,0.5673692951934889,0.6571770452615183,0.5331841696923174,0.6236477567444375,0.4849372964843419,0.48880961966225733,0.560580577080088,0.596684939807741,0.5900285333151153,0.42260633131044484,0.41705606632445674,871,139233_fnca,1.0430806885352544,1.9999666125950384,-42.97530369279028,0.3343469003740288,1.9999978141297527,-43.92142658893573,Procedural,0.9461228961454538
139435,0.5400635577441855,0.4993097496876433,0.49069968558740146,0.45342964346680076,0.4217292710035746,0.5129758722917357,0.4860264948601257,0.5522043069964667,0.5463611406154155,0.5321033184839696,0.5027620827546522,0.5091319676021168,0.48297958528497803,0.545164291656151,0.6306584524430803,0.520535753376161,0.5682569912606437,0.47348246909098635,0.5096708071188975,0.5548192559411683,0.5615873569476344,0.5591608169062625,0.4167897460311162,0.41349140745099505,920,139435_fnca,0.0100462625205935,1.999999999206785,-43.75411792931601,0.0100134181073098,1.999999999295496,-45.40691832432785,Procedural,1.6528003950118375
139637,0.5504014279519874,0.5443816345616459,0.5067983163653682,0.47841048020145105,0.46564099847991597,0.5605588971665502,0.49159961035334443,0.5516110601143926,0.5350612926555333,0.5786151840922907,0.5619932206501608,0.526837325503747,0.5327395638201022,0.5542066408156717,0.668590324197398,0.5302776425331828,0.598895008759286,0.47703420935252494,0.5152787337499344,0.5643203894405353,0.5738475898091334,0.570625773600266,0.44291527844835726,0.4423211515120994,81,139637_fnca,0.3796616691193644,1.2288654552445302,-42.15699720178556,0.5604318173224175,1.6583446381301714,-42.21533078766132,Procedural,0.0583335858757649
139839,0.5513679527619961,0.5386999179631511,0.47927021609339454,0.43434374729971453,0.45460150818304784,0.5516263221358604,0.49104080403776373,0.5652836929731182,0.5813318203521135,0.5278156631648628,0.5479545273040505,0.5104831064680703,0.541573958297962,0.5753649120618621,0.6650121808797889,0.5075190950836215,0.5926474936566132,0.5467245879291326,0.4837465081373391,0.5529564914538027,0.5745249064195723,0.5506857591227966,0.4157636995809906,0.4182963251097666,958,139839_fnca,0.2949289773456748,0.9908763870170156,-43.54564787103472,0.2799081632580028,1.6977127731005262,-43.78476046780904,Procedural,0.2391125967743192
140117,0.5291885781430815,0.5470793405932796,0.476323297617162,0.43927513141062424,0.4385988333500581,0.5265964641562492,0.49297597863667897,0.5641889121131,0.555460051565281,0.5287757772265551,0.5321139313243214,0.5129872892523553,0.5039973502635877,0.5747480574622775,0.6470488873924544,0.5165665354370088,0.569853091436348,0.5172224135064306,0.47941315060262035,0.5564294644888046,0.5649080135820916,0.5581788895304374,0.39242546738206413,0.4180885991826537,727,140117_fnca,0.750419373019943,1.999999991965236,-44.264336527230085,0.5676597397175561,1.9999998961222083,-43.813314769343926,Declarative,-0.4510217578861599
140319,0.5213737780169555,0.501403652998212,0.47540199608857264,0.4669728797816586,0.43778901064609604,0.4871263009295575,0.45992597806247815,0.5647337763291609,0.559437275179712,0.5533202768562585,0.5058800739894039,0.5078030276003777,0.49145957178804245,0.5407053346054718,0.6576148004737074,0.48603746873679166,0.5629535596256111,0.47211414810689534,0.49127113915030773,0.5451601295144969,0.5498626178651054,0.569006404353752,0.41680242104638876,0.44936858870111435,306,140319_fnca,0.1122210555099672,0.3739948275701525,-40.378863196115255,0.0100000015631828,1.0031606593060765,-41.06855863390481,Procedural,0.6896954377895526
140824,0.5169894592089377,0.5298978098346219,0.4498605934953973,0.4460508464814233,0.4401438583335773,0.5334255081254969,0.45343122093204913,0.5479817896965244,0.5313717936314055,0.5168966468448685,0.5241851729463303,0.46725447279160987,0.48222490221198167,0.5444247721658815,0.6182335708376541,0.5103186580097261,0.5384177164895769,0.4871142797100433,0.45464952932371877,0.5297475994437583,0.5309834668709223,0.5362734722554509,0.3870615482368717,0.45084964283149126,948,140824_fnca,0.3685790804038017,0.7073572396471067,-40.2178103971532,0.1229350563708178,1.9314003319071713,-43.93016387761108,Procedural,3.712353480457878
140925,0.5523194630022048,0.5104021595370025,0.4760022365996452,0.48213958882774605,0.4569213798592612,0.503191807661844,0.49345701730322394,0.5186832465110947,0.5173603017999923,0.5426955512509017,0.5289981307697608,0.49295179450814186,0.490174303436231,0.5510515951465128,0.6507841080742963,0.5483283555225665,0.5528762620087071,0.4791437751213489,0.5160681229114463,0.5542706624026693,0.5430762964630775,0.5674978563954712,0.4250829929097693,0.42801735702119875,290,140925_fnca,1.4261966625682847,1.9999999998438056,-40.3948980416142,1.2389544697341703,1.99999999999984,-43.8682700713935,Procedural,3.4733720297793056
141119,0.5537658518777123,0.5003249058544589,0.4402856444218046,0.4483471982634081,0.4485466894784272,0.5471684752730483,0.4791962146090746,0.5381241843431787,0.5202012292438466,0.5094956918099869,0.5280276566918211,0.4935034650994641,0.5110978788645637,0.5494505152888681,0.6001361115793842,0.5386224384250924,0.5543652079010145,0.5018357673876406,0.46926180320870875,0.5461402163910449,0.5336794361156292,0.5345404833618419,0.42414694716956775,0.4388594680253798,285,141119_fnca,0.3762166043666866,1.049019776106327,-42.399160092718525,0.1773639796713409,1.407540255114477,-42.038278497012705,Declarative,-0.3608815957058198
141826,0.556727870548571,0.5236845705181505,0.46940308843285306,0.4728931917231877,0.4468991766694597,0.5125834585062891,0.4970918564482114,0.57650702374873,0.5489448182342993,0.536643576762063,0.5116422253692084,0.5202248657251041,0.4971953569311684,0.5826695423517924,0.630849207202122,0.5317971065778275,0.6086275418415742,0.4778348762416194,0.4983796509302728,0.5529086745910786,0.5921636036450332,0.5729133602897878,0.4256392467332887,0.44973764584928666,41,141826_fnca,0.0100001594850905,0.2565372787409866,-43.58277027755475,0.0100327637461872,1.9999999998767897,-43.55741490439755,Declarative,-0.025355373157204
142828,0.5464146168593821,0.5183153683598583,0.4547228285853667,0.4635612053532415,0.45013614140335906,0.5579366114287182,0.5080869514464517,0.5800887256047732,0.5784256488516922,0.553636821482935,0.5466816715202646,0.5048110702134477,0.5048938655113481,0.5599561230604405,0.647833703298909,0.5512911248945439,0.5779857295848874,0.46946574194665586,0.48624435795058524,0.5659268968427098,0.5613336852008421,0.5584534863667636,0.4854222667546512,0.48075129288424046,502,142828_fnca,0.9300588898001932,1.9999822631301205,-41.39603821165954,0.1595869480126496,1.999999999863577,-43.083999666832305,Procedural,1.6879614551727684
143224,0.542177773912226,0.508910341530451,0.4699600283208018,0.45653924306205235,0.42970465480050324,0.48764971967384374,0.4844240880122315,0.5577503022901934,0.5511746377479639,0.5481301746949083,0.5104515986093995,0.5112139947238447,0.4852403557227822,0.5615362936016921,0.636610563977937,0.5309322605278244,0.578081207804064,0.47024622175718,0.512368101281923,0.5493635840945593,0.5799700939667476,0.5668940867917016,0.4330987369106857,0.44293346351628604,976,143224_fnca,0.3611653038863818,1.0268835788549275,-40.48028276737873,0.4716387981344108,1.9999931989278577,-40.553445559329305,Procedural,0.0731627919505726
143325,0.5442262908023979,0.5112801868292256,0.44621158061997945,0.4741446569261544,0.44294763324486586,0.5529217019553483,0.507503892749923,0.5749982324346423,0.5684062910737926,0.56662091078698,0.545023669631774,0.5462171310600654,0.5181088339214074,0.5718859151327605,0.6604200453902461,0.5355600154766079,0.597179759757196,0.47188674167436384,0.48053457381467957,0.552795802051906,0.5761949730826604,0.5765745258557127,0.43882432560516266,0.4257491707836156,316,143325_fnca,0.0100490675139753,1.9999999995499804,-43.031583585475175,0.2111910344229055,1.999999998392056,-43.463735521775035,Procedural,0.43215193629986
143426,0.5792898245703771,0.5361388239555234,0.5315234940230994,0.4836522817021407,0.4462160894464735,0.5260294065131553,0.49457385776860713,0.5705747231141032,0.5740935845003433,0.5577207759235708,0.5251085878464202,0.5380962081014171,0.5215864031482755,0.5713063234518683,0.6745654253513795,0.5539132032402478,0.6180165297223337,0.5036729917570174,0.5409909309562625,0.5868190908276701,0.5982960206352161,0.5737541813500068,0.45344928196329626,0.4292376286572577,391,143426_fnca,0.0100452717066412,1.9999999995309912,-44.40875767058973,0.0100205047368857,1.99999999995067,-45.98086308284067,Procedural,1.5721054122509417
143830,0.5576479528113998,0.5040748527827689,0.47121332908202546,0.4685136543958071,0.436060266005707,0.5043597349512902,0.5039179311479016,0.5855115534135308,0.5879301878352663,0.5715559893031718,0.5532552139278443,0.5227264248039559,0.5330320793127237,0.5719712337267867,0.6214514631116005,0.5410820409556235,0.5871870636118482,0.4789660984805063,0.5173728070876853,0.5649151432670497,0.5762178936160872,0.5727262402361378,0.4587055218488416,0.4451305753763441,397,143830_fnca,0.1086909086432013,0.9767722653234144,-43.69187556945167,0.2674560912160927,1.999999464434927,-44.08174478419725,Procedural,0.3898692147455804
144226,0.5569305975734046,0.5247629323347868,0.453036983006909,0.46627550106110277,0.44129675723895917,0.5410206862962617,0.48354549299083804,0.5665914066662335,0.5712991227293949,0.5647826100079086,0.5262308709520137,0.5272415098842977,0.5104990083172329,0.5713325156974713,0.6814675025470182,0.5569726202760086,0.59037642128538,0.5102604442635719,0.48705875144756705,0.5682298341582352,0.5799079462312421,0.5943235327105391,0.4487797912189865,0.4539244363723035,682,144226_fnca,0.9788941776883744,1.702450746486996,-42.20377102720985,1.9999497512814368,1.9999280591013728,-40.765972445852015,Declarative,-1.437798581357832
144428,0.5886901781891987,0.5289677458324897,0.48033118957209053,0.49766378437781517,0.47738425654198235,0.5317767792963372,0.5153188164341239,0.5796282327609624,0.5700703881422219,0.561550205273925,0.5454976912970317,0.5153243534775125,0.5103174220790994,0.5901919533343992,0.6451747005976373,0.5794486636529488,0.5709477142781618,0.5030120398864214,0.5421393839629384,0.5755072207738141,0.597869515873356,0.583419155187148,0.47616232120914737,0.4701503358268605,153,144428_fnca,0.010027021355295,1.9999999982754413,-44.3653976583259,0.0100072535367471,1.9999999993029296,-44.84830737141318,Procedural,0.482909713087281
144731,0.5501055377341018,0.5023331486463624,0.47862169294027396,0.4628472784350356,0.44466030678191615,0.5205052782475649,0.4827223767261097,0.5718356196783566,0.5719213909428196,0.5244982101183099,0.5188580795947153,0.49168591415657553,0.48204888206498764,0.5678825958000596,0.6455074032211541,0.5502233339644748,0.5840451688495474,0.468536625791813,0.4974418370984078,0.5595414951658048,0.5888063271675769,0.5783869330262388,0.4350104729467615,0.4581543802833592,353,144731_fnca,0.0100452023873947,1.9999999995320952,-44.50983246444557,0.0204349400493762,1.9999999988428552,-47.238732622886936,Procedural,2.7289001584413626
144832,0.5845351209210472,0.5390189250495037,0.48190129374239,0.47715469995111776,0.45806297376088034,0.5957980657976577,0.5248153700362033,0.5516123678891983,0.5364793251571279,0.5650448228644883,0.5438212756859044,0.5324928118690545,0.5315570814824846,0.578992072977137,0.6787591511194762,0.5589970627193787,0.5845278079760318,0.5227901578657754,0.5153377611541393,0.5876735445524869,0.5906418022926402,0.5941698405302425,0.43655605879245796,0.46512069017703767,213,144832_fnca,0.010044825214603,1.9999999994773432,-44.40230993381524,0.0100084055943929,1.9999999994773077,-45.01014495345921,Procedural,0.6078350196439715
144933,0.5537633359495612,0.5238126941354565,0.48383385711019655,0.44019945243979086,0.42293043060584645,0.5623020742651693,0.4736154477922595,0.539103810646492,0.5527386673523743,0.5178929518024383,0.5172346283170011,0.4826866121863045,0.49740919497753916,0.5688018382815759,0.6426568251677218,0.5281000008852627,0.5876843817456545,0.5079133926366068,0.49968013423437524,0.5578938791339343,0.5782077558704313,0.5492077739973616,0.4154363515459521,0.46443381501075237,638,144933_fnca,0.0249180520062236,0.2245752506899418,-43.68500140869444,0.0100000014327448,0.4754785435837177,-41.49328712927714,Declarative,-2.1917142794172975
145127,0.5604392488393605,0.551217990671447,0.42844600638845853,0.47646527859203003,0.45419561799574465,0.5755791316390227,0.497390583249777,0.577928560164196,0.5732575345893893,0.5406335970212647,0.511190092762909,0.5073736050400481,0.4845811504431161,0.5728391304641213,0.6652864670553962,0.5485345983724954,0.5730686785053729,0.5070697198506599,0.4634849080028222,0.5521228861441918,0.5765784188859192,0.5658231654545398,0.4386559228176654,0.4321745676774265,57,145127_fnca,0.010000009751132,0.1342116800628464,-43.934230691009425,0.0100000001797296,0.7460825562635722,-44.382229586168165,Procedural,0.4479988951587401
145632,0.5803684725895598,0.5555044243801478,0.45757720643709027,0.48716568979013375,0.4750885407351174,0.5707649005674712,0.5345226063587312,0.5532476035703671,0.5322443266215382,0.544096608234756,0.5230915960616892,0.5257487434873108,0.5146232300575001,0.5733273030803524,0.6722027849810671,0.5405100593617663,0.6037497622707203,0.5352080547376146,0.48910542457046197,0.5697011004519914,0.5963095476002451,0.5697894650712432,0.4242452631635224,0.4547907861486721,207,145632_fnca,0.0100356309530209,1.9999999996884064,-44.4592433682198,0.0100050220296105,1.9999999990594135,-45.43816074712237,Procedural,0.9789173789025654
145834,0.5794250952688175,0.5456722713227518,0.49737603961481514,0.4612547771201282,0.4615720751922509,0.5920208824505935,0.5469378638660258,0.5928651129413371,0.5742498030382704,0.5460822797061613,0.5567703855167412,0.5177966322090021,0.5313137827866788,0.5809584266337954,0.6916113202198052,0.5391218201104433,0.6176790193813843,0.5307798010265103,0.49615082401802063,0.5931480397387587,0.5704251479971593,0.6004842472186476,0.4416069327802061,0.4588526889151578,320,145834_fnca,0.7813143716064552,1.510687723091714,-41.631798935557754,0.010000001255333,0.975487007328788,-41.79037299759723,Procedural,0.1585740620394773
146129,0.5505343825576177,0.5218462532270166,0.45150145633331873,0.48463876694271407,0.4529978307817997,0.4879320778083018,0.44712851882839394,0.5609968748674401,0.5671290325343934,0.5524992874614512,0.5169951131306527,0.5267426135068892,0.49357541935148125,0.5721580025082506,0.6495005328127738,0.558805961479678,0.5681746815947725,0.4831307326227008,0.525997487579676,0.572455444208941,0.5546240363814264,0.5619933208819731,0.4442424141205585,0.42418538239254894,524,146129_fnca,0.5700108269654693,0.1742387137795145,-32.61050294458378,0.7112083128995328,0.465801803191268,-32.291459460077384,Declarative,-0.3190434845063947
146331,0.5826447107737083,0.5429671999343959,0.48011104852684255,0.48456904913778165,0.4452971627097055,0.5709129965833741,0.518079947714498,0.5732779512791296,0.5760927272465329,0.5504194251592464,0.5279953072665516,0.5078276346708835,0.4943456960020176,0.5810127877481956,0.6679641260640647,0.5869498581748317,0.5827635673440652,0.5002733647961455,0.5103668935799903,0.5807047104023195,0.5865552181408084,0.5884562815098671,0.42729741955360917,0.424672141524557,394,146331_fnca,0.1806501258150648,1.9999999993388409,-44.234481265680344,0.4397549285792232,1.9999948842560216,-43.97551366501575,Declarative,-0.2589676006645973
146432,0.5504911766279715,0.5051946753816222,0.4531431894156876,0.47767730897303573,0.4470174850568454,0.5244517363219531,0.4905016661676752,0.561468451037262,0.5369954901367328,0.5280012531605575,0.49851510612370453,0.484379021389959,0.4594222242250058,0.5604689855777889,0.6259063399172322,0.5632393510989927,0.5745455168213072,0.47308084597182826,0.4861953595299259,0.5523892580428558,0.568428487219768,0.5524452079604815,0.41767945657893335,0.4549760826391497,318,146432_fnca,0.0100004369195977,0.1791871759098488,-41.89974256632901,0.0100317114470061,1.999999999842496,-41.91082027688411,Procedural,0.0110777105550994
146533,0.5525617570980171,0.5091733952307469,0.43028970994787513,0.4372052982721222,0.4192106033378236,0.5652989453286366,0.47073513971649034,0.5419778794330957,0.5229779960457317,0.536583590725717,0.5264280564608491,0.480331151285295,0.4897389156211264,0.5551034540442316,0.6348954598721371,0.5525830919625697,0.5848068631240756,0.4823341123381272,0.47080622230578867,0.5504385579080638,0.5555050829128072,0.5543188522358915,0.41912415789869684,0.465684091640404,981,146533_fnca,0.6230673104977279,0.8268932197199206,-41.37141031000297,1.9999999997731197,1.6293034031716978,-37.351243669139045,Declarative,-4.020166640863927
146735,0.5583133236118744,0.5038386068032993,0.44639603021074864,0.47961057673758156,0.4323821780898355,0.507184706492978,0.49386912892700197,0.5827092416279429,0.5748737882028732,0.5801927974741345,0.5041844973292315,0.5430490791187885,0.48104708745649316,0.5968021177892217,0.643682093566477,0.5143044538844972,0.6155450404409085,0.4638910712530107,0.49325146749000853,0.5706583410434315,0.5812214191478645,0.5964004380852868,0.3970204814231952,0.4102170344097535,609,146735_fnca,0.99861553131646,1.644646743627053,-41.93568303127632,0.3916942559322235,1.9999965290383044,-43.42004670597091,Procedural,1.484363674694592
146836,0.49783015975040795,0.4608272898117784,0.434472636925313,0.44518005198186755,0.4099029414126857,0.4910278483761441,0.4771780805261747,0.553641395256908,0.5524365485310601,0.5237523871932952,0.5108671297648886,0.47173414807980707,0.4697273840906042,0.5395409790777898,0.6253868475679506,0.49391187449143026,0.5519290584434006,0.4645299136705139,0.49618703074280396,0.5132539106259827,0.5576364123877431,0.5509684488322205,0.4248364718973906,0.4223127493393687,745,146836_fnca,0.9324500650945668,1.6820479688787815,-41.89226676159277,1.2856876621063351,1.9999999999998912,-43.247928601920634,Procedural,1.355661840327862
146937,0.5308453545431009,0.5352453214152535,0.4788120690885044,0.4484230805767059,0.44843187030230724,0.5552044740038015,0.5073411769962263,0.5746294731619099,0.5569477662260707,0.5050694607101984,0.5224391857699356,0.4914064777224014,0.5202283166887542,0.5694692954417103,0.6676966824947091,0.5121725284954828,0.5879934182978485,0.5262731611898935,0.4897387193183587,0.5563928133745375,0.562265971520718,0.5664887662074465,0.4329644059410586,0.4524972689078021,378,146937_fnca,0.0100430478984118,1.9999999999557627,-44.36675584110266,0.0100313253307831,1.9999999998540752,-44.70637906151453,Procedural,0.3396232204118732
147636,0.5532655965048591,0.5333779465644367,0.5087783025557109,0.4388442691946519,0.4597844927689637,0.5348347382029548,0.49633424747801763,0.5813628798900529,0.5682404309389215,0.5409902451775754,0.5515357093036579,0.5104367058002901,0.5353126210137394,0.5855165172298611,0.6690954863230965,0.5234774335601612,0.5928908470786315,0.506293087526494,0.49847620726147585,0.5682876709139824,0.5726262207689861,0.5710102084638409,0.40922013592345863,0.4505662361858412,754,147636_fnca,0.0100591198758565,1.9999999990065584,-44.454098089041445,0.0100461847561044,1.9999999986392405,-45.408386676234386,Procedural,0.9542885871929414
147737,0.5420561174344136,0.5229853643377067,0.49336652757308497,0.47577831595475784,0.4492256793313426,0.5224588319009318,0.5011707621916889,0.5634922048194008,0.5681117828802889,0.5387552670869236,0.4943345914371857,0.51401286096214,0.47737395598808585,0.5779282516832259,0.6683600215612782,0.5607563913903845,0.5904498540469004,0.48822803285236,0.5090590656105669,0.5784875593342224,0.57198946699673,0.5586851576304669,0.41955934784551746,0.4511849224146928,383,147737_fnca,0.1498202627463259,1.9999999990197712,-43.61012127565955,0.0100523047372645,1.999999999218264,-43.95988380449641,Procedural,0.3497625288368553
148032,0.5458726416255961,0.5376195645923435,0.46017368383408724,0.5020655594503579,0.4491141726614677,0.52216912960962,0.504861533593116,0.5680625072249925,0.5496356506767878,0.5699498761820756,0.5212042800186718,0.5449324804862283,0.512403365665408,0.5535908951113284,0.6844270751516339,0.5544369800972602,0.5913826974071592,0.4915671317937346,0.5168028619547063,0.5526307027361361,0.5828779255412551,0.5850066491215976,0.4477209869302225,0.4396052701988497,725,148032_fnca,0.0100455151407765,1.9999999994655715,-44.39455768023235,0.0100118248516949,1.9999999994684396,-45.0515869123647,Procedural,0.657029232132345
148133,0.5632445917389027,0.49394411043024244,0.4619103014775961,0.4752515832856021,0.4519870285001569,0.5061540602474709,0.4737615341873317,0.5468267837445839,0.5465978596720794,0.545405830662937,0.52698289726173,0.500553806989794,0.48782662872970645,0.5772694678338436,0.6477128025965213,0.5325637198918131,0.5980951820199841,0.4781507376729095,0.4944057816655542,0.548897834071044,0.5891301969590347,0.5680251416076127,0.42890495205305695,0.414054973164683,90,148133_fnca,0.0100388805670854,1.9999999989171189,-44.36450415507311,0.0100181913604158,1.999999999228704,-44.59236476648007,Procedural,0.2278606114069603
148335,0.5726056559930557,0.545746342344864,0.4885202229236789,0.4687787805631522,0.4578018913267681,0.602484470788502,0.4982142614483531,0.5864595985502424,0.5609075225800623,0.5455525888261052,0.5720817432838343,0.5110463075416785,0.5414046339683067,0.5819821565283688,0.650681400967623,0.5323881787912685,0.629663418770991,0.5536906591978407,0.49149014425584114,0.5795920950412782,0.5963161901226399,0.5939575010112683,0.44616253048941673,0.4657258173603585,493,148335_fnca,0.8164253469800313,0.8155069086363619,-38.52162909223917,0.3844979813151535,1.999996104219835,-43.90955529659522,Procedural,5.387926204356049
148436,0.5267261569719884,0.49849818105994553,0.46075599199962913,0.45549203523746296,0.4235644365615141,0.48767664140837746,0.4449022687928215,0.5675514496120584,0.5512159235069062,0.5469168025037751,0.4874424040765019,0.5256856101546468,0.5009998714933528,0.5663424740770218,0.6418464128521645,0.5018327707445327,0.5731569420787106,0.4487634650262723,0.47341372462497305,0.5392156605483039,0.5603112709794442,0.5611314753057302,0.42140214748565186,0.4107388010593326,281,148436_fnca,0.7335820853161751,1.9999999993691435,-44.90419911942494,0.010012566377647,1.999999999386351,-45.867026726025905,Procedural,0.9628276066009676
148840,0.578152543890949,0.5426117350463957,0.47685433401560134,0.490192185563069,0.4684553765587543,0.5541769876164753,0.48129266735557197,0.5946321597077965,0.5880195677888801,0.5692651161975892,0.5623952015683227,0.5318574070949696,0.5382452828748088,0.600583218318329,0.6762538648786736,0.5924133621750517,0.6361830179990074,0.5047548190785874,0.4918596482619937,0.5791722300806975,0.6036316618037685,0.6114608233970411,0.46833803555941506,0.47811666619088444,404,148840_fnca,0.0100396733061368,1.9999999990405968,-44.36746229635858,0.01003860957688,1.999999999215854,-44.63563437648536,Procedural,0.2681720801267744
148941,0.5698068653644396,0.5305588253258819,0.46016000515262134,0.4658198780431003,0.45853788702522,0.5560664779373282,0.5259548872709988,0.5557383543034633,0.5496444668772094,0.5413153643408198,0.527590302178007,0.4980993716672469,0.4908331201957619,0.5466348910355496,0.6287100635677166,0.5565704966946111,0.5445199439453168,0.48849680398503453,0.4864732235123485,0.5530970191700572,0.5388213516904726,0.5514725745038743,0.4427307125499116,0.46203765955583115,798,148941_fnca,0.0384318447092379,0.16048771518449,-35.19561119814056,0.0100043482162429,0.3034774455384881,-37.70966300917489,Procedural,2.514051811034328
149236,0.5745065458089472,0.5502863841120594,0.4847677625821871,0.45069906802831694,0.47681751782251014,0.565708889442568,0.48485599824845915,0.5976009455618665,0.5909785810850784,0.5282108974844093,0.5659300743437052,0.48619726090422044,0.5136663821798966,0.5765451673050106,0.6594208420070096,0.5659969080134121,0.58293848844123,0.551291443317528,0.460959963312555,0.5819848868691004,0.5604869232356333,0.573869586699465,0.41296364386724,0.4560589376269207,134,149236_fnca,0.0100474806642728,1.9999999983210064,-44.37642408973019,0.0100321525065335,1.9999999995491111,-45.84185916988086,Procedural,1.4654350801506697
149337,0.5715144181898304,0.5423350019917896,0.48181297772693304,0.4797824635697867,0.46698163076034666,0.5568808800599293,0.4750595520552816,0.5666021207592358,0.5592337860062677,0.5438547864850408,0.5280254264397973,0.5091086969581637,0.5038876751834682,0.5798629895740787,0.6677894360830626,0.5412264413361889,0.577334339447501,0.4865541362109865,0.5064373755125235,0.5535304077871537,0.580753893425446,0.5814500504174872,0.41441631105811116,0.4257637859182302,503,149337_fnca,0.1703791672919362,1.9999999999990192,-44.33264860989111,0.2405007459875976,1.9935052559379296,-44.20200818867835,Declarative,-0.1306404212127532
149539,0.6015419415226007,0.5950121610091219,0.5278204760294927,0.4810271820048835,0.47805492335024197,0.5934087593780567,0.5316502465885745,0.6179189489623647,0.6185221938473012,0.5728623617386375,0.5848612038008538,0.5283719656924375,0.5611547641324077,0.6079135742920783,0.696564963731447,0.6006039425586253,0.6142127912956882,0.5471540768774067,0.5648803617050098,0.6065541783420028,0.5978566254957729,0.6129179843360345,0.46265992743447454,0.4610145199024812,29,149539_fnca,0.0100424071227857,1.9999999995235591,-44.380890411038955,0.01003648834448,1.9999999992226631,-44.85124389224862,Procedural,0.4703534812096634
149741,0.532569325978073,0.5004073848847499,0.4609523670172505,0.4472890686956346,0.43250218774959853,0.4917676195257358,0.4728063978328087,0.546587655666092,0.5559428344548646,0.5472663209144993,0.5199655688718507,0.5131526961843494,0.5035824538441172,0.544689938298929,0.6345126625931803,0.5485350154846578,0.5758795424005424,0.4540067479586233,0.48217595543972147,0.5386300016742689,0.5649825222797574,0.5846038289270417,0.44159760834075934,0.43330834107801636,806,149741_fnca,0.0100442129031309,1.9999999993746735,-43.68728520245611,0.010045299862747,1.9999999983400143,-43.96211119723062,Procedural,0.2748259947745097
149842,0.5423591119647766,0.5330664256017733,0.49349525214636564,0.45067914006631377,0.45879482397129595,0.5324222995356592,0.502492674620315,0.5668172788837827,0.5644294144963184,0.5296639194954655,0.5546824478612714,0.5149693209423704,0.522830892989646,0.5781048656085731,0.6409179069354595,0.543082243009406,0.5690034026886258,0.5017972079515158,0.5103124528831205,0.5695387491809847,0.5710176398286813,0.5684725283348127,0.4342787783171271,0.4845948651117899,590,149842_fnca,1.1869140358628187,0.6985806146656318,-30.82992529748729,1.9999999998351552,1.8023445742771271,-35.156895913709704,Procedural,4.326970616222418
150019,0.577846014703173,0.550266599654957,0.5035992025552545,0.472683827259321,0.44200636603109034,0.5593665565194128,0.49814147734215014,0.5757338671007578,0.5723490810321672,0.5521833465923107,0.5401156301776531,0.5103070886025193,0.4988530594758065,0.5799049613058288,0.6578139368843129,0.5813431006172634,0.5636399018421746,0.4986785868561208,0.5301222195952753,0.5734475432925631,0.574710387191781,0.5763244571210556,0.41823718462641596,0.47511155200263,956,150019_fnca,0.0100551815082439,1.999999999807244,-43.66758370275159,0.0100006964980917,1.9999999982915944,-43.97472012292377,Procedural,0.3071364201721778
150524,0.5563402675426773,0.532476320406165,0.5125500491668944,0.5015150855711856,0.44373168062268326,0.5528878966977397,0.5377522283412768,0.5808876196000459,0.5748789027598363,0.5733798258480168,0.5406654643243849,0.5358600468813489,0.507119233844269,0.5718525938924174,0.6541856266216222,0.5267176274366102,0.6000372471941966,0.4941495682948206,0.5260641555566103,0.5670826687701287,0.5736190330420222,0.6099721334829166,0.4458482364424925,0.43395527114982385,415,150524_fnca,0.6646242085297545,1.2088439837867808,-41.06917017776919,0.4261811327761641,1.9999999998377305,-43.64130823295353,Procedural,2.5721380551843396
150625,0.5595738219358474,0.5008728207809262,0.48713427082607935,0.45887441242894667,0.4314721372896747,0.5068266607870584,0.49767156945654706,0.549827843044094,0.5449443845280192,0.5444707931591869,0.5222648874609064,0.5130461754632246,0.5024941382497906,0.555144948866423,0.6391072245434605,0.5533405014255712,0.570807786708945,0.47763160978987373,0.4916393381642213,0.5515140407044136,0.5598963103656207,0.5680532883566469,0.4454456955684909,0.4488340088378905,965,150625_fnca,0.010000033362294,0.1930312975384321,-43.44518644255937,0.010040555641362,1.9999999996258129,-43.55728824154349,Procedural,0.1121017989841206
150726,0.5744349561238853,0.5318944997287932,0.5163972862613587,0.4613867062924454,0.4519738970100457,0.5402938954016722,0.47951610251165616,0.5623630624972423,0.570627307421181,0.5432009888472095,0.5338787609170512,0.5123762273866829,0.5120018520657341,0.5786488625481496,0.6891063380530329,0.545673245921133,0.5804903883449877,0.4811137948304093,0.5245277309067826,0.5796825476267723,0.5945660937037347,0.5988614023713142,0.44444336573748566,0.4549970993690637,578,150726_fnca,0.0100000000058959,0.0347803464117606,-42.91006616340027,0.010032029432022,1.9999999999511215,-44.68307753197395,Procedural,1.7730113685736768
150928,0.5716672101140007,0.513314698772914,0.4884059359231758,0.4749139813498127,0.45045641149618004,0.5319914544341681,0.4841564387232563,0.5569071468943342,0.5707056880261114,0.5731106376431796,0.5342449491262792,0.5292816452581603,0.5221745738212656,0.5384897866512769,0.6583626932154938,0.5548496304377073,0.5985130212824558,0.4742090143423153,0.521111686188488,0.55938554413314,0.5617996741168816,0.5791762393529482,0.44746501026560476,0.43470465254851837,479,150928_fnca,0.0100453609853795,1.9999999997717712,-44.63333568550956,0.0100386807515502,1.999999999140612,-50.63092270877436,Procedural,5.997587023264799
151021,0.5482989342056848,0.48249642149808314,0.4624938937387118,0.45237896283891443,0.4298632866541163,0.509808517433671,0.49328300054380825,0.546861573175783,0.5528453392816303,0.5396591741608482,0.5202427281186222,0.49387757794354753,0.5015585628965242,0.5469576713509052,0.6452471424403923,0.5219206259816448,0.5907050294164008,0.48133617209743546,0.5029534147489628,0.55375926168695,0.5749273525814548,0.5511449580370198,0.4370421846948507,0.4189942584860781,60,151021_fnca,0.0100454022590726,1.9999999990137731,-43.683579833067014,0.0100204912696903,1.9999999997642572,-44.36941971653012,Procedural,0.6858398834631032
151223,0.5704394103918028,0.532282469750158,0.45719929078109517,0.4666399522247836,0.44584149513640875,0.5389304038658879,0.4559706269089275,0.5703801788023053,0.577865919177083,0.5587244846615311,0.5466910838662691,0.5320228301150975,0.5079946226254508,0.5869317156407933,0.6774026211658105,0.5782094129591088,0.5929302214359701,0.4810270726860661,0.49303437657969745,0.5684383465146406,0.5934282900194058,0.5913092922928272,0.44765957843242465,0.4332647750384933,951,151223_fnca,0.0100442838770885,1.9999999999397464,-44.45124295253484,0.0100000005320594,1.9999927206652208,-45.53170048462448,Procedural,1.080457532089639
151324,0.5566608229730322,0.554760315460948,0.4962426269281214,0.4475832155277989,0.4646542627746888,0.5784901653317869,0.5122759826187179,0.567594870371281,0.5579194640547062,0.5290568723533798,0.5352034865158346,0.5189657016351495,0.5268879967042457,0.5734804561628567,0.6490754689511538,0.5276872830536672,0.5875883372170698,0.48673330021285865,0.4792676487704101,0.5818165771042454,0.5896296736228617,0.5743525280693551,0.4315937769259237,0.45685896045776103,11,151324_fnca,0.5889553645110933,0.681312897470443,-38.99525733126017,0.0100000000551282,0.4076990848549747,-38.80993265886562,Declarative,-0.1853246723945503
151425,0.5486719961010827,0.5054727451195294,0.48474738943360585,0.48177555665761546,0.440171050912233,0.50725821898633,0.47882186776365854,0.5482079367824831,0.5467103696895118,0.5645728362685386,0.5210877595842274,0.514638801670283,0.48652662846737094,0.554575767397308,0.6606797292688344,0.5696103855628892,0.5973441752010521,0.4619066263163171,0.5160471546534109,0.5578497051808592,0.5860332620720736,0.5721430226575753,0.44204457048542767,0.44852757694742273,985,151425_fnca,0.0100008002422939,0.1899552037360761,-44.08791135949986,0.0636042483875663,1.972270736266115,-44.200234410608495,Procedural,0.1123230511086319
151526,0.556559464457205,0.5418184429821177,0.4787562381962973,0.4616870117255317,0.4280312884820969,0.5764249289330868,0.5065315616803168,0.548671529618878,0.5529040655584646,0.5388160799819519,0.5568515196497134,0.4856334200317658,0.49539534254379336,0.5558555389460781,0.6346475139424469,0.5387764193831877,0.5617245181224657,0.5196776685066067,0.4669617209882577,0.5523844375849507,0.5566332773784517,0.560095209585349,0.435416394588853,0.4799434447191968,596,151526_fnca,0.0100414794249691,1.9999999994184787,-44.385661705009696,0.0100045468319623,1.999999998996025,-44.90818053973648,Procedural,0.5225188347267817
151627,0.5442020548645711,0.5120838866700658,0.4895046452993991,0.46926974910189734,0.4434078132961594,0.5358556926007091,0.4945227838445378,0.5855211705571606,0.5831360859553059,0.5531958625937514,0.5219716885900736,0.5252052203113472,0.5074621002686177,0.5666965879985232,0.6507963494048268,0.5277203694798661,0.6015834105340222,0.49760451135469663,0.5172645717512816,0.5496561822224992,0.5624929659455564,0.5783224585372155,0.42867271334137946,0.4131954612901415,14,151627_fnca,0.0831727806261556,1.0551647461973257,-43.575464938754706,0.0100059998089207,1.999999999088235,-43.63725063817343,Procedural,0.0617856994187206
151728,0.5666040783134292,0.5540570221441454,0.509759371394844,0.43942568286205075,0.44123776824229644,0.5835392211003533,0.48799266755851384,0.5373868717707164,0.5505807174380386,0.5381775243694578,0.5455942874854626,0.4989858333242962,0.5069283178367144,0.5711006896742628,0.6351389823969094,0.5659567696211023,0.5723470043345396,0.5177472168790868,0.5059583688010864,0.559832353512208,0.5571385924905242,0.5597327917661794,0.4585546040086434,0.4722544453689997,489,151728_fnca,0.23672021901068,0.5926470083673631,-41.14546496706975,0.0100560509115448,1.9999999983844616,-43.573132635873144,Procedural,2.4276676688033945
151930,0.5608355571054091,0.5197168787735494,0.459223779329121,0.4705126343896916,0.42619055813275325,0.5390738602089072,0.49851699070650846,0.5604948575678677,0.5456111480102154,0.5431037806047128,0.49919809298019496,0.4965063853442072,0.4719091627907599,0.5585083541883042,0.6290771962069056,0.5577213547719767,0.5620434495800238,0.4639121612314118,0.5043052156621903,0.5703029106175953,0.556016700329046,0.5602071124539387,0.41575743569060436,0.43906917046847627,595,151930_fnca,0.010000000002096,0.0577127428061179,-63.20101896925189,0.0100000007047463,0.7355336555280434,-50.95877849205604,Declarative,-12.24224047719585
152225,0.5303993142558457,0.4970003123059856,0.4340893557200101,0.4337303270313271,0.4269604940420637,0.5343315971015099,0.4902265654573534,0.5588890057621474,0.5374897313983024,0.5136852843228428,0.5242735336236071,0.48192362096226665,0.48226202756602304,0.5622177830832008,0.6180711833542194,0.533301239991963,0.5636530334803832,0.4732199727105191,0.46463399978134023,0.5251251677742339,0.5490705212017769,0.5465713094615059,0.44361917279772306,0.4551692567042593,931,152225_fnca,0.7616981130869589,1.999999999915418,-44.3576651888571,0.4138561834528,1.9999999999999347,-46.09108757907244,Procedural,1.7334223902153454
153025,0.5483427109154468,0.5295552433307897,0.5095525735276847,0.4795318717543618,0.4443496654536028,0.4979807005482133,0.4856376808087431,0.6137662231990653,0.5950061652460542,0.5576725449418745,0.5300341488170519,0.5409777405850561,0.5210233033372096,0.5880024680105415,0.6940872270488078,0.5448458785936302,0.6079238833336648,0.47989514484312457,0.5270832138804539,0.5686572402007304,0.5741335550601904,0.6045899304901416,0.4498333588885643,0.4541704147374106,945,153025_fnca,0.5711035078393606,1.9999999999979217,-43.79597639525422,0.0478331887977004,0.7320372844524295,-43.64601806017903,Declarative,-0.1499583350751905
153126,0.5303078343933859,0.4863062018812099,0.442961360618436,0.4664740451706289,0.4222632974569617,0.47030756000402846,0.45689506441898053,0.5763014799983853,0.5615745029620239,0.5516421818127291,0.47191633674702255,0.5248318632163326,0.468648299545142,0.5645016413946787,0.6289600061914284,0.5406817931284057,0.5544315881563481,0.4351189709471207,0.4804763643762686,0.5557157723201201,0.5617252273101383,0.5746978165716337,0.3959258928381096,0.4282035365896861,629,153126_fnca,0.816658982790204,0.9798193070096888,-39.792875022133046,1.8241030456038716,1.9999999998649152,-39.20724321818134,Declarative,-0.5856318039517063
153429,0.5601550147459367,0.5088996545328177,0.46770159529016486,0.4825400180950464,0.44234773994931464,0.49803730141221925,0.49453047175853837,0.5715045143084889,0.583142272617557,0.5638685624391416,0.5435916177476066,0.5254365095015882,0.5171889680452546,0.5734593814604024,0.6641365946876124,0.5646419066656837,0.5940980113646979,0.49403428689622103,0.5126641899510148,0.56336391174111,0.5781202768833782,0.6047839113183315,0.4334165912706476,0.4403788136362129,536,153429_fnca,0.0102520329114722,0.0561499130584112,-41.87428335536341,0.2698812428885438,1.9999999999150224,-43.309029585410954,Procedural,1.4347462300475442
153631,0.5310578138614498,0.48577517497987055,0.46217110200780154,0.454115337669743,0.45151280004672656,0.5073261712171244,0.4707593714755946,0.5617535228225067,0.563549084807174,0.4824031080121163,0.5093489119260959,0.456026458602487,0.48024391097475627,0.5566933031671197,0.6289090082561681,0.5247903794183986,0.5560613355948769,0.5020297943090833,0.47479550508656065,0.5463517047523335,0.5455956302453863,0.5333898203636221,0.43488772701522893,0.4204158842004207,387,153631_fnca,0.0100444381387386,1.99999999969356,-43.67507491513272,0.113069877441784,1.9999999991792583,-44.421761441654795,Procedural,0.7466865265220761
153732,0.567970989134982,0.5461456191879157,0.4641433625510528,0.4787421959998096,0.4638410143939305,0.5846128569816057,0.5007192177964435,0.5747034333783002,0.5574465779950978,0.5487807204863672,0.5191433024722582,0.5340111224127899,0.5204947666548956,0.5781314645603424,0.6693177389026619,0.5182419256734626,0.6040439678412175,0.5450691503690898,0.48914903029679635,0.565704928150148,0.5943817707879362,0.5844454779092395,0.4069059026874487,0.4162573581619396,45,153732_fnca,0.2894794179123074,1.1316520251059636,-41.77020759846651,0.0100000014993581,0.4913197151350505,-40.98260729802735,Declarative,-0.7876003004391663
153833,0.5560954922113371,0.5223163264277634,0.4756795089002881,0.47795794623604093,0.4378970648538955,0.5986672891899043,0.5274691675475262,0.5865003227906601,0.5527671251599177,0.5142414535991675,0.5119468994133676,0.4901292112258689,0.49936470910074876,0.5641973723167422,0.6349793185588666,0.5465896582212852,0.6044557724362858,0.5079993598459551,0.46397939241312786,0.5782277585051179,0.5687968758172505,0.5668314172830095,0.41707663226002567,0.44786223655717344,604,153833_fnca,0.010000494985952,0.1914377664856469,-43.04257857799768,0.0100000008871369,1.999992972398892,-43.31082651293581,Procedural,0.268247934938131
153934,0.5571793124800711,0.5175036133338827,0.4435375696045756,0.45268618277955086,0.4410502895523373,0.5643497323777419,0.4735790262312471,0.5342080356580374,0.5265286944434808,0.5066465091725666,0.5095790830020552,0.4765951412657416,0.4982803552167564,0.5548545389056168,0.641153798845957,0.5371476874789534,0.5610833887595911,0.48789979833427166,0.44800393679114026,0.5432726386859837,0.5400539000547399,0.5417747174152395,0.4147796849002732,0.4819715585503738,419,153934_fnca,0.0100434373202215,1.9999999995807431,-44.374954216748186,0.0100148345961277,1.9999999992567692,-45.14116221601736,Procedural,0.7662079992691773
154229,0.5363097783812737,0.5330087344351538,0.4604945233765232,0.4281352430673999,0.44464923680080537,0.5472640749810096,0.483285412099826,0.5598633188256921,0.556754101837114,0.5283716351256852,0.5506526426103954,0.5041141516292997,0.5277375668975304,0.5840107297749042,0.6714997014782936,0.5056836608724252,0.59726275557622,0.5090814464926713,0.4577113936415499,0.5628250075981167,0.5668731111310723,0.5656256268430927,0.4255207432145591,0.4490516028306517,279,154229_fnca,1.0835788893102043,1.2299627714515176,-38.73787007201332,1.999999999998495,1.9999816188426536,-37.50032516661346,Declarative,-1.237544905399865
154330,0.5657406309485256,0.5209291248322888,0.49161465587106595,0.49021967409173123,0.4646936319855313,0.5396273696878395,0.5169036175552167,0.5763246103333063,0.5762797039057497,0.5680805605936328,0.5233972847774664,0.5324255866583311,0.5225455527873981,0.5732260128088927,0.6627614682867915,0.575874565492188,0.5875386447041453,0.4795148752381448,0.5184670569183766,0.5704794755407264,0.5866030265839364,0.5752768020174536,0.46145492635294416,0.45239740047895305,186,154330_fnca,0.0100000000059155,0.0813857470993392,-38.607469924991605,0.0100000011585164,1.305178403148309,-42.71566895704967,Procedural,4.108199032058067
154431,0.558160234231228,0.5544819839961934,0.46289415503521475,0.48394957659407234,0.4455662286892259,0.5440256906076065,0.5060610022641308,0.5854493983956768,0.5666080553604579,0.5670904744293993,0.5534470939951034,0.5411249764305446,0.5176482455649465,0.5760312500484762,0.6912272191551831,0.5623351539084042,0.5900535550914945,0.5185664501892295,0.4986087800506979,0.5524402280059934,0.5955317895922455,0.5895163153819327,0.4271621343960901,0.4640829782212276,802,154431_fnca,0.0826731033516532,0.4289875812030053,-39.705907772337554,0.0100000007047463,0.9836613401236116,-41.99607286029907,Procedural,2.290165087961519
154532,0.5295380739739238,0.5248882267849,0.487015955090425,0.4626653117913936,0.42070074493041737,0.5364931486885961,0.4792838446030222,0.5822667867250179,0.5786437685117654,0.5364586438321546,0.5088599146694363,0.5092591063526923,0.5047290322366943,0.5601177279586106,0.6264789438542601,0.5350671134643699,0.5567699596558493,0.4840084738845745,0.4899666268793996,0.526467455060935,0.5622824069563265,0.5643489244819524,0.4315123340136555,0.46586982135432736,657,154532_fnca,0.5863847673315126,1.999951582655091,-43.566665946140745,0.0100000014978371,0.4904990551673733,-43.99542080741147,Procedural,0.4287548612707255
154734,0.5602107213852228,0.5482651852012451,0.4595752101040184,0.47253728353924257,0.44353930020164606,0.584522328735779,0.5079201992858344,0.5723811573516919,0.5632317143153233,0.5432397069475136,0.5271155386856596,0.5007230621975763,0.5041510579312647,0.5672073421157936,0.6336211995512064,0.554384424157482,0.5713521469262508,0.5089053450905818,0.49637275969695194,0.5675151344752769,0.5741227027116063,0.5640284129186932,0.4083474227601633,0.46990038638557025,739,154734_fnca,0.0100002587627279,0.1202033392660524,-43.03205802034295,0.1382535326215334,1.999998590532971,-43.474340990597675,Procedural,0.4422829702547233
154835,0.577167310555808,0.5690482203095684,0.4902345442578728,0.4779034558533113,0.47246705545149953,0.5717993925284897,0.5382440928415249,0.5652141333845568,0.5569016224115938,0.5598916596114232,0.5603116553050252,0.5390002684803766,0.529460097297997,0.5761859891454636,0.6723962874858084,0.5709167847891492,0.5886092642535785,0.5354377192933184,0.5102374041119934,0.5742086160044064,0.5855199150940565,0.5889611358998043,0.4571417699372971,0.4663390322376457,301,154835_fnca,0.4255271305346967,1.0390198697964697,-41.570101224750665,0.010000000464091,1.1021785724960629,-41.361341849326486,Declarative,-0.2087593754241794
154936,0.557943680478935,0.5143515613382502,0.4806891153318571,0.45949590590273737,0.43281311954120966,0.49800138483423817,0.46544747292010613,0.5546939301950428,0.5462596000207618,0.5211357157862545,0.5396601121932685,0.49147535505314616,0.4951467670979398,0.5558591570021317,0.6514016582701428,0.5479735903464441,0.5620904350415364,0.48125121889306316,0.48483446035021144,0.5623297749781266,0.5733186394599887,0.5711897579550567,0.4293091592432582,0.4561543695181902,229,154936_fnca,0.8104326652004672,0.9522784280490476,-40.58075698309714,1.306724515107338,1.9626409848566384,-41.395727675867334,Procedural,0.8149706927701956
155231,0.5362673963471287,0.4737096591981057,0.4523667716377398,0.4656748714812214,0.4371053610553755,0.49745997633504385,0.4928018022528739,0.5639584791427261,0.5592139325770517,0.5510964935826888,0.5106979430055787,0.5011035325028073,0.4836896510382922,0.5514696025729948,0.6439115306034688,0.5262783882732613,0.5778451652902916,0.4436977679176862,0.5133477427207136,0.554310881825461,0.554591480581884,0.5661377121228496,0.4400658346114655,0.44052994937035195,651,155231_fnca,0.0259008348613189,0.1822642303355254,-42.577096206142464,0.0100000013633331,0.4595131359317246,-40.411714174184254,Declarative,-2.1653820319582096
155635,0.5486575000149658,0.5411682208609531,0.5209542979028782,0.48457052571148757,0.420240599062225,0.5560126791634046,0.5197117915473545,0.560269333741504,0.5679375224963871,0.5980837027292655,0.5674110166527708,0.5517732871680258,0.5185477181013909,0.5603916202672861,0.6430792298411961,0.5493443545646316,0.5971579744435901,0.5098360596143711,0.5674370495913812,0.5695764973500552,0.5994157899831523,0.5785417332682733,0.4715380252626187,0.4672481991020911,309,155635_fnca,0.0100000474739894,0.3117621780980675,-43.62305069948248,0.0100242064893014,1.9999999997593587,-43.66523161188065,Procedural,0.0421809123981731
155938,0.524069145612318,0.45919485811740784,0.45069690035599874,0.4303772494872121,0.4092759866229311,0.46927822326382473,0.4516933182720441,0.5372110047610351,0.5266155647253676,0.5436013414239601,0.5089094961681553,0.49034066576568214,0.48109177754337606,0.52225068304329,0.6256999206848933,0.5449883500498035,0.5231212208749287,0.44800990720334594,0.4841101830570894,0.5201037126026192,0.5161318353995806,0.5477917411112211,0.44681584765564586,0.43735220615356935,822,155938_fnca,0.2212932466923252,0.2291701404990313,-31.86382429123013,0.0100000002648735,0.6398208092528306,-36.95688901810142,Procedural,5.09306472687129
156031,0.5375961486174883,0.5309143063922125,0.48353499274811185,0.4360598198949507,0.41719404935154797,0.556429073423359,0.4641169395882534,0.5808739268359544,0.5740367939740695,0.5094046697861274,0.5205072725774126,0.478544537293592,0.5017716529773739,0.5653983267914946,0.6505126212382456,0.5101350414793976,0.5752087146758916,0.4984457915787815,0.5035543952988626,0.5571234661415391,0.564920685820926,0.5711019412740135,0.42306910737874753,0.4254635567602458,759,156031_fnca,0.0100010739056968,0.0880341555441817,-42.42495128029275,0.0100000007047463,0.9133244069024734,-43.01499242123917,Procedural,0.5900411409464112
156233,0.5410826305964822,0.5454338431442205,0.44752557633146284,0.47364385355989697,0.46205167040409306,0.5839753854301903,0.5139971408168796,0.5561904694815162,0.546373498564627,0.5341210812881024,0.5294414442164447,0.49552375083383376,0.4880458236214611,0.574897401581916,0.6551480469476645,0.5530617131630088,0.5717277754091944,0.4954195712483957,0.463876244516429,0.5713444968973738,0.5625390391750968,0.5537917652252277,0.42467970077707007,0.44362694159728916,217,156233_fnca,0.9136931015285422,0.8912562670243892,-38.169596933185105,1.5077215817327967,1.9999999998149705,-39.88631635908867,Procedural,1.7167194259035623
156334,0.5775567012746413,0.5297180792563152,0.46081674134509754,0.46278213920345246,0.4324695939999819,0.5418004846494194,0.4927283044516104,0.5718370737996443,0.5742791772891844,0.5543366830037076,0.5216935511543094,0.541839165505185,0.5112424046486261,0.5872148931648485,0.6541924066988937,0.5693002724379851,0.6060507424178876,0.5290558842420052,0.4789672962914069,0.5715929718793253,0.5882077599233128,0.6260272279785069,0.45158985343014235,0.4618652049345577,773,156334_fnca,0.033961384638402,0.3275171809260035,-43.897467294615645,0.1425444588754393,0.9482847228927554,-43.68025903190429,Declarative,-0.2172082627113525
156435,0.5583391800118478,0.5318067138138806,0.48309565493086476,0.48563539730286953,0.4640812916727645,0.543005655252311,0.4822782909535409,0.5724573783176128,0.5733779079189109,0.54410575677494,0.5353530628377005,0.5115787990630238,0.5000134012762935,0.5770096546862498,0.6710504258646256,0.5424818136324299,0.593272738049803,0.5028510564847702,0.5120852737523954,0.5755846232441068,0.5592616790529401,0.5792408617485084,0.4386561390971717,0.4390892200943998,205,156435_fnca,0.0249180520062236,0.2245752506899418,-43.68500140869444,0.0100000014327448,0.475478543582902,-41.49328712927714,Declarative,-2.1917142794172975
156637,0.5614060794180289,0.5357282472104056,0.4883783425845968,0.46459652721923084,0.4330726872630399,0.552800884533133,0.5021185328049962,0.566280800396473,0.5620177256513447,0.5588101282867309,0.5425327919107891,0.504319116134283,0.49490736588121087,0.5636752513201589,0.6692548352012957,0.5607171956152184,0.5714235492092677,0.48848793085650316,0.5205993502770218,0.55998952151733,0.5640452169914905,0.588969512346234,0.4361864679546714,0.4718895601585912,805,156637_fnca,0.0100438738242779,1.999999999933536,-44.36269026585412,0.0100026477598767,1.999999998275466,-44.91665251768548,Procedural,0.5539622518313578
157336,0.5556794632503014,0.5141212391168125,0.4793692079277034,0.46768178397385995,0.4441790001323364,0.5454159268344548,0.517663660377065,0.6163004081284328,0.6187232204338339,0.5575361194799122,0.5392115519483898,0.5237136040983303,0.5109737668589652,0.5839288796310083,0.6356648156421167,0.5768241294635013,0.6131154771524558,0.48951783632782303,0.5369015669936085,0.5785788276232876,0.5897580792765942,0.59472178913105,0.4427242201034046,0.43585918014915814,197,157336_fnca,0.0143747908623091,0.1238826141837733,-43.040893228424714,0.0100000007047463,0.6982669256650537,-42.71778318206317,Declarative,-0.3231100463615419
157437,0.5778946424221637,0.545848431687025,0.4962544006104471,0.483122936905745,0.4649060135339399,0.5557909987311731,0.507224921216736,0.5908179518870468,0.5935467454149402,0.5655187744081424,0.5564483012309047,0.528786555829177,0.5246485834565058,0.588501575193927,0.6630912255720606,0.5700429135855729,0.6426026242341816,0.5055257761434074,0.5135148067982443,0.5838286160284054,0.5719486726683839,0.5833261443729398,0.479364287051614,0.47840927968660263,784,157437_fnca,0.0638518356088784,0.2280588772427951,-40.62749930747589,0.010016554175954,0.5862242692721382,-41.365040312921224,Procedural,0.7375410054453369
157942,0.5375027264520879,0.4867126818328532,0.48561489597425855,0.46282031361145615,0.43405337539245736,0.5231983600550184,0.4838644724629038,0.5556028177969761,0.5761898970056359,0.5412738565369041,0.5080370135470621,0.5255912781260988,0.4978193018966915,0.5544392459818398,0.6530117224046101,0.5434725904795417,0.5852285412392753,0.4491773623287404,0.4843327955652979,0.5637392434449121,0.5800889384191613,0.571116337546572,0.3997112514441308,0.4410221933092416,526,157942_fnca,0.0100443669840776,1.9999999998487,-44.66225890826254,0.0100310435922442,1.9999999998439533,-50.037664195162286,Procedural,5.375405286899749
158035,0.5925987795631795,0.5604338251020288,0.5278751172242189,0.5220146783307593,0.48648722663590915,0.5597509789241858,0.5335244130444063,0.5946237767518077,0.5961744752427041,0.59401586172087,0.5705312350101278,0.5634274418922238,0.5607886354525506,0.6068523750499613,0.686532477022985,0.5591614674002505,0.6423603827385272,0.5184236969544757,0.5615637970361071,0.5890680381918849,0.623172287517153,0.5988571557510085,0.457045897367069,0.44794348157624514,816,158035_fnca,0.0100007500707348,0.1389545451065447,-43.783225709556994,0.0100386631213658,1.9999999998983455,-44.27196080976085,Procedural,0.4887351002038542
158136,0.5220836987433916,0.5046452703799855,0.48088793265164265,0.48345215969962263,0.44453863406356886,0.49629828828179234,0.4587536738951135,0.5509990412144561,0.5567646607643422,0.569324964953865,0.528334960006283,0.5416292208582615,0.49310771407854936,0.5374041828356931,0.6619223711308684,0.5336752945688734,0.5726041463295644,0.46048174219969257,0.5208286804986776,0.5400912578682703,0.5490065289519496,0.5817826951612229,0.42512517112313025,0.45827550515944177,718,158136_fnca,1.0921785094826206,1.999922577475835,-44.78743716458631,0.0100000007047463,0.733195186986973,-41.549549698459664,Declarative,-3.2378874661266437
158338,0.5664099655624243,0.5343636258958042,0.49985637546310824,0.4772665796216728,0.4539118102295692,0.5459952290105015,0.5039195886210802,0.5862176078794458,0.5653846496540094,0.5712410233975113,0.5294062163930996,0.5260968439735277,0.5060049540289936,0.5766688272562649,0.6647021637385899,0.5533024680543555,0.6040474752468364,0.4786921184402967,0.5471682858539582,0.5688680653000592,0.5991148622173451,0.6088952150380781,0.4390024717929144,0.4650980091011996,287,158338_fnca,0.081097512581287,1.9999823984322984,-44.33868374977884,0.0100257036931452,1.9999999998072804,-44.27840079900822,Declarative,-0.0602829507706204
158540,0.5560257094257985,0.5163326379374389,0.4624853573308221,0.4613492762828433,0.44458263927254577,0.559642266049897,0.5220040455984708,0.5864058683254262,0.5724802264265844,0.5598917715417172,0.5223345359802426,0.5108928062930327,0.5080508742284339,0.5847370756577749,0.6728938878904559,0.5377337124240165,0.6041462999144601,0.4987622454319343,0.4727717138724371,0.5616484094981359,0.599755183474175,0.5911578681976484,0.42636697066554363,0.45963890288176384,942,158540_fnca,1.1203127056376283,1.7236959571262087,-40.50471787564287,0.2147190443909698,1.9999986742401132,-43.15321574792352,Procedural,2.6484978722806503
158843,0.5594736650475963,0.4765005450554305,0.43257419861710167,0.4905602795814681,0.43145572862598813,0.5216598990567549,0.512512943738383,0.5622181888624804,0.5579577669087373,0.5601078255234198,0.4987614547775646,0.5168637683441575,0.48753361251786503,0.5698761594286641,0.6301491695211192,0.5591788042684581,0.5751307800057055,0.45897226804221863,0.4921087891065229,0.5642152090743017,0.5729948744282155,0.5584937547302912,0.43727309462913994,0.42619716996480717,605,158843_fnca,0.1079797180676922,0.9697098559741534,-43.400560865004394,0.0100354489683367,1.9999999990118555,-43.64007871715466,Procedural,0.2395178521502643
159138,0.5518566141794167,0.5458060579962247,0.4673699761464285,0.4681567078526389,0.4540391845475091,0.609198154775155,0.5351812422585315,0.558758767490659,0.5443869407115876,0.5390561610591352,0.5465214461606828,0.4958136857787379,0.5009266794491478,0.5729615497168978,0.6334024543878888,0.5645759452478419,0.5890171142426402,0.5431448874774936,0.4849307418113822,0.5706198760090565,0.576890637622423,0.5771579012096794,0.4542718589038689,0.47905454303699146,307,159138_fnca,0.0100442709261936,1.999999999961748,-43.720720392249305,0.0100280931601184,1.9999999999354725,-43.83386839889722,Procedural,0.1131480066479184
159239,0.5501339972397388,0.5173982756963305,0.4757405205045867,0.4883573572647872,0.46604447585764464,0.5106618669235561,0.48739671567901,0.580829911057021,0.5967415913280226,0.5488114434047398,0.5486857749965954,0.5284204491339424,0.5210401751062278,0.5546617274856607,0.6747932546001388,0.5394481594147306,0.5784495263163436,0.47786193959809664,0.5077609953931925,0.56668356361388,0.5844587850008467,0.5728718606970645,0.4340179413746047,0.42169959897189885,772,159239_fnca,0.0100364680227775,1.999999999070226,-43.67513883737823,0.0100307972396656,1.9999999998326163,-43.90599797047063,Procedural,0.2308591330924017
159340,0.5329036051504166,0.507478429026097,0.4475934023353228,0.4554879304064034,0.445600706675636,0.5423362309289854,0.4390551717376361,0.5432339414049662,0.5307545774567022,0.5421239490371381,0.5091851323563131,0.4897846856141663,0.4665433224652098,0.5633897964623239,0.6486203460275078,0.5143999086648893,0.5571187526689141,0.48240713997810397,0.49965240064260724,0.5374788104402007,0.5570050280941015,0.563183866731029,0.42157496497667934,0.4479925588400032,624,159340_fnca,0.7595594529521813,0.4382232175370121,-30.10553597305578,0.154303054275153,0.3337919395936085,-35.22856830564176,Procedural,5.123032332585979
159441,0.5223897917393527,0.5169066712151629,0.4622523157691132,0.48234475265152615,0.45527075907959585,0.5289528032421872,0.4564272402510621,0.5955581498759753,0.5863692838234568,0.5399922624346308,0.5036454497003731,0.4938924453933919,0.4834143988494373,0.5630690043254294,0.6495812159530685,0.518320235726946,0.5844754102483241,0.49326117913841444,0.48791829163946887,0.5494994879994773,0.575176434631008,0.5902588041483379,0.4105830246852155,0.42043797666321886,364,159441_fnca,0.0100444596484657,1.999999999693007,-44.517319897755904,0.0100054025990936,1.9999999989949004,-45.96845848785194,Procedural,1.4511385900960363
159744,0.545897211253177,0.5185353064652106,0.4749649503835242,0.4520565401396048,0.4382758321656899,0.548733954701898,0.47730145862142365,0.5399054596820771,0.532735864799725,0.5238857630502182,0.5201744414024249,0.505795675203799,0.49902929315750705,0.5509377432935091,0.6456537631094753,0.512842615288019,0.5830397809632348,0.47589514619350143,0.4864794578136009,0.5627707893969728,0.5789059530796583,0.5608944316254804,0.4350550953055812,0.4325830060892226,436,159744_fnca,0.0100432620923157,1.9999999996664664,-44.38219472507068,0.0100242244821953,1.9999999998724405,-44.551209804312926,Procedural,0.1690150792422429
159946,0.5608592430472469,0.5249875400730478,0.4908240144122697,0.4579249504671505,0.4279579093798671,0.5032876900403432,0.5002305552282053,0.5828441257936761,0.5837170336642237,0.5736761577398852,0.5322894584639561,0.542993061018883,0.5405944755495458,0.565978381992897,0.6445359078875653,0.5425957336584473,0.5908231337819756,0.4838690034756658,0.5137724665629814,0.5522694303955958,0.5744740368357608,0.5646257682786282,0.42571426514521776,0.4256803580833674,574,159946_fnca,0.0100457405738745,1.9999999990768635,-44.39098899738854,0.0100136924551086,1.9999999993580653,-45.05947884425127,Procedural,0.6684898468627267
160123,0.5498068338306445,0.4931760757532284,0.47792689819214035,0.47119580688915436,0.4411276801317976,0.4800231544468501,0.4719604631885948,0.5633646310671062,0.5485450828343089,0.5523252913612683,0.5030412582933077,0.5169048193312024,0.4981201346261319,0.5459139809745636,0.6590139909323605,0.5446386642468702,0.5670710052238261,0.4557311322678419,0.4994775795049173,0.5463972272051469,0.5443579087029202,0.5656389449009186,0.42094857178392303,0.4383928496123145,837,160123_fnca,0.0100467863883538,1.99999999847865,-44.4038080658438,0.0100082508955144,1.9999999990752717,-44.96673256711464,Procedural,0.5629245012708424
160729,0.5740133410518424,0.5452417360900942,0.48813213969759955,0.4735618443148141,0.4739050312870654,0.5751133036468957,0.5435575638791731,0.5750768007436636,0.5768270264218252,0.5275690132008676,0.573537736500783,0.522697425282785,0.550097579231678,0.571102264590227,0.6630199499163794,0.5301272605536207,0.615972217523204,0.5628428293752114,0.5177850347292496,0.5741749840171793,0.5940884989448648,0.5878187161603209,0.4403491165993124,0.48420944976468,749,160729_fnca,0.0100531553667307,1.9999999998283984,-44.37126346907906,0.0100293234062036,1.9999999996989692,-44.43185387272122,Procedural,0.0605904036421591
160830,0.5679980063791001,0.5158788395312986,0.49353790024619437,0.48623907926786003,0.44514019938072363,0.543275607916077,0.5076934619287614,0.5898659328966955,0.5822701714481157,0.5471676961613788,0.5283040495932131,0.5144129743700231,0.4895867114791349,0.5776126083219448,0.611490658723976,0.571509072511053,0.5792122814967212,0.49376580024044286,0.49192385208927386,0.582557615791123,0.5689391842946071,0.5675679860728685,0.44460388742708756,0.42329553529570524,559,160830_fnca,0.0100556791339217,1.9999999995130695,-42.98832870678948,0.010012421118991,1.9999999989018007,-43.44499464158221,Procedural,0.4566659347927313
160931,0.5291431827214192,0.5169012051400114,0.47985331517085106,0.48860970646083257,0.43836944433325187,0.5240329933727795,0.49286524702618223,0.5583380434721332,0.5553689012515881,0.5853988034850075,0.5388967264791426,0.5311741425810983,0.521432387701855,0.5572421824081799,0.6663092087494163,0.5324621330896189,0.5762287170417143,0.46763042811173305,0.4936833157942193,0.5434334776101025,0.5823546644282412,0.5596854831658294,0.44192867246437323,0.4415606100936401,155,160931_fnca,0.0100469875182189,1.9999999999944995,-44.369011322955565,0.0100089698771754,1.99999999976612,-44.65523360311614,Procedural,0.2862222801605725
161327,0.5154689866503602,0.5067343392577769,0.4325517632200896,0.4655659975101378,0.43012220601677925,0.47203464553444896,0.4384605156717711,0.5564101908786008,0.5562080942808574,0.5227187373188502,0.5004024705081072,0.48596304834577503,0.4732999990159811,0.5329951861483128,0.6356085316705365,0.5231356759305213,0.5491728265545234,0.46511695808214687,0.47743990720754503,0.5201125022848518,0.535332267004449,0.5632239202335039,0.40477680183328796,0.4036315126272935,241,161327_fnca,0.0100367554104265,1.999999999944744,-43.6765815023784,0.1529727467800185,1.9999999990739892,-43.81609228571352,Procedural,0.139510783335119
161630,0.535389573569407,0.537437047835607,0.47740483181638554,0.4681659268612656,0.45347888401994574,0.5535727394204107,0.48553481186171765,0.5653984436477701,0.5496795556107764,0.5551174592869045,0.5103270073531434,0.545195254243547,0.5111785061791452,0.5677176386117563,0.6418846364317419,0.5309316153228756,0.6059728577928817,0.5070345878476971,0.49244770414534955,0.5889114948982396,0.602499556381134,0.587895266847674,0.42674892624481003,0.43211945395866475,553,161630_fnca,0.0100612187793391,1.9999999991909787,-43.78088156634431,0.0100180773207423,1.9999999998016864,-44.786502541088986,Procedural,1.005620974744673
161731,0.5295833598799582,0.5232782363139523,0.47000481744157724,0.4418018607121666,0.43300275002836647,0.5137765448067073,0.4820993337654337,0.5518428401368791,0.5559601957321162,0.54413257617019,0.52668998010967,0.5112660725336854,0.5084874106195518,0.5456597060224744,0.6654287585590979,0.5004033755544269,0.5779485352946443,0.46933741500888215,0.46946722094640486,0.5291684251081873,0.5599074508948831,0.5669446990369351,0.426750150744883,0.4157284955549034,144,161731_fnca,0.0100469637250928,1.9999999984965935,-44.40116008072737,0.0100180113676357,1.9999999999099316,-44.8080563305991,Procedural,0.4068962498717283
161832,0.5577008791574989,0.5193088761491124,0.45078334099236606,0.45354757518658473,0.46343027773208895,0.5649799040467365,0.5041783433496796,0.5452353167792502,0.5243308270233665,0.5262139345249888,0.5152204368502589,0.4730447205091869,0.4838956109765336,0.5573169000868475,0.6256842402559523,0.527788139101357,0.573505339324609,0.49288266680085463,0.4786660579905313,0.5459438679934113,0.5457588204709418,0.5504219754971609,0.41918547778150556,0.46690707365495127,453,161832_fnca,0.1886584420982726,0.6209182149499007,-38.94712791245897,0.0790737623670482,0.8692491589027456,-39.55295472597811,Procedural,0.605826813519144
162026,0.5643524723463368,0.5333943550573247,0.44758258938846285,0.47899284148338883,0.4367152616910523,0.5544287607808189,0.48069180597255223,0.5573633342621905,0.55548185470952,0.5395854914712184,0.5172204933012804,0.5389892982171743,0.5123543497409438,0.5737576881733334,0.6561796727076744,0.5108009727786151,0.6189529578845846,0.4862620757506453,0.4937227001263693,0.5608965038987859,0.6030161389024009,0.5930156346901831,0.4010185329939515,0.4381672855210706,523,162026_fnca,0.0100442848953218,1.9999999998484692,-44.3810738460147,0.0100178601126033,1.9999999993649284,-44.76759861406477,Procedural,0.3865247680500658
162228,0.597428615483327,0.5112160401760864,0.45366568854985473,0.4902111023765395,0.480253925600145,0.5800437062643065,0.49436403561369113,0.5899794532514656,0.5672620252080991,0.5516774839420364,0.529281736456192,0.49275914506528495,0.48313978819932557,0.5605120854258775,0.6066468871536164,0.5585748954386469,0.586175494585569,0.5134990591493542,0.5037731090007704,0.58685225664615,0.5795995848191702,0.5927804972889312,0.4275585907118852,0.457882352905364,431,162228_fnca,0.0100542220282405,1.9999999987821753,-44.36664318439228,0.0100469439516181,1.9999999995693944,-44.443796210101944,Procedural,0.0771530257096628
162329,0.5643662700665621,0.5240487963383491,0.47210509767459335,0.46455423344898655,0.44226891824656095,0.5878735430272451,0.49006686193474885,0.5679126236553443,0.5678441731158773,0.5518823360523847,0.5538597821474499,0.5259134079415408,0.5412995436927305,0.5946585484948316,0.6726563483627628,0.5652837160402617,0.6301513630721288,0.5103718550679616,0.4817113208211645,0.5787791703181697,0.5989926907708224,0.5887868886942658,0.4598031424120903,0.4653185469232726,785,162329_fnca,0.0100462143740301,1.9999999991270352,-44.38809264741631,0.0100324356248133,1.9999999999036544,-44.72089606800069,Procedural,0.3328034205843835
162733,0.5713195269435726,0.5434313210057395,0.4765047547536211,0.47822881009653495,0.442224136846216,0.5891630841298247,0.4944751176513547,0.5601091872130683,0.548089236615709,0.5457610363170342,0.5320672912941675,0.5057296020391073,0.5135166247187556,0.5738759134679833,0.6807472009528539,0.5549379903850631,0.6036292001686011,0.5229204902673061,0.48989208625805,0.5710477889568544,0.5761757516010586,0.5880609971989865,0.4254208684682345,0.4517705053478424,686,162733_fnca,0.9888939343297068,1.165282554107298,-39.16090714805646,1.8078307501073905,1.999997783580108,-38.02216624955733,Declarative,-1.1387408984991296
163129,0.5501882622915211,0.5292537127752954,0.4581927174292102,0.4718541692419374,0.4421864068193201,0.5510653478006875,0.48405681301322667,0.5556225420930266,0.5501403008089978,0.5558402856116008,0.5187913144920145,0.5069257544357175,0.4681870781547822,0.5526923085757239,0.6472639271607451,0.5541812424385032,0.5381324366363455,0.47176772349504437,0.4895961291979123,0.5437189551045294,0.5463899870192027,0.5464878373123297,0.4306884447593687,0.47233112913530084,804,163129_fnca,1.2046928270583517,1.999999999923277,-42.64640566133248,0.0100399249549039,1.999999999200044,-44.68433958079904,Procedural,2.0379339194665604
163331,0.5275407464533334,0.5185526580682622,0.46975753154444994,0.4783443264553133,0.40669575023071025,0.5208028414338485,0.44848653128956223,0.5556544440277846,0.5563618159978987,0.5477432949159897,0.5019997195403575,0.5332334016129517,0.5094942283823997,0.5643274825711962,0.6650097420591459,0.5062932958665232,0.5726603603570036,0.467344216646512,0.49992599796006926,0.5180651554349319,0.5738558598526587,0.5719053383461628,0.4457468060268427,0.424462630231465,116,163331_fnca,0.7192330816698519,1.9999999995066904,-43.653530042236056,0.5602868757620839,1.5348264242044944,-43.30244878839136,Declarative,-0.351081253844697
163432,0.5499224465209983,0.5010274894643869,0.48461382029961814,0.47999189203222686,0.4417032383816668,0.5042118194031594,0.49313692527354236,0.5616363072736668,0.5668380593599969,0.5675778525938889,0.5578650792863025,0.5281560958724782,0.5067775213982688,0.5539914755591563,0.6449775096016248,0.5382178986958555,0.5836474174181508,0.49971061808504125,0.5345275744030397,0.5553878084534111,0.5786076055738552,0.5712583143532605,0.44745593103947606,0.43692839535150496,62,163432_fnca,0.795410265625851,1.9999999996834077,-42.410297666588704,0.0100059758247012,1.999999999070132,-44.166436665701134,Procedural,1.75613899911243
163836,0.5412239072166853,0.515882464614098,0.45311069010269095,0.45158881903209347,0.4535612794028363,0.5889414281680946,0.5252775984401632,0.5454966960346503,0.547274211278925,0.5211901693391379,0.525213236919686,0.4762280440736796,0.48904907209338044,0.5790340545695619,0.6446722665860061,0.5287468638529605,0.573485160024385,0.5191167410956364,0.4831679999779807,0.5469852151011004,0.569446173360115,0.5559727167299697,0.40111886550244363,0.4437568889789984,537,163836_fnca,0.4424852571069295,0.5446264326917111,-38.649207079685,0.0746384977194656,0.5370437168586201,-41.78087712361199,Procedural,3.131670043926988
164030,0.5601075576963873,0.5210046725954612,0.48725627754714185,0.4559252227082968,0.43781908420216253,0.5360735229066208,0.5089046985247925,0.5720190807893367,0.5777334503816157,0.5557391566099437,0.5236538454855375,0.5269456449617596,0.5134306736018713,0.5697521245805452,0.6597539482757968,0.5575610753405875,0.587297939572601,0.4759868292099941,0.5045075442742597,0.5663696258227641,0.5909341637640406,0.583665330632186,0.4350298828799572,0.45048858854490653,173,164030_fnca,0.0100447104487503,1.9999999999618976,-44.39682121487097,0.0100194362352986,1.999999999635793,-44.705089230195654,Procedural,0.3082680153246855
164131,0.5796873775187122,0.596354994660308,0.4778988207205584,0.465934676336856,0.44857486306988215,0.6240155140774232,0.518099067625203,0.5937292655920922,0.5840556606728728,0.566964819105675,0.5698571219887879,0.5262182005183728,0.5498073889367422,0.590770636563498,0.6692674999177606,0.5829106792015368,0.5953534756125848,0.5627574298880215,0.49642963467116596,0.5712212980655018,0.5971187687312292,0.5908826497616605,0.4586454258081379,0.49929222238337123,542,164131_fnca,0.0100575673109645,1.9999999989637784,-43.726173374578096,0.0100102450611434,1.9999999995398845,-44.514613401429614,Procedural,0.7884400268515179
164636,0.569434779162199,0.5317636760791027,0.4616233358673382,0.4674618097274563,0.44100235214426176,0.5618709261035238,0.5041799406186585,0.5627806162992156,0.5670400848724576,0.5643129730754594,0.5272667719971466,0.5147346737073436,0.5126504972324255,0.5674109499998312,0.6611772011591417,0.5493821507968737,0.6049380106605756,0.49434442997699923,0.5093881762616624,0.5625605980935011,0.5911151911562572,0.5885236107177872,0.43433670014857695,0.42621727904370876,131,164636_fnca,0.0496918571696283,0.5574945480707918,-43.82117909918088,0.4601417435325206,1.8121120907322203,-43.28424646616359,Declarative,-0.5369326330172939
164939,0.557104439650506,0.5569824965313596,0.47607421411998574,0.44835856495409326,0.44732500688069593,0.5139339453049656,0.49369064815943786,0.5368850124900356,0.5258968525406885,0.5569674676109208,0.5590521489038897,0.5264591403243685,0.5131431154572473,0.5640509927710119,0.6433153278011936,0.5438034707130929,0.5934871248597864,0.5277018909205436,0.46780266247583385,0.566230110957349,0.5669287005033581,0.5779126943353292,0.46389768828262995,0.4584948383390931,435,164939_fnca,0.0100017710419979,0.1156271768373494,-43.62358707691725,0.0100000003703779,1.0330395136972392,-43.729066787983115,Procedural,0.1054797110658682
165032,0.5382791401657346,0.5002738850762664,0.4664662738211154,0.4513850660275285,0.4277676868608807,0.556783753115126,0.5115831467904299,0.5398363513988643,0.538436804177527,0.5282687490292384,0.48645191476239846,0.4676328646945004,0.46660960657111167,0.5378870823341539,0.6292926128650369,0.5117426987720111,0.5558082629393017,0.45214847401083147,0.48574282895036014,0.5646177885530032,0.5628262797691896,0.5655510108510382,0.39691584213449277,0.41994131077559516,825,165032_fnca,0.0120172530550201,0.2141920153017741,-41.65906537670374,0.6327528868173302,1.9999999999998372,-41.81295480892602,Procedural,0.1538894322222859
165436,0.5579297309648049,0.49719846663701894,0.47078238519014576,0.4650514317075688,0.4304066414240008,0.5263510635509093,0.537326373101449,0.5775886727810676,0.5824624105331523,0.5649237458652869,0.5183808609697885,0.5273228232852385,0.4940593218307848,0.5608168449045144,0.6586763403147706,0.5518180201605463,0.5891477456882859,0.4876282387152475,0.5178388286088935,0.5742039938014397,0.5735757015254642,0.5648565038037789,0.4692961818353343,0.457386246245879,120,165436_fnca,0.9566193621753184,1.038550107813446,-38.80126896565826,0.010000000855169,1.0481350139639476,-43.681709500435474,Procedural,4.880440534777215
165638,0.5762698541041829,0.521439546443842,0.46772295846025136,0.4668604213224242,0.46408521883286113,0.585210062554108,0.5103027530272873,0.5710753862398202,0.5504506120581201,0.5319071091413429,0.516501383328798,0.5182003341129592,0.5052389445344795,0.5889245926482299,0.6673580550551292,0.5258553046571047,0.6219393531140704,0.5183371934248794,0.49593555596388755,0.5749322988348886,0.6094242760666071,0.5845133034702747,0.41122181734121477,0.40345067365352394,778,165638_fnca,0.0100447461525108,1.9999999994898612,-44.43609340516994,0.0100178353044414,1.999999999597048,-48.03568889897834,Procedural,3.599595493808401
165840,0.5745549865903189,0.5149058727531515,0.49725664284326593,0.4681761385561257,0.448247490119886,0.5241354984325958,0.4980689407586026,0.5489766786797016,0.5587228627125106,0.5877234433676223,0.5266009981030034,0.5159268203779687,0.49210671983669896,0.5640653520116237,0.629494535099986,0.5745005355990629,0.5795584218436659,0.4779644058433925,0.541423076106913,0.5618578739993416,0.5799936318191116,0.5609824797782474,0.46778552030351206,0.4747393311144436,23,165840_fnca,0.6950271683449767,1.9999999232199503,-44.14262404018983,0.0100247362505866,1.999999999709867,-44.51102785887493,Procedural,0.3684038186851026
165941,0.5557155419331885,0.5316427285971447,0.47426195802949755,0.49977899605354525,0.4589570749304876,0.5983563091322466,0.5382395070757003,0.5630439827272027,0.56825237803059,0.5466688870847952,0.5258393785567328,0.5181369832558712,0.49669356089832034,0.5636550873933066,0.638699118558363,0.5519046184480438,0.5719639585231217,0.5465361154960278,0.4820134525543769,0.5573520773574545,0.5627556127088414,0.574652549233072,0.4378457413888392,0.4718144113112096,645,165941_fnca,0.1146057344211835,0.3852435530284905,-36.87421702658031,1.4051554957196015,1.999999998829275,-37.85312650929764,Procedural,0.9789094827173273
166438,0.5303585588059824,0.5032578201795583,0.45101741839465526,0.45871371496105195,0.4366614776340657,0.5203124078148796,0.4729103057537713,0.5390701290085523,0.5629330018390275,0.509653442283306,0.49928448452060536,0.48616549201671333,0.4815243482145797,0.5120920451831542,0.6255121727580328,0.4988320881303171,0.5729949765510423,0.47026334402648584,0.4901970286725137,0.544107561382553,0.5360048121621317,0.5617749349152864,0.4262426422855303,0.4330809451477083,663,166438_fnca,0.6620549065677794,1.9999999999873568,-42.79616612244215,0.0637248239028039,1.9999999998652664,-44.47198739802477,Procedural,1.6758212755826207
166640,0.579529696331529,0.5455304408055373,0.5215969256752578,0.47490331107397027,0.4695709248942909,0.5745367442456957,0.5268931008872978,0.572543545240231,0.5542306718567175,0.5505136264892037,0.5715519238424145,0.5166024720197798,0.5344311041696915,0.5696347715517222,0.6507589978323302,0.549593155313397,0.6073988524509706,0.5280389376256465,0.5238506092453656,0.568240611703287,0.5800246293520245,0.5694554401977934,0.46797078184379,0.4796241473032737,351,166640_fnca,0.0100445078449944,1.9999999994275697,-44.37063881168034,0.0100304815852836,1.9999999994716056,-44.80911504970508,Procedural,0.4384762380247409
167036,0.5699171744476925,0.5311688288624044,0.4760602408629586,0.5004561137892155,0.4531854027982143,0.5587482584821664,0.4757756382038949,0.558004412621218,0.5612632047050219,0.5942077393706638,0.5467607006202508,0.546158376126926,0.5145716044351049,0.5540757777637881,0.671540395301906,0.5607398659014428,0.624018900205984,0.48199313323353865,0.5115149480624597,0.5562404357022376,0.5977699844598504,0.5816356887729721,0.4708229994840938,0.47624646506486534,149,167036_fnca,0.077189986579476,0.423564127643089,-43.28031377333563,1.212371668212565,1.9999999999362308,-42.943125077804105,Declarative,-0.3371886955315233
167238,0.5553670139158406,0.5183534982613369,0.44927414613477035,0.4387338565155469,0.4461508395157416,0.5714386036859166,0.5150533092190025,0.5277078035909833,0.5477033155168688,0.5143459121446959,0.5482643534064443,0.4931294032392788,0.5154538187841251,0.5654852268224311,0.6416188545959051,0.536225979132817,0.5807340369271131,0.5232579690020872,0.47938862218265205,0.5585453601213451,0.5662015807466095,0.546945287392105,0.4197582862974917,0.44166701535501174,742,167238_fnca,0.9940821483484142,1.999999998982935,-43.122005644947585,0.0100262901412114,1.9999999997693363,-44.538350873552744,Procedural,1.4163452286051594
167440,0.5620518522659037,0.547739754020197,0.5064999102927316,0.47725502873616094,0.4595167501070862,0.5618058783550591,0.539081176816239,0.5997587341512141,0.5936297261885559,0.5692743994675382,0.558480630646055,0.5184908817578743,0.509811729032511,0.5704459893577605,0.6455566650936981,0.5462618163579368,0.5907949106565815,0.506508498182281,0.5113967407562605,0.5993627714975535,0.5838337248664183,0.5966791357814433,0.4352652566955315,0.4872779361973496,369,167440_fnca,0.103752480884039,1.027984357641213,-43.51868917571673,0.5439461230716303,1.9999999988251456,-43.04109215075535,Declarative,-0.4775970249613834
167743,0.5683412150910683,0.5036819980472766,0.4791495918493457,0.4618606790724046,0.4561185475658035,0.5668799395079334,0.5059897375556197,0.5562864444161826,0.5452745211275601,0.5359359284405054,0.5516369491961111,0.502925901844522,0.5043869079022967,0.5626439336444268,0.6548918972161303,0.5755094414476709,0.5910961836624453,0.4700221960923428,0.48332418867594024,0.5638169081922824,0.5810069151229016,0.5955840400439031,0.45218544592140986,0.47365274032133897,208,167743_fnca,0.8480612778810768,1.6708218265790489,-40.9736383721481,0.2541893489573036,1.9999973907994104,-42.28041351284581,Procedural,1.3067751406977095
168139,0.5224598361151774,0.4654310494718893,0.4368526329269081,0.46012538329265307,0.4241348334067755,0.4498925215224595,0.45361661836050793,0.5289201612913393,0.5065221249803309,0.5143806848635607,0.4620258601959823,0.5118635389598292,0.48373125058023414,0.522148731140469,0.595466638939977,0.4352967682054673,0.6124793834194188,0.3932627017045405,0.39787412674325323,0.5238067304380983,0.5267867720637792,0.5298098598182122,0.40959815934932464,0.3506787674354734,894,168139_fnca,0.0424327839710054,1.9400201260738636,-44.35610802031522,0.01000444471011,1.9999999982785772,-44.74462357899603,Procedural,0.3885155586808082
168240,0.5513806093631289,0.5124896178212692,0.44591843687356236,0.4679061729453323,0.4314424698767845,0.5281996718557218,0.48553575068330346,0.5441597746882048,0.5407393495517009,0.5451602079704928,0.5098936684005211,0.5022740749750378,0.4709379806690269,0.5552006077223859,0.644172088210456,0.5431294536326466,0.5784305416710491,0.4577444896833503,0.46977166470192183,0.5432987663514763,0.55747473256565,0.5685736215368508,0.4237517331004031,0.4232729162710189,518,168240_fnca,0.7485165827572817,1.5914775840469448,-41.41363797240808,1.6405275353727171,1.999959227852146,-40.50403956359258,Declarative,-0.9095984088155048
168341,0.5488050787749864,0.5001760060769919,0.4414307744947269,0.48736144550498284,0.44863249874315436,0.5608991962712966,0.5156323882561377,0.5507928143259874,0.5448396145659664,0.5298878274949909,0.5134423865644175,0.48928206335595015,0.4914940019495982,0.5539330204402781,0.6347609401826085,0.5322856297486942,0.5566331934950863,0.4870439542635166,0.4759041295487583,0.5636662905583723,0.5349587303177896,0.5874877475477495,0.42713012255640564,0.4334682867726397,123,168341_fnca,0.0665855879797575,0.2557988147709527,-41.05947272043406,0.0100000015451724,0.5137582142882811,-42.32014157656714,Procedural,1.26066885613308
168745,0.5244255350937099,0.5139393556499592,0.4710110816080839,0.4373075941869813,0.4316513973128343,0.5555491890353549,0.49266969069836475,0.5502400843585658,0.5499176763744581,0.5326211766455475,0.5416366013396519,0.49230837915089964,0.5224095938114448,0.566935242933244,0.6575772900997187,0.5285049622860339,0.6030744750561056,0.5020659876459059,0.4808725824076741,0.5581029909652977,0.5783606309636579,0.5624617838723199,0.4403749039451027,0.44563022337805164,820,168745_fnca,0.4092771763392797,1.6621348413068326,-42.99375805091199,0.3225085840335727,1.9999977984298227,-42.92577772661369,Declarative,-0.0679803242983041
168947,0.5588656052185127,0.5730695633660047,0.4749542547957259,0.49320135928617576,0.4434578232323011,0.5526468223160534,0.5109102681908493,0.5826328595323083,0.5837950018605215,0.5536212563719473,0.5161265614583657,0.5176371934520066,0.5036716387245418,0.598642791147957,0.6221291293759096,0.5387602836232736,0.5818615629982444,0.5181364986225866,0.47260723409086913,0.5683038948986913,0.5744742314291126,0.5595044781026242,0.4031827136656414,0.4530828740514457,164,168947_fnca,0.4195050447086709,1.064930424407267,-41.74882605513048,0.0100000002483083,0.8512611012086337,-40.662761832385286,Declarative,-1.086064222745193
169040,0.5441666393351887,0.4814988585665514,0.4548559082230942,0.4871557675949937,0.4361803130989222,0.52624778647291,0.5091465173695546,0.5533550602798704,0.5355136753020721,0.5491158557310133,0.5043248314696761,0.5222165395539844,0.47689240593903215,0.5369100165490862,0.6207197074871027,0.5381443139777853,0.5714213392466339,0.43858837761313896,0.4932906470122027,0.5372380548078407,0.5522359685158839,0.5587042319764692,0.40937830786899637,0.413734598519397,498,169040_fnca,0.0100402651906163,1.9999999992436648,-43.68523523979071,0.0100259794763434,1.9999999998568927,-44.045119121737685,Procedural,0.3598838819469776
169343,0.5310768753783054,0.5207604773808974,0.47209533683969845,0.42900726686878843,0.42113037507561996,0.5302436821728262,0.4744226656220629,0.5596146574041364,0.538585758547223,0.5154392557172793,0.518149618258072,0.46779498599760827,0.4643455002049469,0.5488974178633328,0.637341241053091,0.5442832168930056,0.5506807473467823,0.44933635906043434,0.47708378401534524,0.538663152452409,0.5487726241150019,0.5773301918174938,0.42680593010651163,0.4490680097241731,846,169343_fnca,0.0100000000045862,0.1017173609749223,-42.04771179371049,0.0100000010115508,0.5946888128801963,-40.673727157516545,Declarative,-1.3739846361939456
169444,0.5499110102103787,0.49665600490271444,0.47811529887843507,0.4677132459664442,0.4535785695448123,0.5003729632916775,0.5078736392365919,0.57247796165091,0.5777259008677883,0.5558397293911221,0.5362538192312158,0.5061609329948693,0.506565340367333,0.5680729149346548,0.6505006980131217,0.530558243924166,0.5986155548111998,0.47140628984483857,0.5095542101345504,0.5581698348891526,0.5884310964930275,0.5879753752441641,0.451223393903606,0.4197225570139244,449,169444_fnca,0.1695989931171612,1.9999999991621031,-44.190758463642425,0.3755856390239352,1.999999999898148,-44.17768949103554,Declarative,-0.0130689726068879
169545,0.5704063626687499,0.5385029812158547,0.45066394007637794,0.44875792602998976,0.46272486062369567,0.539346387045269,0.455628180447814,0.5492950323968172,0.5416443993977246,0.5343137880047891,0.5638208114246388,0.4877899692327816,0.5115365273443903,0.5445111897479886,0.6402041067486028,0.5492838720456806,0.5732522710420976,0.5301239685727586,0.47735513921894906,0.5484974573017114,0.5510519734008177,0.5474390029386224,0.4489299957191193,0.47161346495736445,835,169545_fnca,0.0100462297202599,1.9999999992114423,-44.45375758685401,0.0100222828828293,1.99999999995468,-46.27923198750825,Procedural,1.8254744006542367
169747,0.4869843873048565,0.49333369642430497,0.46200194156463126,0.4557861464449205,0.42868321066168086,0.4832327714370295,0.4697988161687334,0.5518243181874456,0.5432309294140019,0.5134876889019293,0.510602612860071,0.4879375476132637,0.4984721078945242,0.5400175417982315,0.6375557903093025,0.4955254576676184,0.6015331799642663,0.4577175953615899,0.4892640305971971,0.5098933806752972,0.5572232144242502,0.5372104260615275,0.407014872696702,0.4202951513443553,172,169747_fnca,0.6684657105742052,0.3099288442583116,-27.078763230874426,0.7237251645016222,0.7670370256714673,-32.738842748810484,Procedural,5.660079517936062
169949,0.5607099611460054,0.5407720311729788,0.4377082948645703,0.46976635070240874,0.4458525853960694,0.5699984219489587,0.5051533496860966,0.5555571098855894,0.5633429133605018,0.5562275813713281,0.517852995541583,0.5117744967145085,0.49269129223771074,0.5662427064411423,0.6538129532437403,0.5365170165512461,0.6016746703567183,0.5043149118168274,0.5057293071227317,0.5741339950553017,0.597715587217449,0.5771399082576913,0.4234662215772181,0.4323103333512281,740,169949_fnca,0.0100417584883537,1.9999999992812971,-43.67457343276409,0.0100176795068147,1.9999999996926765,-43.81814923575115,Procedural,0.1435758029870584
170631,0.5294499041789291,0.5166466577838879,0.44372631758128256,0.45154550251852377,0.4384403880763712,0.5633576462905675,0.49560200016052774,0.5576046599721113,0.5553482518407152,0.5194044386710648,0.5085761553227001,0.5183064082283558,0.5043275165794125,0.5823750417993989,0.6444481297647455,0.5088909301935545,0.60141226009446,0.4710487349350312,0.4574016501221856,0.5713771704680233,0.5884589429549405,0.5582331120656039,0.4215490902993013,0.4309698795334227,499,170631_fnca,0.6821841705412655,0.4147200308549763,-28.535615188362172,0.0100000030741659,0.2686745355632027,-25.507233991878355,Declarative,-3.028381196483817
170934,0.5499728479215411,0.49936052319328733,0.5153098040604212,0.48393486298009764,0.4335230662005589,0.4830550571742803,0.4862988143098834,0.5841240419761986,0.5793807676057382,0.5485928834508874,0.5333848659692937,0.5158397089408697,0.5128992037542977,0.5663015369192874,0.6594834562546542,0.5349218200689445,0.5995389133298101,0.46607174293275655,0.5097048256844882,0.5521788863748356,0.5759071485597181,0.6010970401656388,0.4285918925300344,0.41611405434228593,538,170934_fnca,0.0100454800273645,1.999999999538408,-44.422477774714466,0.0100131395562645,1.9999999995296256,-45.628623326790134,Procedural,1.206145552075668
171330,0.5790047765235157,0.5095280187006214,0.45803776106846766,0.4812502956905264,0.4582515215041807,0.5641999341324889,0.48925527681159636,0.5716257613112485,0.5502212210339416,0.5657198035697384,0.539090725920395,0.5185105784926547,0.5110486551340248,0.5740395753873322,0.6564538632801151,0.5670976758364746,0.6125260696773046,0.48302996214029653,0.4883169164075033,0.5659584356817422,0.5772568765874031,0.5797790632993117,0.432971466856922,0.4441454745563776,471,171330_fnca,0.3575379450868108,0.7567127217645712,-42.65022788177073,0.4449134549636973,0.8880047330750608,-41.412644882181155,Declarative,-1.237582999589577
171431,0.5484645582929008,0.5014497131551591,0.48917853212955464,0.4804541897550145,0.4367004698448944,0.523212964225373,0.5124702898833015,0.5936767362818278,0.5954194485141016,0.5250549881578636,0.4778053976759687,0.4990777573603314,0.4606733479350241,0.5807873372977599,0.6351818388778869,0.515582119565417,0.6022218568937052,0.4576224622210973,0.5070834055979636,0.5591806440405889,0.5702464204786452,0.6018922147683826,0.4182251357402053,0.42764176652280556,514,171431_fnca,0.010000000004302,0.1056424886531299,-42.71785377943567,0.0617236217205826,1.4676120970320077,-43.25816798238178,Procedural,0.5403142029461065
171532,0.5474376270852511,0.5382268357781513,0.434520532797155,0.49291086760824654,0.451884395475051,0.5280272374441927,0.462309067226104,0.5463790711453617,0.5419790761632547,0.5676094241305267,0.5201433109738121,0.5119405429833587,0.47138700625385144,0.557483690372402,0.6553284206034111,0.5293043949328871,0.58194458220133,0.5029422779740419,0.488451999727692,0.5366018805100697,0.5530134316979858,0.5873459609226631,0.42535457652670416,0.4270654426819824,910,171532_fnca,0.1744659086186239,0.6483745746378297,-41.6891264557273,0.1348515675424713,0.7118299703852956,-41.45408022505219,Declarative,-0.2350462306751097
171633,0.5776703782402804,0.5337953334506588,0.46043500239280155,0.47821135063859266,0.459032979697322,0.5774076433111269,0.49279731308907393,0.591418518561569,0.5936643504018311,0.5488376754046295,0.5304142850132672,0.5111150078076586,0.5001587711744504,0.5985140862925559,0.6652635366538869,0.5552454793177448,0.605524279893839,0.5090748525377782,0.49135863821936604,0.5917495183883802,0.5867034005344093,0.6077681950784825,0.44644395363840317,0.4537175358968313,481,171633_fnca,0.0100460567862368,1.999999999183095,-44.40258743908789,0.0100142965604245,1.9999999993900108,-45.68728136601827,Procedural,1.2846939269303803
172029,0.5200611894018463,0.4995975129979044,0.45042877135101067,0.45368751222615666,0.41198408290984473,0.47472579905936535,0.4629008034243822,0.5632249079325643,0.5560371492592607,0.5150784646515385,0.47623931805139785,0.4738353010923973,0.45531988649310917,0.5367461674962135,0.6170184015094832,0.5284117061840873,0.57481585707138,0.4584969514176588,0.48455333050757693,0.5274343216037254,0.5390093931589697,0.5754509809415513,0.4106946219889261,0.4076224534815319,384,172029_fnca,0.0545444701426166,0.270727272742817,-38.546989338830755,0.0100000023567971,0.6945811816881562,-39.216532159037875,Procedural,0.6695428202071199
172130,0.5467847988098401,0.5199404702314632,0.4535855173138236,0.4654380780157981,0.436623269163872,0.5514994813176589,0.4957148963465962,0.5738806031778633,0.5771198606926066,0.5474973015305975,0.5270627321295133,0.5218112403221393,0.5195702894369717,0.5706406439846863,0.6636663579055896,0.5154143947835206,0.6033162014537615,0.4823500742001118,0.4857362715860015,0.5762782120237145,0.5777652641557066,0.5933147713586833,0.44557104271278614,0.46444863098423156,101,172130_fnca,0.0564183772756862,0.5490289702866793,-43.992373767197726,0.1201415049185724,1.9999999993332065,-44.24317213163933,Procedural,0.2507983644416001
172332,0.5402193383832283,0.4997399726613182,0.4114633040850205,0.4590816519946141,0.4410007560689547,0.5628719747216752,0.5098481327141429,0.5683357036607837,0.5614729189674739,0.5332486984541736,0.5227333070256597,0.5249562444374419,0.49715088110602806,0.5558932226495784,0.5995953150429475,0.5391756693767639,0.5862688409661496,0.4787703615233916,0.44701898801993445,0.5428609557309185,0.5336133428798552,0.5631052145687319,0.42597543913756897,0.4358411337376635,865,172332_fnca,0.1003384643407161,0.7657553151351761,-43.84987989692649,0.2822116905100241,1.9999986402887209,-43.96030688660247,Procedural,0.1104269896759788
172433,0.5633214672691149,0.5190661271050071,0.4723048439386638,0.4751105777266498,0.4392022891449458,0.5352920927524676,0.4948611695788465,0.5560894204841952,0.5428122301449924,0.5374808755728944,0.5419577554912706,0.4977532445184801,0.4986838718584569,0.5598983474583961,0.6464137551309473,0.5641857114677619,0.5948125447554172,0.4824444598312144,0.4904446886940896,0.5520671889452298,0.5683149242356026,0.5921815815790166,0.4231106231588096,0.4318671688345232,105,172433_fnca,0.0100011857938123,0.0977931718379997,-39.661428840318415,0.0100000012039773,1.895384273057624,-43.258856256888485,Procedural,3.5974274165700706
172534,0.5758798450791908,0.5163961383252792,0.49694103615389457,0.4744713765542305,0.4575952671171924,0.5211448126058703,0.5147004334089424,0.5849406664018848,0.5713076303697894,0.5632715929825249,0.5405687575536818,0.5362726354489815,0.534662776993706,0.5784304983233218,0.6557618997357253,0.5562862276450308,0.6223139776796609,0.48166297807265157,0.5016971590317305,0.5731579405441156,0.6248894263864047,0.6006222742676338,0.4667724182573504,0.44727755965434196,893,172534_fnca,0.7266970415789096,0.4640237385017509,-30.385414041754785,0.0100000007811582,0.3334458802765699,-30.724628222461103,Procedural,0.3392141807063211
172635,0.5628424598953506,0.5034583010640654,0.48280117086688457,0.4438959424578504,0.4734562019911579,0.5541873591115164,0.47157196555437414,0.5288302251910009,0.5498066541651161,0.4917647907910243,0.5524763898062622,0.47104872077448534,0.5146777379721702,0.5627921056002654,0.6406152799791336,0.5385688198185561,0.5793381736175924,0.5074136756082459,0.4732114270971875,0.546965238134099,0.5454481948153012,0.5465037285078089,0.417157077506427,0.43603846988915085,477,172635_fnca,0.568802339492483,1.9999999999998963,-43.78744677978918,0.010040328893791,1.999999999144387,-44.51230575454625,Procedural,0.7248589747570691
172938,0.5310254742160185,0.5134520973847397,0.4469493922708386,0.4552390672628626,0.44265479551551357,0.564837885337267,0.47346875408243383,0.5741152238505538,0.5533683803877143,0.539364161904578,0.52151731017216,0.5051929129807392,0.5074475101342764,0.5593256454703844,0.6567145780934562,0.5018459501549719,0.5994518433126989,0.478989339535682,0.46999751812839535,0.554402135818657,0.5618911406640517,0.575137316537157,0.3913015688156169,0.4239675796923098,993,172938_fnca,0.1406494371535112,0.6864370043541173,-41.995784124946,0.4435983677445481,1.999977787574425,-42.11716745283359,Procedural,0.1213833278875924
173132,0.5509862500675868,0.5683633781853517,0.5357738000772378,0.48368105756881685,0.45596379605021076,0.5569821705948302,0.5384283270556026,0.5942549898383228,0.5762630497092798,0.5409763751569097,0.5423493579710601,0.5277910339819157,0.5397903172809445,0.5866870283763069,0.6892607582841406,0.5474156908024314,0.6004839917782022,0.5390833879742247,0.5296921986594167,0.5589546122258586,0.6022719142353457,0.5868081004812515,0.43706475930681177,0.4495587534134945,883,173132_fnca,0.4991777058215859,0.769405401436561,-40.1892336062094,0.2957734239955356,1.4168920932367248,-42.92201067310624,Procedural,2.732777066896837
173233,0.5205866359087207,0.49252567478096587,0.46619857938617865,0.4693881214829533,0.43591015355976503,0.5050395521730214,0.4288277860196472,0.5638036849003452,0.5491272333841853,0.5286765928808491,0.4962117011321974,0.4861669748355402,0.4661891243398333,0.517124707554277,0.6441766882927794,0.5077614712730306,0.5697582663569005,0.44604823505847263,0.5047607285993504,0.5320522638036806,0.551682603658486,0.5637557052141761,0.41007999608559564,0.39702293971781466,456,173233_fnca,0.0100010255417969,0.0338630865616131,-41.19057011603497,0.0100368594072479,1.9999999990845356,-43.74413563991407,Procedural,2.553565523879101
173334,0.5658290858212867,0.5380864952167483,0.4864749276483134,0.48129208351684644,0.43772136100291914,0.5507138315949619,0.5225646162398391,0.5572635465082983,0.5677970333118824,0.5709902901321681,0.532702904722842,0.5626748823080276,0.5272204466162238,0.5703162357550396,0.6509345315033441,0.5112341121117642,0.6190463400440975,0.5272440166772133,0.554190274596685,0.5736700660819386,0.6011183041440704,0.6014228145141675,0.4683301775630762,0.4449019230487402,494,173334_fnca,0.0100544188298272,1.9999999989081507,-43.69804799955273,0.0100322796866878,1.9999999983488,-43.96903396580571,Procedural,0.2709859662529794
173435,0.5623971298851903,0.490231176225098,0.4859298829482265,0.46032046946115857,0.4540842340064117,0.542451174512606,0.5114352756282305,0.5970656613914614,0.5883068329021369,0.5602019132079677,0.549030434341641,0.5272747252762285,0.522086051160479,0.5998568642378926,0.6547732105386952,0.5406105592663621,0.5982984052455502,0.4795845168404476,0.5135376907235225,0.5635001546057913,0.5720083150067274,0.6031410751801283,0.46393713772446327,0.44779893972279006,490,173435_fnca,1.1785124738048174,1.9999999999835725,-42.40333148086414,0.0575146015413082,1.9999999995519864,-44.63154828372942,Procedural,2.2282168028652833
173536,0.5453371200850146,0.5133312824401277,0.4851933214196068,0.46629882569852554,0.45231037204588476,0.5405669138112709,0.489460274978107,0.5695023568747437,0.5627409560547343,0.5575827333626503,0.5239758621154365,0.5275789922189662,0.5117422014128052,0.5706429364338712,0.6748521778118398,0.49621440293639096,0.6040504291750944,0.46798289850573677,0.5082257214885056,0.5747541836814021,0.5775425485762126,0.5922765010835781,0.4159164305756344,0.4175584860683742,74,173536_fnca,1.659225855795422,1.9999999989087365,-36.72428892178517,0.9110008841435988,1.9999999999999272,-42.92571574405088,Procedural,6.201426822265709
173637,0.5717418932330804,0.5405930336063948,0.5100140788571607,0.46458493793307537,0.4336694277475448,0.5065852595944378,0.4766778096177775,0.5602305478993399,0.5425554714632003,0.5497558413392446,0.5418564142078361,0.5319222714230927,0.5187940333030964,0.5665202847473738,0.6796874956333465,0.5512237042448719,0.6187243593422717,0.49857528347606367,0.5405398045574588,0.583088690697095,0.5852675325454487,0.5936221898241311,0.42231121692993584,0.4420628113312756,522,173637_fnca,0.0100353087207367,1.9999999999424565,-43.68600147466036,0.0100339602362847,1.9999999990836248,-43.69184422162516,Procedural,0.0058427469648023
173738,0.5234212475346155,0.5248231867604257,0.48540424414823913,0.45895939290435256,0.4273322623760781,0.5319797113040265,0.47606476280440574,0.5619118239701515,0.5756249638584829,0.5289949268573266,0.5272921361828337,0.5016210783941915,0.5014027753273589,0.5761188538399358,0.6445940164722505,0.5179771083688733,0.5818997511560827,0.4710328417936758,0.5096465500080329,0.5556538449034387,0.5678987128523968,0.5857256247417316,0.4433312792624683,0.45218248099180164,978,173738_fnca,0.0208735622580193,0.320483144964194,-43.67915849120939,0.0100000024871564,1.5901630424773334,-43.76373669815928,Procedural,0.0845782069498852
173839,0.5416706438034634,0.4967881948613377,0.47368583479380744,0.45808014853423024,0.4384199191882441,0.5344186664516357,0.49633612220320705,0.5563127466796816,0.5452880304966681,0.5352677780664319,0.5161943098407623,0.5095910726737674,0.5001047896823299,0.5750746041746904,0.6664463727472995,0.5412373006636685,0.563581037534149,0.4586705016595227,0.4763246766911027,0.5547718038997298,0.5779852972834965,0.5781631765026298,0.43469972977572496,0.4356902721674096,390,173839_fnca,0.6418323660774696,1.4556392134104557,-43.03560699096528,0.2914969034399098,1.999996104318958,-43.809930408937085,Procedural,0.7743234179718073
173940,0.5725711819560426,0.5535819295795558,0.4546333452202198,0.48012082155347047,0.4525078817974403,0.5625233458582829,0.5040161301841707,0.5952780956086928,0.5732726162406062,0.5572892851665462,0.526167198030011,0.5173456390769322,0.5094880844842093,0.5793001574491811,0.6623775807985216,0.5270804958257393,0.590175159607618,0.49677785211624065,0.4873876226368398,0.5844192949875584,0.5904882939921653,0.5890626740428065,0.4449433678881063,0.44023287185064774,187,173940_fnca,0.0139936950052121,1.2255797594814275,-44.3369703199585,0.3936877440756067,1.999999999872841,-44.19009355920613,Declarative,-0.1468767607523702
174437,0.5610542337350382,0.5305258796986903,0.448302688177567,0.4665743284704081,0.4554046269013486,0.5416748606789323,0.5018819677465711,0.5724591543797753,0.5813683248132487,0.5626450135544409,0.5521526742836521,0.5350879523650244,0.5050038041740131,0.5673088701761483,0.6376692575210137,0.5764816011440199,0.5836117532414147,0.5198367209519952,0.4905054589735517,0.5597522853839269,0.5820397394673408,0.5816401962561685,0.4474195808991959,0.4741295733919677,166,174437_fnca,0.5256985291102979,0.5971151342227189,-37.76235752856264,1.4271662688523,1.6871836089222734,-36.97448138377502,Declarative,-0.7878761447876172
174841,0.5306243909561339,0.4982798188789873,0.44721976187090706,0.43158154725840986,0.41759759719256967,0.5637467314509429,0.478566553432876,0.557167605457426,0.5649746058672074,0.5295791453847575,0.5511627405210174,0.4971516630242011,0.5265379347361188,0.5777930142548009,0.6438919283684382,0.46672066913615773,0.5934437330188914,0.5282709236776032,0.48423912916585926,0.5366380489182145,0.5786645922358572,0.5741671433943156,0.43211213425078493,0.4281597536012056,40,174841_fnca,0.0100000020241578,0.7672798375643253,-44.31939104949918,0.0100037395755104,1.9999999988712267,-45.823306237187936,Procedural,1.5039151876887544
175035,0.5800478939100283,0.5062636026229552,0.47403514298050936,0.47944798062630445,0.47281861967249533,0.5247126472066855,0.5022023824484368,0.5349369306011194,0.5315919466633402,0.5540766010319425,0.5462194479131957,0.49995597969265776,0.4939590489905229,0.5596063678676716,0.6576488297395852,0.5676446690760918,0.6004747675333786,0.46825480810474013,0.4856125780782631,0.5777968971724602,0.567436246153863,0.5780485529054191,0.4215788500055314,0.44347164822974283,723,175035_fnca,1.03486933162367,1.999999999350684,-39.795265947839525,0.2763063166237946,1.999999999999977,-42.24790779552118,Procedural,2.4526418476816545
175136,0.5629227844528828,0.5160069851465466,0.4582460831026773,0.4691889191392222,0.44105770566899244,0.5358944184283942,0.524268661610205,0.5602144973460054,0.5689082139680403,0.5878433316055116,0.5301881966628982,0.5351039160095727,0.5181660892838318,0.5862630638298567,0.6874042468229863,0.5498637126831232,0.6008155882757741,0.48805213445827134,0.523303927491387,0.5761663450875096,0.5829259165279594,0.5967292710715885,0.476670473486772,0.45639111492369566,836,175136_fnca,1.7147025514562502,1.2623744339762255,-31.091765172528586,0.9656717166324648,1.8511589612080197,-38.658063139726785,Procedural,7.566297967198203
175237,0.5518128110668923,0.5198705435371841,0.4697089141761671,0.45603741378685336,0.45443274034047604,0.545180233305542,0.5102410769751852,0.5661906426254693,0.5640925966924357,0.5334882942135936,0.5168119332487219,0.4965147158862807,0.5111673518510582,0.5636693653483211,0.6631272731552668,0.533695145158449,0.5897122877403088,0.49399580713076885,0.5088417093386355,0.5617737909866978,0.5722486830301752,0.5786495413429423,0.426242255891417,0.4354718319313033,251,175237_fnca,0.0100463849278638,1.9999999991887865,-44.395445769443384,0.0100028944703693,1.9999999996826552,-44.64644438570829,Procedural,0.2509986162649085
175338,0.5679082564261879,0.4809950040153682,0.45409869054756535,0.4762264742108186,0.4477608560562988,0.5408185719554084,0.49611694997291395,0.5802226597901997,0.5824403347597543,0.5348457664522489,0.5308920291252681,0.4975283275810687,0.5116155139647793,0.5581816928397569,0.6429083985969367,0.5670749058239462,0.5599671177664863,0.4533391527045763,0.4700821672224231,0.5529132682483217,0.5544772928842021,0.5637962566425181,0.41309045319771703,0.4296666449573625,230,175338_fnca,0.0225123065755656,0.2359144191532553,-38.498583832637316,0.0100000007047463,1.107209107958736,-40.14997085536261,Procedural,1.6513870227252951
175439,0.581364027002122,0.5268210579543857,0.4611623809417651,0.48720728427974785,0.47255346099570095,0.5465904639512599,0.47624892934833796,0.5642776767369343,0.5683354840635083,0.5601422363457237,0.5253778397988227,0.5126994354854255,0.49909151963664294,0.5696384943010342,0.6577503216071304,0.5683996849861342,0.5993292456987185,0.49302691059957404,0.5026089466534732,0.5878059874158684,0.5774629541368407,0.5921397713729761,0.43463534879818133,0.4519434774562176,738,175439_fnca,0.0114699607054981,0.6567855500912566,-44.282241233528566,0.0100572696508396,1.9999999991508384,-44.62608361563039,Procedural,0.3438423821018261
175540,0.5762923890019597,0.512468165274367,0.46850671865326,0.4805470960044852,0.4610596211344455,0.5702564917070948,0.47901643428829926,0.5832986983268468,0.557261272541111,0.5285386208508254,0.5160611110174697,0.5034788967218208,0.4960323093769842,0.5660452321452122,0.6576283347423183,0.5632517555852388,0.5799695791793709,0.4824145126762229,0.47844242124591324,0.5754155225011042,0.5702763931412309,0.5671064559229597,0.40822447367536585,0.4291028383348872,611,175540_fnca,0.0205529361886839,0.1286065375660228,-34.85938413849365,0.0516206699959904,0.3637090555308396,-33.69133132690979,Declarative,-1.1680528115838626
175742,0.5312814763059431,0.5481608122326117,0.4511595045924532,0.49394835405027243,0.44761258215390387,0.5164330214383168,0.4467874366780025,0.5758751116725126,0.5721534882058105,0.5816279206784017,0.549630473439899,0.5320009790409673,0.5219146151367079,0.5713424103963525,0.6919236799715407,0.5263329959042193,0.6035586837268401,0.4891915992242339,0.4929456562878253,0.540019764506624,0.597084242864244,0.6060377957114284,0.41765537856461177,0.44135667794809813,368,175742_fnca,0.7156291492826999,1.9999999999992348,-43.056624641828535,0.0100058284138253,1.9999999988045467,-44.97484084510384,Procedural,1.918216203275307
176037,0.5760887020816693,0.5727123504058728,0.5049587453256571,0.4725003224895964,0.47105963235452136,0.5910366056345002,0.5092771028377797,0.5611862547421561,0.5493747977441389,0.5448093954868524,0.577762785359767,0.525799110021461,0.5479365783401616,0.5764538651061624,0.6638357650130878,0.5311927982706468,0.6289923233779513,0.5478019136622289,0.505236193751592,0.575048797636982,0.5841846555494038,0.5655371102518455,0.43078223078077066,0.42615915438283913,127,176037_fnca,0.2635071050857705,0.502380774818397,-38.170550792903875,0.0455667133832102,1.3330187683510606,-42.3981516411093,Procedural,4.227600848205427
176239,0.5510279904880946,0.5328467651440043,0.4530587950709166,0.46405615950495954,0.43578307081724127,0.5799577906491095,0.49724946879948884,0.5462371225405951,0.5286312143907841,0.5401878015335508,0.5291105494202584,0.4970322134685303,0.4707220174094619,0.5500191494115364,0.6680909266424336,0.5311560837645822,0.5834852706075022,0.47990806307862977,0.49621470059662376,0.5541516544778967,0.5569495386688783,0.5681101333805048,0.4538847334630659,0.4600260481209945,790,176239_fnca,0.7872636338629978,0.7537069560047471,-34.85551301020825,0.0100056097717634,1.999999998349513,-42.789098894114346,Procedural,7.9335858839060975
176441,0.5777498998949104,0.5667544693560146,0.4923266404891003,0.4686589761451888,0.444252016177596,0.5922328806181881,0.5016543965003776,0.5653600986687114,0.5649633794830967,0.5838368871377753,0.5505110546865831,0.5574237583937349,0.5421312698651071,0.5751445373849996,0.6973876849259036,0.5621140637685886,0.6084431895453165,0.5258576930928492,0.5243845775650664,0.5863707642263709,0.5970374852707423,0.6101699053022851,0.44878546550168497,0.450676838702951,405,176441_fnca,0.0100471756065721,1.9999999984549224,-43.70941981913112,0.0100433299823245,1.99999999853309,-44.76923628969833,Procedural,1.0598164705672062
176542,0.5455427736723508,0.5322565518080389,0.46912817011256613,0.4858378814133802,0.44571174410874953,0.5647434439567438,0.5220579506156561,0.5755665567428867,0.5681542912896713,0.5907723145923177,0.5597322029342852,0.5634074362029373,0.5402544341519385,0.5935091594606166,0.6756487609352178,0.5499935699898653,0.6160565007995151,0.5060370612335712,0.5050710654766825,0.558461372442084,0.6043768714235285,0.5789841224542802,0.4384218969897439,0.4456135259905139,10,176542_fnca,0.0100411183092266,1.999999999211891,-44.37182133796183,0.010040588544697,1.9999999991649149,-44.452343039011005,Procedural,0.0805217010491716
176744,0.5517310972648299,0.5258047240796454,0.47389414747969033,0.44308182314930006,0.4441613748267663,0.5350828672024486,0.4511772627007521,0.546218308872013,0.5542588281545437,0.5298763600621693,0.5276680564983196,0.4991972548894856,0.4823370196273629,0.5468120642198806,0.6489951124236726,0.5346959139109871,0.5709668732968434,0.4796497811743549,0.48880259640152934,0.5416926760296414,0.5551167493590303,0.5633481366322348,0.4333174013863026,0.4646814345851647,373,176744_fnca,0.0100337792817527,1.999999999512922,-44.386933437630994,0.1116683314779578,1.999999999553283,-44.9931009700277,Procedural,0.6061675323967037
176845,0.5404905084997721,0.5031790232265068,0.5149802216794584,0.45994020151026804,0.44521384503317996,0.48880576817435295,0.4886265936915323,0.5647487692995526,0.5675231157171682,0.574828533395785,0.5097128842157482,0.5189725411664583,0.4950158167062624,0.5630037090899398,0.6462199549889242,0.5500170371770001,0.5877167798576126,0.46172071370244644,0.5574665451385084,0.5689468579995887,0.5598999709834973,0.5623710797228116,0.456817618782455,0.44898506726899634,927,176845_fnca,0.1989066996030456,1.9999999989790904,-43.717580387082414,0.0465772710273617,1.99999999997376,-44.369829375890795,Procedural,0.6522489888083811
177140,0.5439228619125411,0.5103455930929921,0.4982936247372546,0.4662021600933757,0.45212911137582656,0.5276849965755231,0.5246503772605589,0.5918541429401085,0.5989947535407737,0.5081902182975754,0.5081369179017323,0.49823447923298614,0.49779813547627066,0.5682142200831827,0.6340356363196252,0.5358568858641601,0.5955572732528158,0.4884820812085421,0.5360683128666336,0.5747620335866889,0.5937729634148166,0.5556099762955583,0.43559904182376186,0.4472800733728709,577,177140_fnca,0.0100003226567267,0.140112570100125,-42.78126484951343,0.0908721629744444,1.7065627027868315,-43.37325599249062,Procedural,0.5919911429771929
177241,0.531935989213714,0.5008147713030733,0.4788494694627942,0.46337955276719883,0.42236293996125374,0.4803420162760583,0.46653988215845305,0.5598733823685708,0.5579449308160426,0.5658997773216785,0.5063321883820616,0.51667398901317,0.4781539311468305,0.5689580579791823,0.6360771941921811,0.5345974659749657,0.5879377832428317,0.4436384511551453,0.5015408478488276,0.5363266349111153,0.5818276304921375,0.5735441929705689,0.4543245451527872,0.42708458842202185,1,177241_fnca,0.6743372781103814,0.9172533726566192,-39.81611286337176,1.999999999934418,1.909453727131968,-37.57775915486028,Declarative,-2.2383537085114753
177342,0.5659294824922837,0.4897713060748935,0.47353833283700764,0.44856431612691183,0.46544195429946017,0.5294182342522646,0.49624349629146847,0.5563686344223278,0.5788192812563008,0.5198902752054494,0.5685781200606271,0.487325923787307,0.5157164889640118,0.5816083438615809,0.6445764466338139,0.530535852651808,0.5801719056004502,0.5097649302426854,0.4934307638226385,0.5788900167962618,0.5725447618779116,0.5704657864561259,0.437442434219629,0.43234103383641853,411,177342_fnca,0.0100428913885685,1.999999999623697,-44.39314218504204,0.0100049776513516,1.999999999214012,-44.69856409311276,Procedural,0.3054219080707199
177645,0.5520596052320609,0.5006093274086082,0.4439529055978683,0.4688537605779405,0.43699993799080095,0.5591377662086108,0.5082779377345495,0.5706075366182372,0.5723550850005895,0.5301113470016744,0.506718981363357,0.5064227415860607,0.4818195754864363,0.559731098314612,0.6534590178951967,0.5372669852035797,0.5866347638117887,0.4875065191480034,0.48277307912954265,0.571776031963025,0.5693140325683297,0.5640134083188273,0.4485206578727775,0.43173907165728775,933,177645_fnca,0.0100001583552088,0.5858915242271717,-43.649534271489074,0.0100477668018223,1.9999999990854027,-43.76207480810136,Procedural,0.1125405366122862
177746,0.5894227330380862,0.5576427854362827,0.5410025181685174,0.49532798951956253,0.48961826828992405,0.5541623768359998,0.5151325198314433,0.5914101168058529,0.5948791763081066,0.5828993364712777,0.5658387733354393,0.5525305801378448,0.5522903779878156,0.6191469653495467,0.6888307376984578,0.5518033842891691,0.6516540860032243,0.5196570590091334,0.5464641617200359,0.590626490659691,0.6297744462849293,0.6016079671661022,0.46132603939465855,0.4464925776930906,607,177746_fnca,0.981720616843516,1.9999999998181208,-42.89649068440996,0.3707788383975337,1.9999979985430676,-43.13258317035598,Procedural,0.2360924859460169
178142,0.5512064475198692,0.5536180619539681,0.4756302685342942,0.46537499840821717,0.44603770812102433,0.5552149304842608,0.4949841147276828,0.574584231246405,0.5731990329839868,0.5563813727848471,0.5658433055067215,0.5148662217417042,0.5269318762251156,0.5757466820282819,0.6511788885423946,0.5395096365120731,0.607107532053866,0.5083952067569368,0.49011645676372334,0.5679965224228809,0.5888430143007073,0.5931802117973156,0.46003492297165016,0.47446724127689655,886,178142_fnca,0.0100462344851299,1.9999999991526416,-44.434440028637695,0.0100262333325712,1.999999999680843,-45.78986980361255,Procedural,1.3554297749748514
178243,0.5510294113211645,0.5089697653951851,0.4940511435441182,0.44135240386410063,0.45639348460506857,0.5478391547145331,0.4680666359775736,0.5735366914965322,0.5546009717939463,0.5042949209063086,0.5109968764344681,0.49324850350786237,0.5080712806661395,0.5772312642462644,0.6677531044161843,0.5137922994583755,0.5804981866712665,0.48949153423961006,0.5059654776295499,0.5840852775303099,0.5662171110289944,0.5705753066576655,0.39528935398914805,0.4075097943538358,459,178243_fnca,0.245682131051929,1.9999932731327628,-44.37966206878594,0.0100473164144916,1.999999998406795,-44.229275283953264,Declarative,-0.1503867848326763
178647,0.5548214471660209,0.5293993466772098,0.44477380050473614,0.4338758157066394,0.4278777208845886,0.565078077755284,0.541616933601826,0.5405981640847468,0.5219150127308259,0.5343405713189405,0.5501571442916914,0.4845569483135889,0.4902293360642956,0.5711333489446739,0.6615134921538218,0.5620075850792893,0.562987743647911,0.5435347445325276,0.48505489278236164,0.5768221991971696,0.5624767016566367,0.553884000359404,0.4340791477649148,0.4610968609273525,529,178647_fnca,0.9766074398849672,1.84438123811285,-42.36989400833707,1.3641118724954195,1.9999999999655909,-41.73561321997692,Declarative,-0.6342807883601509
178748,0.58263921206059,0.5190919096775756,0.5055640595065816,0.5019188640021113,0.45475650869093925,0.5412485102189156,0.497989842168063,0.5542686375149285,0.5427542385096455,0.5826680529391676,0.5488278827950235,0.541699458599533,0.5179230075792042,0.5684893733054858,0.6803520091869173,0.5860470631616504,0.5925365209085757,0.5042297233993365,0.5354714194849284,0.5987479027624513,0.582548614572229,0.5853214928691752,0.45247096205427395,0.4419527866108614,986,178748_fnca,0.0100542322287356,1.999999999181758,-43.7248064561296,0.0100362624415051,1.999999999168678,-43.76255526334983,Procedural,0.0377488072202325
178849,0.539944793961957,0.5212321314537247,0.4221388989242317,0.4342944396037982,0.42379300603482295,0.5291804409455044,0.46001579149134897,0.5373793648230211,0.5248081505901642,0.5226988263043454,0.5161074573804314,0.46887080762670946,0.4702596950021676,0.5421563520679045,0.6155248600034701,0.5329293717283823,0.5241654286704754,0.4453144380316328,0.4531897658418962,0.530998464010889,0.5356462495859791,0.5254006557227973,0.4483727618842442,0.4702310400204195,398,178849_fnca,0.0100462908942435,1.9999999991515671,-44.43656228595057,0.0970341184539288,1.999999999356807,-45.98191734579893,Procedural,1.5453550598483543
178950,0.566605541795965,0.5401242410390392,0.5030379011815426,0.47015288332080074,0.4508511886752713,0.5806437368801752,0.5023220647390277,0.5279274495619268,0.5320308724701637,0.5340885790554107,0.5334553360128109,0.5130764091518367,0.5046211403442714,0.5787201480513601,0.6810803152993001,0.5444667300482862,0.5973817347571045,0.5155163171217086,0.5189370983935038,0.5418914679062786,0.5881842517574852,0.5828996815400596,0.4306781432115782,0.46532014635832897,78,178950_fnca,0.26785620258319,0.6693993146645393,-41.85562186931993,0.3176035326948003,1.016698247644222,-43.286813877269154,Procedural,1.431192007949221
179245,0.5460814152009117,0.48466024542582287,0.461066039466693,0.47625039782728673,0.44731816088419046,0.5580979601239993,0.5215172312997377,0.5406688585679038,0.5376287695637815,0.5260059272763339,0.5064086129185656,0.5087505458695485,0.4885100495520717,0.5485275189741902,0.6172227533305275,0.5440505412637878,0.5773154876247797,0.4629602376155525,0.4947870542777805,0.5451220073777546,0.545764135547671,0.555488719853934,0.4163178396816622,0.39558460516753213,87,179245_fnca,0.7877965108352437,1.999999999999928,-44.43493640053903,0.0100000008488848,1.9999974119357848,-45.995399260047535,Procedural,1.5604628595085046
179346,0.5423279147176303,0.5140799729861975,0.42807479378694957,0.4655321766332161,0.4493979147585428,0.5308376218945828,0.5071428067351449,0.5650529988301336,0.5578084237350874,0.5485197244713845,0.5208118672067524,0.507654301536193,0.497935900395542,0.5610372467222962,0.6428205577222802,0.5247543852893491,0.5701855315387288,0.5088248974199878,0.46479936073271455,0.5422763182292819,0.548574343974749,0.5513617152511856,0.41438170252830664,0.4597564104082556,480,179346_fnca,0.0100467728566691,1.999999998565107,-44.41383926586631,0.0100314852870533,1.9999999994217863,-44.94774576453499,Procedural,0.533906498668685
179548,0.555608670258436,0.516518703977093,0.4585677561557796,0.48066971851387064,0.45167037417461686,0.5440855068545748,0.4761833226982262,0.5806868526875423,0.5616157098885817,0.5444849241552708,0.5122299539325342,0.5316181110592962,0.5132368331109697,0.5651936685582297,0.6667267760427379,0.534452207352413,0.6219555777554161,0.5059010860448077,0.4732274396344498,0.5440287486694069,0.5734585730983571,0.5876464126088411,0.3949138918901842,0.37549434741855764,966,179548_fnca,1.07471986762794,0.8021764038298499,-34.758267477474206,1.5175643295237646,1.9354691240672328,-38.58577015097214,Procedural,3.827502673497932
179952,0.5123390214259095,0.5078051921450056,0.4695037355922629,0.47270576133121184,0.41821796525283267,0.5671482368383352,0.4669266417280138,0.5661939732310048,0.5565290202888317,0.5438168773002297,0.5260579345747706,0.4943270529694482,0.4751254516799575,0.5790532998168142,0.6742435617123231,0.514379505735098,0.5900595096953923,0.4781398956846564,0.4896573055827042,0.5788958344635978,0.5651561836742148,0.5723851909929341,0.4458508274785432,0.4339239094308182,890,179952_fnca,0.1527413538574165,0.9807747086378524,-42.99088642837207,0.0874520067181804,1.6213747563085137,-43.42208172890542,Procedural,0.4311953005333464
180230,0.5455133421664474,0.5110497507000807,0.47879034097336093,0.4528094529483163,0.4232147150314349,0.5055132103936808,0.47369953318999464,0.5645434357808653,0.5788391399700834,0.5711069471270637,0.5389300361968969,0.5169665378678455,0.49747985978739306,0.5525908410084879,0.657673439302474,0.543102473757517,0.5657847907996205,0.4619830663509791,0.48674817606792564,0.5630200992291408,0.5653249429994864,0.5846345665023023,0.4374916859246828,0.46883097228614234,86,180230_fnca,0.095779140725145,1.914767831662142,-44.35247538995444,0.0100288536828866,1.9999999998223792,-44.37116046163847,Procedural,0.0186850716840254
180432,0.5579363968608434,0.5142468281805797,0.489576407452637,0.4784305584358814,0.4613908680224965,0.5203201074078289,0.47348523841299184,0.5631146908275652,0.5670959179994508,0.5185783318235477,0.5131089777022346,0.5056420552949019,0.5036210504952501,0.5573848778766092,0.6491092052341998,0.5289165590873254,0.5923654781381393,0.4579580394405888,0.4910537659591057,0.5650483657870979,0.5838299373215065,0.5897945741692837,0.43055829684527197,0.4277399743477391,505,180432_fnca,0.0100444984097683,1.9999999998365288,-43.68309357147784,0.0100348052988579,1.9999999995601008,-43.89718909358533,Procedural,0.2140955221074918
180533,0.5780293098792425,0.5032174126744086,0.48626521459838307,0.4468628468215195,0.4666584853067809,0.5461012064773969,0.48797977760055355,0.568497443747532,0.566336935683371,0.5225926309035271,0.5917107772571697,0.49873798354962257,0.546218332140436,0.5678559595010138,0.6443053678008829,0.5516778109772719,0.5748698645329395,0.5136627391288224,0.47398573315433024,0.5595193514579617,0.5672764439631268,0.5591280302411219,0.451253442278537,0.4385132808960071,142,180533_fnca,0.0100452155265629,1.999999999550119,-43.78387231032925,0.0100093878697729,1.9999999993134816,-44.81152948867973,Procedural,1.0276571783504878
180735,0.5496395928302921,0.5450512867339525,0.48290979217787017,0.49198923478382595,0.45368000044709733,0.5503216899056422,0.47698798378976354,0.5620794715269778,0.5599037687137356,0.5641955307463234,0.5215801101617641,0.5420040128390149,0.49960500063635443,0.5682232593488288,0.6618237566903263,0.5330435677779608,0.6008329943780544,0.4925818116301767,0.5040994735911333,0.5464894170505121,0.5830645534193106,0.5750493898892733,0.42008805724164,0.4400432237302478,238,180735_fnca,1.3968067849584584,1.9999862137197393,-41.30026044018799,1.2566079228618263,1.9999999994500424,-42.25283762437316,Procedural,0.9525771841851663
180836,0.5725923750248931,0.5334810375625351,0.4893428481377207,0.4670160291402464,0.458370082077133,0.5357337485232603,0.5065375513664834,0.5651343992931743,0.5548521600432315,0.5507212263294428,0.546141219998582,0.5188667196241525,0.5147948763695996,0.5644667982836898,0.660712077697463,0.5653949355855145,0.5858669394868246,0.47149241751562443,0.5009914441063605,0.5607943119694174,0.577071649959358,0.5775206887829573,0.4108250928252453,0.4415125529606825,97,180836_fnca,1.4563377011837666,1.8859436251835175,-39.449032004228386,0.2691208241814752,1.5411367062624126,-42.375397115370255,Procedural,2.9263651111418696
181131,0.5561798094046145,0.5308129246064884,0.47367340184987033,0.4722848416307285,0.44818735921305225,0.5540949394626279,0.4973642761959446,0.6021877951910953,0.596244950974256,0.5241374424810311,0.5097504524497052,0.5027816487758695,0.5043139776749627,0.5864537046128995,0.6524398305700552,0.5122497596674317,0.601248742774841,0.5096436564380618,0.46532457695590657,0.5665309692177722,0.5701829984348881,0.5712103933495056,0.39588665933875566,0.42619306261269146,713,181131_fnca,0.7181759391212892,1.0468087354641866,-41.455738466283805,1.4154463720764066,1.9999843378395248,-40.55623062617313,Declarative,-0.8995078401106724
181232,0.5595961631950248,0.4907299055932125,0.4767342323864591,0.4621921769743878,0.44119749296340005,0.5322359195965576,0.5144717540065005,0.5593698179441429,0.5577214192088809,0.558883276676816,0.5339775772664145,0.5228625124634363,0.5155792107817428,0.5701223462397919,0.6481465111254568,0.5311638976861975,0.5914386217240665,0.4911569873070903,0.5090960028960513,0.5648270501748207,0.5781547995625271,0.5789725307407874,0.4395804025473835,0.43177749091881135,901,181232_fnca,0.0100351558792431,1.9999999990044568,-44.4169272577295,0.0100331237756893,1.9999999997380944,-44.72951521344338,Procedural,0.3125879557138802
181636,0.5610868973982078,0.5258974099382826,0.43814644236865136,0.4576673273974041,0.4537229638794033,0.5584941842934117,0.5299145032548835,0.5596883990989494,0.5383002042136904,0.5203477279420546,0.5262556927805554,0.4976148598643397,0.503053758142806,0.5509615067316467,0.6451226522095098,0.5589096002537994,0.5725230396050882,0.510903086997817,0.4624933198284127,0.5538305678613695,0.5530091225115371,0.5615635825055167,0.4159929393585452,0.4325225608672817,89,181636_fnca,0.0100000022069774,1.8601266942960692,-42.973455654541,0.0100417734708686,1.9999999985008563,-43.1146271399019,Procedural,0.1411714853608998
182032,0.5497823072352709,0.5138493139440592,0.46517595310778825,0.4924833176743044,0.4580475933175591,0.5267302477768181,0.5065130466441261,0.5638543760642322,0.5620569367119983,0.5711283898137522,0.5229151698267287,0.5372346755633594,0.48990459655485247,0.5543241815551543,0.676369021915976,0.5375335951493013,0.6087647883594358,0.48086353198271115,0.5061116453780043,0.561994607253547,0.5727127513131294,0.5875425725467796,0.41126864373541927,0.4373403595124211,547,182032_fnca,1.0078368556388555,1.99999999993711,-40.93519173524132,0.5399849851541336,1.9999999999999176,-42.77309002346778,Procedural,1.8378982882264625
182436,0.5676098514421221,0.5313239220448609,0.46217456522439965,0.460109398234315,0.4509969685043871,0.5493774246468582,0.5025263996854945,0.5514341268637462,0.5521112168590123,0.5428260562693671,0.5525092619832627,0.5091903786167096,0.4994267614413183,0.571030122658669,0.6541805595066519,0.5523461427092198,0.5815827441452894,0.5203836723292617,0.4975845166762596,0.5812344117252431,0.5752748000982713,0.5730895004663769,0.43097331946423195,0.4497332652623334,469,182436_fnca,0.6221735502267962,1.567039453311551,-42.94963815934919,0.4650645451185232,1.9999801604632463,-43.54862886734237,Procedural,0.5989907079931811
182840,0.5669735055017147,0.5384417722602584,0.45605460225586486,0.4439732906166045,0.4505107501924275,0.5564693300058596,0.5366067781389595,0.5490367868518178,0.5566208275291084,0.5244691251261,0.5537536742433048,0.46590878102822025,0.4834295334609642,0.5758580711502134,0.5985281787036429,0.5566403420038989,0.5751921213069242,0.5177754550030746,0.4766848357084901,0.5680352375248825,0.5534291041532962,0.561750034581924,0.4502487175090649,0.46732266252320825,350,182840_fnca,0.3018123705573783,0.8456142627560488,-42.16659644627349,0.3968947290848666,0.8095523588989211,-41.42792235013045,Declarative,-0.7386740961430434
183034,0.5516586934681833,0.5479313603061001,0.5197746852831395,0.48522969428184964,0.4518318693309993,0.5162993067452019,0.47581456072015954,0.553083959453785,0.5575712518288094,0.5763892525770421,0.531419806233743,0.5158963558018477,0.5073563790417708,0.5742142789406453,0.6552362529181195,0.5224153320680411,0.5933134250144896,0.4944571152072006,0.5427940761765983,0.5621428310941963,0.5914604070958402,0.5777109032134299,0.4365535662739059,0.43886857384011974,896,183034_fnca,0.8846235061705203,0.6904207962967313,-35.46865758450832,1.9020413782147625,1.9999697102732088,-36.722376442435795,Procedural,1.253718857927474
183337,0.5325493724104489,0.5287280089366864,0.4873052935190285,0.4697396938230437,0.4490135788157357,0.5601517502324667,0.5162029094760813,0.5614655582928352,0.5460561649376853,0.5713405291977199,0.5435853122449013,0.5025913395994853,0.5126311743366527,0.5760748713744013,0.6607181252608508,0.5056237132826649,0.5728179528799597,0.49330659389396225,0.5018576262964367,0.5635388677731895,0.5698271311377228,0.562078282421037,0.41377958333383125,0.4474457931751197,698,183337_fnca,0.0100000000090576,0.0322503006032628,-38.603085896367,0.0100000012782976,1.5202682271385064,-42.157361194557105,Procedural,3.554275298190106
183741,0.5734594757887703,0.5117501709966342,0.4667411461786357,0.4516029988044192,0.4836432510195051,0.5433178108167828,0.4829235896314188,0.5661882761618776,0.5710964248307677,0.533048950953768,0.5693285279516107,0.516681576572741,0.5545451569518317,0.5496495927252082,0.6576827312862507,0.5179609620967338,0.6004858081802674,0.5166088683783436,0.45728376152114586,0.5553538816158727,0.5716608115829496,0.5558805559281759,0.4313802945040657,0.46646079948411334,964,183741_fnca,0.3573998147401783,1.1101312606752198,-42.033346868409126,0.926348912762504,1.999996241791082,-40.696830759682975,Declarative,-1.3365161087261512
185038,0.5383616147211443,0.5086313597046707,0.48169480142408716,0.46371981457969874,0.43465967372128117,0.5136251325388557,0.4599296338825021,0.5411028865782385,0.5385954955796165,0.5217258145834607,0.5301585264413958,0.5158840207759152,0.5227476951283286,0.5403069526584037,0.6681278460257777,0.50984857898582,0.5850919668513375,0.45655812275678387,0.4779832971568684,0.5527984805267935,0.5841598041330113,0.5932092780451736,0.40040242100659607,0.4103199259733863,311,185038_fnca,0.0100417275542237,1.9999999993057016,-44.39630819730681,0.1557871446014365,1.9999999992477064,-44.72775407967632,Procedural,0.3314458823695076
185139,0.5471209850628554,0.5374768821754823,0.4739266190267915,0.4696768189761778,0.44577647485565686,0.5534671552911339,0.4953808476429915,0.5583810962620295,0.5480849813814509,0.541088666320092,0.5395041023163355,0.5316393733176797,0.5198868376347349,0.5693535033706818,0.655984244288272,0.5466264914848801,0.6202592925413009,0.4790784610944482,0.48756775749300035,0.5734927272251883,0.5958715279468675,0.5839460571281648,0.43906195550709903,0.4595682322823671,934,185139_fnca,0.0100429306041169,1.9999999996454003,-44.36951191510295,0.0100363805947914,1.999999999123493,-44.40484479029446,Procedural,0.0353328751915142
185341,0.5751879888529741,0.4976040490355061,0.5036911138429817,0.45706409904021017,0.4575825676231405,0.5278913622035979,0.4873449500793959,0.5643952005643231,0.574714705643213,0.5153332671275332,0.54638499048415,0.49612686752553986,0.5415292028361606,0.5843046790466236,0.6654630983736092,0.5216912006414575,0.60295182824616,0.5153516901133885,0.5390732237796904,0.5732100333141561,0.5808181021040193,0.5669730520721172,0.4375707477301085,0.4315954220832283,210,185341_fnca,0.0100438595708579,1.9999999998347773,-44.38356474727705,0.0100050916593084,1.9999999991241904,-44.52778744333324,Procedural,0.1442226960561896
185442,0.5759629527742726,0.5465019273851199,0.47214814333084837,0.44922809304729244,0.4397424707168588,0.5669949683715247,0.4812045192444829,0.5652244944697861,0.5638325822997757,0.5483803837533631,0.5333160821563161,0.514432620560169,0.4991411695352253,0.5691627007675306,0.6553454166919866,0.5408315036901693,0.5929798172387449,0.49258568100966976,0.4902130008749303,0.5643829240470644,0.57767294828123,0.5867007890206125,0.41912875748136935,0.4676339899394735,38,185442_fnca,0.0100418569954379,1.999999998950522,-44.40998634840864,0.0100237391601171,1.999999999622373,-44.60236883271221,Procedural,0.1923824843035646
185846,0.547035137112968,0.5065524386968728,0.4377297449478737,0.45930798364895326,0.44951150513780447,0.5272315157703032,0.4863736959419681,0.5670725401965889,0.5712431104348658,0.5271591835145125,0.5265004534298222,0.49194371789702124,0.5073258251774767,0.5502929876210417,0.6779105966373234,0.5228021750818269,0.5707133389387775,0.5179593398703584,0.48646159235399744,0.5587011159128833,0.5513239480070453,0.5789435379974154,0.4204175269568853,0.43469446827982977,582,185846_fnca,0.5521288225108353,1.065292463111869,-41.44052414834036,0.6330297212485562,1.1292975383876716,-40.27660055956653,Declarative,-1.1639235887738266
185947,0.5509308671305342,0.5205022318173874,0.48472575609667584,0.5219228827166014,0.4583592140342932,0.49509107160830906,0.47847451193171736,0.5752311736912511,0.5597847063202941,0.5829584874019637,0.5451689694452775,0.5571032301432175,0.5051772850585067,0.5697210681769689,0.6515755370511674,0.5305707669835439,0.5990169025010843,0.4804742007992743,0.5077058868625601,0.5531746969422856,0.5885711145895923,0.577357629151932,0.4720818253060947,0.43271879733405433,203,185947_fnca,0.0100000000348937,0.1743653857653043,-44.10087343406654,0.0100433419578873,1.9999999995295312,-44.437253011539326,Procedural,0.3363795774727833
186040,0.5505678259469081,0.493334501546979,0.44925536840309205,0.4605183488963677,0.40831813620915197,0.5077498457991123,0.4702207156654167,0.5373333178655515,0.5205438375854008,0.5472300301960962,0.5179168327794664,0.5192142971672475,0.48717160723141945,0.5403852785379856,0.6336015895349614,0.5147253143460964,0.5361071412357483,0.45785695128980614,0.47806466077210324,0.5274175378282152,0.5270590328751863,0.5616277113772042,0.41948193519545945,0.44904568324889027,995,186040_fnca,1.2010467237369082,1.9999999999999036,-43.55008554819674,0.0100143234292554,1.999999999586703,-46.5422454371835,Procedural,2.9921598889867624
186141,0.54947771500597,0.49120803960142984,0.47605353884671353,0.48229731847947754,0.4446783618493631,0.5437651636794625,0.4982440192620233,0.5678944510257011,0.561179907828054,0.559535589041723,0.5130312725521678,0.5128512002802217,0.4668129300589098,0.5570103849586353,0.6696226887953185,0.5466540332156654,0.5739324778467634,0.459416317051457,0.5024394267220409,0.5626657769691561,0.5658497303535486,0.5709954321127938,0.4253248749975036,0.4319072369392277,331,186141_fnca,0.0100000000000402,0.0918447208169542,-43.58048457756142,0.0100000006097739,1.9647958998199704,-44.02250366061645,Procedural,0.4420190830550226
186444,0.5523007432964626,0.5412275465977173,0.4699867489930363,0.4575405953745462,0.4619733173955016,0.5943675198591055,0.5352210147076066,0.5712229806132578,0.5558342449445268,0.5312244540742963,0.5545805937684234,0.5028530197362704,0.5376755058105801,0.5772044055816413,0.6563631613872435,0.5325729669236076,0.5816115993272092,0.5094671573898504,0.5029546739389423,0.5750122967264373,0.5727412272809541,0.5588580381070344,0.4245863810479482,0.45764097498228407,47,186444_fnca,0.0100461015469029,1.9999999991366664,-44.41767077460106,0.0100027521740781,1.999999998288212,-44.93658565163068,Procedural,0.5189148770296157
186545,0.5414627281567208,0.4957933061823255,0.4571108275515203,0.4548199351516996,0.426491305003468,0.47410386975600155,0.47100108259500234,0.5602576620256653,0.5649557228033727,0.549158031418938,0.509090371534686,0.5218638015952228,0.5011053478730966,0.556713111495225,0.6523898007454324,0.5082634644145381,0.5510690587886575,0.4478547265045078,0.48254953229778613,0.5634863613995822,0.5549398081858492,0.5420445471238114,0.41892545284116456,0.4520451622370966,665,186545_fnca,0.5901180429008527,0.6162369466676829,-38.62006194087462,1.7532256121641852,1.9999590264220808,-39.45480910856603,Procedural,0.8347471676914111
186848,0.5449295616996985,0.5328024188838762,0.4857812346618114,0.49269922445131137,0.45217160648634214,0.5106476147289835,0.46954845751786967,0.6104091283922347,0.5932842286562476,0.5646350299664488,0.5035392559047142,0.5282206798921414,0.48046975158304295,0.5824271793691609,0.6215901285618683,0.5055074073592603,0.5589768189474319,0.47791639182112966,0.5153706677851361,0.5709138925025601,0.5665048131954687,0.5556841519841589,0.4264139137611439,0.4255476188548857,95,186848_fnca,0.0100301163398522,1.9999999994455264,-44.374892547990825,0.0100219567103517,1.9999999997278388,-44.6326106779026,Procedural,0.2577181299117725
187143,0.5546367462941988,0.5282703440122816,0.47619864939856954,0.4470146432173319,0.44123466890941615,0.54526860378407,0.4962132633494277,0.5775395173534748,0.5717380456108294,0.5465621070198989,0.5661214580246701,0.5100499302197204,0.517661161392211,0.5889027364525515,0.6701586683338987,0.5607982717998731,0.5968698238375011,0.49908732735917055,0.5032305228979426,0.5589916573531364,0.5710594257082409,0.5871165213539097,0.4446625919672604,0.483220898418863,659,187143_fnca,0.4691714665451056,1.0776019441264966,-39.38700096268881,0.0100000011822476,1.540281625211244,-39.849277399536845,Procedural,0.4622764368480361
187345,0.5359274128211589,0.5044865753069976,0.5023990733416935,0.4909581205457771,0.4490450642451964,0.4820133906904923,0.47074978772662873,0.5836935469527301,0.5710133431335986,0.5484347508074623,0.5089694558298171,0.51423836270423,0.4922347729882521,0.5581955502173098,0.6481839120456795,0.5032547462798737,0.5647812364610004,0.4766256278153247,0.5240631388187932,0.546939125944743,0.5642248103421277,0.5588749327276713,0.414674747502951,0.40632251138439573,736,187345_fnca,0.010028930750282,1.9999999995872637,-44.370486748476225,0.0800861033095191,1.9999999982355752,-45.38715427715571,Procedural,1.0166675286794842
187547,0.5769575369551101,0.5403996618017569,0.5121796169450061,0.488238526504486,0.4821588241083945,0.5516033213916524,0.5210215368558304,0.5815058735834662,0.5939511514078462,0.5833047907117683,0.5589206642564395,0.5342117673402448,0.5261611313887008,0.5933499512413117,0.6804468610108395,0.5534693717402712,0.6128071164691228,0.5072969223411601,0.5365853885429761,0.5877198945069735,0.6010854940780921,0.6049893751799195,0.46144472264962544,0.441155456274511,299,187547_fnca,0.3957496892297938,0.3484789446747217,-33.35320214709104,0.2372611873959512,0.5462591376774366,-35.71556782263716,Procedural,2.362365675546122
187850,0.6010794886486961,0.5642937717649312,0.5053684114077078,0.4807285540429531,0.48060568296729544,0.5778133007822369,0.5235312252016987,0.5808472293602659,0.5734112367646879,0.5500963016060105,0.5434063253681257,0.5035099538632775,0.5080009723449929,0.577645028887476,0.6553153620922555,0.5747573086386665,0.6173594257006355,0.5193740920671044,0.5015265192451698,0.5850574832940736,0.5963426831020846,0.6083348581351398,0.41548074661517703,0.46154677089746476,925,187850_fnca,0.0100574570721732,1.999999999911724,-44.39134698424566,0.0443635265736833,1.9999999996463416,-44.755052282976514,Procedural,0.3637052987308564
188145,0.5087655208260728,0.491347726579118,0.4788291059464596,0.4229415306197906,0.40425022031803415,0.5043321433913929,0.4601214993559514,0.5601777619888171,0.5773304558654028,0.514353946140683,0.47493561516118626,0.5052114487096023,0.4763093945131695,0.535900500015638,0.6225559256554818,0.5202566128567266,0.5812130776892195,0.44007383871748956,0.4985500835231614,0.5321945360367407,0.5725588621673444,0.5572147514864105,0.421957836974334,0.442567361747994,273,188145_fnca,0.0100452918000466,1.9999999997354896,-44.513809055834194,0.0100136599986587,1.999999998910257,-47.491380094517964,Procedural,2.97757103868377
188347,0.5463218438061549,0.540409747087325,0.4975180089977854,0.4942511997587504,0.4532420344620238,0.5385234811555761,0.5073841882951866,0.586696334473846,0.6014645825350972,0.556417660819642,0.5162950390453789,0.5048921379361431,0.4977458144002679,0.5929451369303915,0.6531326798283891,0.5485182173231007,0.5811300981177451,0.5096214650135097,0.5183736627712716,0.569066748602208,0.5826867465149608,0.5860420339083467,0.4496716313702232,0.4533126801653998,702,188347_fnca,0.0709262634560071,0.4206293018653465,-43.270263565601674,0.6078896976533836,1.999999999456177,-42.40063171594797,Declarative,-0.8696318496537003
188448,0.5922601622038015,0.5171028032717212,0.4509676047680081,0.46495618370269975,0.4528310976257038,0.5607514170933703,0.5161402254866397,0.5819809591355734,0.5513909594417785,0.5441936184040818,0.5319042878011699,0.5246133719261357,0.5041794352858225,0.5772586566012682,0.6769707940887199,0.5657764925520078,0.6059647702661317,0.5006872199811974,0.4755526799854405,0.5851644462541968,0.5996208440376932,0.5951594362816868,0.43666892100802934,0.4390667037288684,588,188448_fnca,0.0141912440735552,1.4723108924107833,-43.62046670451864,0.0100431894987762,1.9999999983436856,-44.09987672787692,Procedural,0.4794100233582767
188549,0.5626048178926456,0.4884925864553633,0.4838706881113141,0.46372169712511846,0.47968090797398255,0.5367529415826853,0.5217143310781095,0.5897525321316646,0.5943114241066474,0.5165095582903179,0.5359690472498172,0.49110293425727714,0.5188099995546454,0.5602439421318841,0.6464198817587621,0.5333233280018338,0.5548810527168844,0.4856913161886885,0.474934115551679,0.5455760200627748,0.536232123574553,0.5483713880930466,0.4272447017430441,0.4240620420699222,183,188549_fnca,0.0100351100456487,1.9999999991814468,-44.463556810126775,0.2116467093147031,1.999280023533376,-44.95253278749131,Procedural,0.4889759773645323
188751,0.5186573999373958,0.5131350582956026,0.4888811201647502,0.42695981289886975,0.4124452787338524,0.5088699909516553,0.46750300866303135,0.5456854471375455,0.5261593862841285,0.5281299258949624,0.5201171547422814,0.4979833733548261,0.5065663239357352,0.5535002188746716,0.6382092194812297,0.5248002046443374,0.5624485853075505,0.4649964534537962,0.4767557041119213,0.5353170043368707,0.55688436215771,0.5461773371371149,0.4237453802578803,0.44263528775320937,853,188751_fnca,0.0100000000046374,0.0892515866268414,-42.64954052545348,0.0100000013883762,1.4120465785306686,-42.66317890928557,Procedural,0.0136383838320881
189349,0.5427395321680912,0.5130247233354872,0.443240609520116,0.4702532185310726,0.4290275179225993,0.5038190142574804,0.468511940351673,0.5674213325384962,0.5547051020183505,0.5518160239893486,0.5225010647719607,0.5316785255938864,0.511143974643154,0.5587629421641953,0.6646483280368684,0.5364468673298637,0.6161408428877135,0.44677324862032003,0.4864971684221965,0.5620488510753554,0.5701950050556511,0.584942510376049,0.44352535620395583,0.43805327189291937,322,189349_fnca,1.0875695342806264,1.9999999993588649,-45.52662854920992,0.0100217680876102,1.999999999211891,-45.41769999396632,Declarative,-0.1089285552436081
189450,0.5456001284049524,0.5096117190302684,0.40182963958313467,0.4550413473880661,0.4398925704670411,0.5596330785480892,0.44391879846155874,0.5424856630572877,0.5195424407291607,0.4884707143137523,0.45516691879631516,0.4650284060119483,0.45266578874747493,0.5351367602390809,0.6351379453662457,0.46486005817564496,0.5461176006263291,0.4880256039218004,0.45081089075075603,0.5242082778754805,0.5478407070117345,0.5395987593559921,0.395720707283744,0.40409817960951566,488,189450_fnca,0.0100374812236835,1.999999998475782,-44.459361653509525,0.010007313636029,1.9999999989903596,-45.852426700758286,Procedural,1.3930650472487611
189652,0.5351750551848133,0.5179310440678403,0.49451112426830446,0.4451330502487592,0.43411395914462747,0.5347633668191638,0.5038184590778938,0.5599320518316034,0.5481371285424841,0.5402216249889449,0.5300954085931092,0.5055117585361149,0.4982917900567984,0.5657729975712364,0.6682915226906527,0.541608786941924,0.5661385028863476,0.48003311067448,0.5093692146238576,0.5518580810934441,0.5716874535470646,0.5739573257048727,0.39953470027862825,0.44001251803784863,528,189652_fnca,0.3187561689640473,0.8849765641220287,-42.77858744565794,0.2615685104324239,1.989781292124028,-43.58974003811603,Procedural,0.811152592458086
190031,0.5485522121762046,0.5077156174372432,0.4653046516294359,0.4868732306616978,0.46105470522813824,0.5134617139860462,0.4878963000240416,0.5398768283918192,0.5495109058588629,0.5581634117896683,0.5192141721829983,0.5235633830251043,0.4954742228346185,0.5651253228952675,0.6609384200921585,0.5597408974207236,0.5913352919473615,0.465826604220464,0.49782784223941157,0.5572110255258343,0.5733819044281554,0.5669551442535155,0.467470409046392,0.45332351437579954,109,190031_fnca,0.0307791699260754,0.215061646878844,-43.89012237908979,0.3157778045857566,1.631481705974878,-44.02605267845093,Procedural,0.1359302993611351
191033,0.5323627949884918,0.502157922029653,0.4746504855734896,0.47670356879961795,0.4292268452956653,0.5002467445977613,0.4859482919187792,0.5594745743603389,0.5689554581162364,0.5587349106226559,0.5129626584583655,0.49919784081534047,0.47920802816506375,0.5574722880453958,0.6517334659231806,0.5190983400562598,0.5580197841456666,0.45994777898024386,0.49090279875957094,0.5400240572499999,0.556338063112766,0.5608717372924851,0.42151371719030517,0.41975066012996765,866,191033_fnca,0.0100461349857063,1.9999999991297115,-44.38793996633208,0.0100254409888108,1.999999999672244,-45.45095235635945,Procedural,1.0630123900273745
191235,0.5679868011409027,0.5273412361018104,0.4800511285023096,0.45295289750715334,0.4400653243506936,0.5569997675270667,0.48256219564419667,0.5359671903239043,0.5378686865021397,0.5307074537861236,0.5612475331159665,0.47330318440089003,0.4972222522691406,0.5460291186676088,0.6396565492372656,0.5614803208123179,0.5490526194420514,0.5032179969601066,0.47879518862899884,0.5507038960343159,0.5391247990690747,0.5372543222849622,0.4400909189791058,0.49259867350716346,517,191235_fnca,0.0100467043023774,1.999999999292168,-44.42268327711155,0.0100123979484273,1.9999999993967976,-45.18041368511788,Procedural,0.7577304080063243
191336,0.5910467335564359,0.5251713629516677,0.4776709282832672,0.4699058092102326,0.4499303388752288,0.5636530871293542,0.5305872174653998,0.5962612882816999,0.579969765214504,0.5643057791976084,0.5459659094693109,0.522188439961695,0.5096662160883639,0.591543859651334,0.6705784901250768,0.5856950429837308,0.6090568618101325,0.47945645187241104,0.5048369967985978,0.5939493692160357,0.5963853389862016,0.6037830899613119,0.45818127137298253,0.4487262329243461,913,191336_fnca,0.5460956222533658,1.0149167812980364,-40.92631781951875,0.0100000007047463,1.024065803294659,-41.36404790504796,Procedural,0.4377300855292105
191841,0.5588242330204817,0.5150692328982671,0.4542033950730022,0.47669754236954326,0.45368823509804196,0.5449408640722478,0.5123701661203611,0.551031445339017,0.5560282701010609,0.5659326811386577,0.5351077413522431,0.5330985597032033,0.523492652214697,0.5703809573495756,0.6573312117983666,0.5528647015854982,0.5841522085879521,0.49597029725013314,0.5049147604199627,0.5733053367863362,0.5860283373331758,0.5776702177130985,0.4439446316213293,0.46319333379788913,204,191841_fnca,1.316693549876998,1.4810314608936082,-39.861207477458215,1.1987836600096933,1.999999999999932,-44.56901617173431,Procedural,4.707808694276096
191942,0.5502823779433632,0.5168911560027715,0.4627965134792224,0.4402639228086832,0.43788557192363997,0.5459736844270935,0.48949792650155155,0.5462577128110794,0.5363925709439283,0.5479710851997024,0.5296880429363973,0.5084885191560173,0.5004331857368313,0.5595176541088519,0.6229750183561399,0.500657061580997,0.5833872639713975,0.48455810769344415,0.4709586522134602,0.5336479205312412,0.5614183881461119,0.5718454002542096,0.43782397323831235,0.43363347163007515,335,191942_fnca,0.0100003252654986,0.088503604707608,-42.27228206195326,0.0714451742473018,1.0864454791376652,-42.84473149917179,Procedural,0.5724494372185305
192035,0.5095776442575619,0.48625656175392523,0.48053628557791866,0.4803265522123681,0.43560707654083464,0.521927539164953,0.45082105524948923,0.5379072957685395,0.5356270897845884,0.5696642605824793,0.5164013416813087,0.5176221084137903,0.5038137635268368,0.5260306497427059,0.6248675478682815,0.4563350428111685,0.5600022160709927,0.4264004979847049,0.4788170597370587,0.5358183770503813,0.5091884446973423,0.5542246778432998,0.43609734941349537,0.3983368957931646,873,192035_fnca,0.0136077166410044,0.0695683284984894,-40.0867819482976,0.3452173490946789,0.9785029544202196,-39.945428530179775,Declarative,-0.1413534181178235
192136,0.5579920466410401,0.5304528508355904,0.46762094951646965,0.45198418763604165,0.44246177261685643,0.5809199362600977,0.5020227005359883,0.5913933344910705,0.600019879638176,0.5352961915567263,0.5325810218921906,0.5003063018742531,0.5080253418054675,0.6063186297102163,0.6649626661430993,0.5385880468955464,0.6124104564390774,0.5149135877115252,0.4820157114666147,0.5622374837355537,0.6042679689419181,0.6083493738951246,0.40651406550056385,0.42376509118408123,571,192136_fnca,0.0100406788119289,1.999999999028386,-43.690444435436675,0.0100288790576536,1.9999999999804203,-44.049144728889765,Procedural,0.35870029345309
192237,0.5503530299881445,0.5148001307193514,0.4490656370955446,0.4720746226373529,0.45288044872927935,0.5351550100352337,0.47796731759040173,0.5438407979697355,0.5509966381084284,0.5481714198872811,0.5149860086525443,0.5298215085409994,0.5030361064715885,0.5757980240396614,0.6771345588175005,0.5099963550545451,0.599292960026713,0.4732631692514772,0.47282308544471063,0.5489070747266617,0.5766535205657344,0.5638746980260977,0.4149330826896366,0.4049448630570955,104,192237_fnca,0.0275591004425827,0.2807785222819511,-42.62561015668086,0.0100000006775037,0.920678945814434,-43.01652452180189,Procedural,0.3909143651210272
192439,0.5409270835086314,0.5075541521693713,0.48126827678246575,0.4700192999572511,0.44379207896485584,0.5151844317435299,0.5053814608386117,0.58399367694135,0.5728149044561021,0.5648854218166917,0.5583633189323494,0.5239182809028564,0.5246885516797646,0.5697577000236713,0.6641230980641245,0.5476572597769956,0.59468917944255,0.4751443926812241,0.503604382454982,0.548836505755266,0.5737531500736819,0.5664809972527804,0.4461276866853334,0.4238174786378939,603,192439_fnca,0.641984367228928,1.157884516620578,-40.958834594742136,1.368334830925901,1.9999999998117488,-39.52399693838851,Declarative,-1.4348376563536291
192540,0.5614324392310578,0.525493942897312,0.5164481542358333,0.47784478340180236,0.4524736445171046,0.5510655518099933,0.4948996024772171,0.5757733704449137,0.5625139030059255,0.5522696282135972,0.537219911805692,0.5186348245345439,0.48946523444729645,0.5785968514959472,0.6550684117588169,0.5486089510596398,0.5799268552195886,0.4834137067155255,0.5081645634050683,0.5539481102429702,0.5767899289850216,0.5698627610515922,0.4688535124796065,0.44474447273783857,747,192540_fnca,0.5308122976836763,1.999957822057833,-44.006007763540794,0.3201844425079198,1.9999985438692804,-43.88573763527548,Declarative,-0.1202701282653109
192641,0.5378853131097162,0.5654217165219825,0.42852935792969804,0.45505321036575225,0.43084209748983,0.5409664561200622,0.49964615740109636,0.5626836810250669,0.5514132094912719,0.5366968941503858,0.5234233482431878,0.5184737965162838,0.5025495911713294,0.5514577641049149,0.6203830490471889,0.5080686624105575,0.5705891105463486,0.5308727659742113,0.4624495108919795,0.5363365710282044,0.5416729270872223,0.5481491096914193,0.4221280149632855,0.44455683321074546,282,192641_fnca,0.0100427277021807,1.9999999993453357,-43.69113851477292,0.010038827401759,1.9999999994668147,-43.6917276029617,Procedural,0.0005890881887751
192843,0.5728228251042708,0.5492780066507674,0.4631555615588727,0.47496388291638775,0.4567837709746969,0.5472090541340722,0.5035390007491919,0.5600691300873624,0.5656183811887903,0.567945589474026,0.5527486483431681,0.5181075477346905,0.51668195411724,0.5713687008848616,0.6816467031660168,0.5438219450060439,0.5943014984009359,0.5260042031102445,0.5059361540155137,0.5741265842540082,0.5798698593522554,0.5759015040751252,0.42925372865543937,0.45241789041458924,683,192843_fnca,0.0100349343938121,1.99999999913622,-44.38945317491412,0.0100302265698499,1.9999999999377416,-44.6977744764348,Procedural,0.3083213015206851
193239,0.5675497291835574,0.5232655888701284,0.471647319570925,0.5109593197149873,0.4781944229416524,0.5405602147719644,0.49152553306882557,0.5740090975931732,0.5638565798679367,0.549512300732409,0.5053611518212842,0.5053277414364523,0.4950645023197261,0.5586112422408182,0.6303331882810919,0.5344050499642194,0.5789933640275211,0.4829983412930512,0.49694006910419797,0.5666529422824628,0.5666327543686797,0.5900635173469312,0.4197318652935473,0.41897043743080364,930,193239_fnca,1.2063855267878607,1.5385608457776592,-40.26644074736463,0.0100000011652417,1.0825463528395185,-41.96901950622155,Procedural,1.702578758856916
193441,0.5606790715324934,0.5300164249384381,0.4666353008419328,0.4718643640624156,0.4425312769623781,0.5341979470623537,0.44848494586367216,0.5732474482280258,0.5634295377023636,0.5457710912414597,0.5237732292240299,0.5136477530235102,0.5061366670396261,0.5533422151685579,0.6555078318098494,0.5523521989760454,0.5955090949437982,0.510991024612742,0.48754553664029104,0.5605152625614477,0.5802894733394207,0.5704920314696544,0.4548571613318602,0.4643856694897523,300,193441_fnca,0.0100456332606413,1.9999999995870184,-43.79485510519419,0.0100315516885964,1.999999998985889,-45.600731319850475,Procedural,1.805876214656287
193845,0.5604331049472634,0.5307798949089206,0.479089939488493,0.4470246772687386,0.44528196713634793,0.5616212765202616,0.49694446266694664,0.5654359327499706,0.5596044288415294,0.5126377966984572,0.5312680356551914,0.46321067805453514,0.5005208040642036,0.5787398539004358,0.6497174008495089,0.5470177752989259,0.588232810689856,0.5128763141055004,0.47157159115401,0.5628768874877212,0.5603806562806245,0.5680259419343701,0.4060971740742976,0.4580186926012495,801,193845_fnca,0.0100431641864183,1.9999999996340876,-44.40828815475726,0.0100108074992703,1.9999999988744528,-44.93427494580692,Procedural,0.525986791049661
194140,0.5381635231698911,0.49447285772378896,0.425892633645988,0.4615846604898789,0.44469701042615134,0.5642030372787059,0.5099748530482082,0.5515963683744183,0.5446603212377888,0.5368340589878395,0.5287339945067823,0.502364158858512,0.49275810592449254,0.561125067206357,0.5960482527120405,0.5163448068133204,0.5602202786810822,0.47435674141080325,0.45802715904696945,0.534985041517421,0.5478405363128054,0.5511884232988475,0.4331729578552097,0.4369665659482257,3,194140_fnca,0.9941240493487704,1.999999999891013,-42.72920388229348,0.1769060012566068,1.615057834036446,-44.03058794062793,Procedural,1.301384058334449
194443,0.5525231157883344,0.5277328805526239,0.48941065124339955,0.434911773601443,0.4237867259791873,0.5518570725464499,0.46951746201197586,0.5406070999256424,0.546667200449673,0.5254460511695767,0.5223363305685765,0.49338858184832834,0.5062433448925874,0.5668273449989878,0.664079603101208,0.5374752834392392,0.5940064966518496,0.5052470414677286,0.5157904920891905,0.5582173512002833,0.5687111843349926,0.5601033682788493,0.4159539717546753,0.4665677726120694,28,194443_fnca,0.1728862394579638,1.5082292285569996,-44.124817150304985,0.0917773725374338,1.6341280684709876,-44.18838552215547,Procedural,0.0635683718504864
194645,0.5209532430948227,0.4711643040249685,0.481944747144915,0.45484579680538395,0.4186980508046539,0.4665959684523838,0.46688960040539795,0.549703534302112,0.5506497704003348,0.5143654797751682,0.4932596867416724,0.4608437575175839,0.4697302630106022,0.5334620139977505,0.6133018411543029,0.5004735167115305,0.5412387264618437,0.43571022000909726,0.5064148725709724,0.5366728431418186,0.536006475345814,0.5520759507793638,0.4035138111501628,0.40176857493054946,356,194645_fnca,0.0100008567692591,0.056044893527677,-43.230605514039304,0.0100195715175743,1.9999999996239313,-44.63136567735422,Procedural,1.4007601633149136
194746,0.556885260224234,0.5287769451505598,0.4683414181954118,0.48644770441557045,0.4404959134627884,0.5493467800728685,0.49595793297188523,0.5548997200511712,0.5477755175198381,0.5649050787244545,0.5459600568977918,0.5327553226008199,0.5266367404091722,0.5520425175337655,0.6727331836358768,0.5229487739258603,0.6240674518909969,0.4848101492510867,0.491132267033439,0.5542384830556151,0.574220719731742,0.6000320241607248,0.4012612763290457,0.425798749427067,39,194746_fnca,0.0200215115639265,0.1759376201647603,-42.75785651870463,0.0100000015340528,0.5085517867798284,-41.43298719525772,Declarative,-1.3248693234469116
194847,0.5631211327121958,0.519519862404754,0.4667261970381883,0.45781119450607366,0.44221922267399555,0.49071303112673187,0.48088827043191884,0.5836791136652681,0.5767724451851004,0.541154720568087,0.5034739275394599,0.5195768485083245,0.5011493093549944,0.5532708896362104,0.6424192503513316,0.539068100756552,0.5932219293164326,0.4635253028972802,0.4998499772295409,0.5659446240178312,0.5651534630220761,0.5766162102289721,0.4545052839291667,0.44113951844868604,632,194847_fnca,0.8009219683453922,1.9999999999998768,-43.11181997303556,0.0100000026093291,1.9049744944436824,-43.51752517038789,Procedural,0.4057051973523258
195041,0.5440939182224311,0.51952191896598,0.45387191095926405,0.4969816641710586,0.456978870168725,0.5403537764664968,0.5220613254057009,0.5977311684505697,0.5704029807240311,0.5646024254978105,0.5281532652169421,0.5494255735990202,0.5184309925887108,0.5829887763649555,0.6718677851263202,0.5233078376387784,0.6080109603445548,0.4837807186101956,0.47975987793840813,0.5541979931182257,0.5814157858065928,0.576181343719126,0.43667366702377114,0.42172920451758505,601,195041_fnca,0.0100449193234159,1.999999999495661,-44.443163456641386,0.0369758192511701,1.9999999992979705,-45.58402812226336,Procedural,1.140864665621976
195445,0.5463158231053886,0.5603110955044932,0.47338893202083226,0.4633551782768759,0.43338979922824655,0.5539017468851435,0.5007461606299436,0.5601383440748158,0.5479925423102819,0.5293627644862837,0.5350289891894474,0.5075330014937337,0.5118897294573429,0.576347856247189,0.6695033501972588,0.5274507907615209,0.581561960720126,0.5033485817498974,0.49667734287931575,0.5770044970283466,0.5893338953068732,0.5783103026669619,0.43053490857461896,0.4720024077915269,376,195445_fnca,0.0100450975143685,1.999999999728023,-44.49759295903944,0.0100268099897733,1.9999999996992248,-46.75006017154036,Procedural,2.2524672125009246
195647,0.5732389755406974,0.517216477218927,0.4909141085062465,0.49944916737020784,0.46770004657805125,0.5467654077501184,0.5196367472265332,0.5635153544769829,0.5845540812372682,0.5688422274555364,0.5652296446149073,0.5474982828802649,0.549741748947175,0.5871709091728008,0.682813511630281,0.5622432465002631,0.6126878194616809,0.4957610766798849,0.5119524556268867,0.5753176812948799,0.58722407217804,0.6126749120354616,0.4466291327167977,0.46185787943138384,617,195647_fnca,0.6282681551826068,1.999941032183032,-41.54387802992275,0.1001156287560548,1.4003763209639375,-41.58325925013617,Procedural,0.0393812202134213
195849,0.578473902840711,0.555824969753959,0.5038131524117702,0.4681716930752898,0.4337605641861995,0.5451501125189973,0.5030962593467609,0.564204596937253,0.5602059405872931,0.5677209881626578,0.5659687485329372,0.5276333017873277,0.522489153447916,0.5802075580414402,0.657780698577635,0.5604299375664502,0.6040786157444148,0.5030054014485148,0.5258413802830355,0.5883098496298302,0.5994679553342978,0.5927960228707048,0.4661746639186356,0.4837078196621683,447,195849_fnca,0.010049246802644,1.999999998430604,-43.706685992657825,0.0100221390324594,1.9999999998830973,-44.163820807455075,Procedural,0.45713481479725
195950,0.5149934668290505,0.5166246569620772,0.471627258239595,0.45598284541858036,0.4434041483815776,0.5314814178853234,0.4836331692175985,0.5602439725024633,0.5581441320197789,0.5015368365745988,0.48347189847730015,0.4899241051876999,0.4814920576206251,0.5460406540108731,0.6364792294876713,0.4717670799365702,0.5523114429742905,0.479893488535593,0.4893355293937995,0.5422664928842817,0.5493405917124456,0.5555983756434766,0.4133282062429861,0.4123650970833317,53,195950_fnca,0.071492181334125,0.4419946090075947,-42.85738574320085,0.0272416196553591,0.5661331293056544,-42.08875440030078,Declarative,-0.7686313429000649
196144,0.5625463175662511,0.5220245368458751,0.4761109233748681,0.4724274269178103,0.4428891204935057,0.5422708565299436,0.516305371651613,0.5666999987006903,0.5608928081549293,0.5477911110348799,0.5251328077212766,0.5329080671451589,0.5274029785713066,0.583892846641085,0.6793275286076579,0.5164915300162026,0.5980450261667459,0.4872832159732296,0.4934948921875265,0.5788442768866308,0.5863874742056878,0.6166188021391982,0.4404612324594157,0.43743183020928,971,196144_fnca,0.9134425975102776,1.99999999999981,-42.7070502257171,0.5365493220977874,1.9999999963154265,-42.77702731181783,Procedural,0.0699770861007351
196346,0.534807961976578,0.512962703125622,0.4601014100584285,0.4465276742787705,0.43826886342711807,0.502603233604669,0.47456517482338684,0.5432466878268728,0.5431810527813409,0.5164571451981127,0.4968176644094718,0.48730315316386275,0.48234676225092943,0.5466046047049133,0.6175429655383685,0.5167352272335811,0.5441625216069848,0.4469438918706336,0.478838428353352,0.5412389738265833,0.5383758743564026,0.5272388220274528,0.4180889699562656,0.4285485252888202,8,196346_fnca,0.983825387080994,0.6376109911187743,-35.391599789211746,0.7782092840149136,0.6677046461456566,-39.53487168330736,Procedural,4.143271894095612
196750,0.5344650470114337,0.5093555963783613,0.4696689412845044,0.4751610609987327,0.44176844116107344,0.5223985130549549,0.4575385262378288,0.5692458138094301,0.5554201750401199,0.5680615634596978,0.5190508285269453,0.5446627649312653,0.49587716366919404,0.5711673911833077,0.672706205774021,0.5252855414637989,0.5889725414505182,0.484812254034493,0.4998337979989572,0.5494320558666573,0.5731662344402877,0.577015539780202,0.43089807564320987,0.4270024602017493,399,196750_fnca,0.8121443935694103,1.999938039171802,-41.26694884490663,0.0110824665395426,1.9999999988303403,-41.6139566259259,Procedural,0.347007781019272
196851,0.5488799293625619,0.5128766300716455,0.48804799097706486,0.46474767273351014,0.43033388074789386,0.568982049797074,0.5031311289108324,0.5700124377908334,0.5724500909521736,0.5607570001420097,0.5179478268617346,0.5089626455457725,0.5009841168168294,0.5639666035608829,0.6586366618180132,0.576275142443826,0.5904785271435053,0.47993236152356106,0.5424902479410245,0.5581704679778619,0.5931330007462287,0.5857052030664803,0.4484031862602801,0.46394479397792887,987,196851_fnca,1.3616791908883903,1.9283491022794783,-40.545076892812546,0.801063027739764,1.9999997259044116,-43.17671927517695,Procedural,2.6316423823644044
196952,0.550513643209831,0.5336885475152218,0.4548607308222532,0.432482589746219,0.42733681821017205,0.5596898737206925,0.47383895149980965,0.5623509389937416,0.5654597170801163,0.5245575100067976,0.5195809562361663,0.5116066286215212,0.5050380962207104,0.5718188739036659,0.6342993908078142,0.523274259335867,0.5948883841655777,0.49264410973936834,0.48122347076780686,0.5432089485376626,0.5823038930032085,0.5741697689486377,0.4154201519167856,0.4468933936163091,597,196952_fnca,0.759107477505665,0.2609798879733735,-22.865435963578925,1.2435860282528848,1.5764328775977556,-34.15175715407373,Procedural,11.286321190494805
197348,0.5754908379241209,0.5581712026848745,0.49627799555697893,0.49342591337521896,0.45097452897138773,0.5548316989514898,0.5099740437826142,0.5833881862321363,0.5732373330383114,0.5797265698113724,0.5405559861112743,0.54682650726613,0.5565538473799446,0.5765056912089453,0.6787468634196853,0.5377413246694117,0.5866183101930892,0.5239032590701851,0.5201695156972527,0.5824796179124373,0.5915438746479371,0.5972891763056505,0.43681356513320074,0.459021038482447,908,197348_fnca,0.0100401008010845,1.9999999996028432,-42.9823508640201,0.0100408683987307,1.999999998452343,-43.173807828723405,Procedural,0.1914569647033062
197550,0.5711714873308463,0.524781661911498,0.5062686837312023,0.49681026578652954,0.4594762083288242,0.5628707341159545,0.49113393554385404,0.5647914340370197,0.5611646573923066,0.5647890100727995,0.526726441224063,0.5140976037183731,0.5079172219837002,0.5660298820814741,0.662168838064123,0.5627461621205362,0.5891509206779688,0.48742759580519635,0.5233335577859034,0.5660449439031584,0.5713139800967608,0.5932897679699692,0.436939813028766,0.4590678119461246,422,197550_fnca,0.3092552250142747,0.4945651736974114,-37.01043082229189,0.2005848714667048,0.683656098098446,-37.50679856972517,Procedural,0.4963677474332826
198047,0.5657532380200394,0.5412276246451784,0.45676847543814963,0.4707812622115704,0.47391733614644155,0.5348893008736512,0.508777483404772,0.5484355446365745,0.5454464261564026,0.522903470261386,0.5577533138070015,0.4766987257976609,0.5138158537008963,0.5555930823552917,0.6436277931613205,0.5414002247682876,0.5797034209078368,0.5227120305545973,0.4665077165706015,0.5594423504475109,0.5461859321365392,0.544819907822867,0.424831749613472,0.4761373548973157,88,198047_fnca,0.0100448084702573,1.9999999994835724,-43.72725911078176,0.0100454722096922,1.999999998382895,-44.22219584899567,Procedural,0.4949367382139087
198249,0.5459031231181257,0.5054143746714954,0.47786391433852266,0.4857181149323314,0.43470989928196274,0.5411389715487538,0.5103749342601781,0.54842929772083,0.5357250754277778,0.5744965771296462,0.524604083949316,0.5340161479873171,0.5067604468731777,0.5686875874206396,0.6333288568158343,0.542201324223992,0.5832015512031871,0.4827009243007415,0.5130356109473049,0.5588607705378338,0.5680992572620763,0.5737509372189381,0.42797882995789427,0.41712291490791253,924,198249_fnca,0.6183993153385752,1.9999999999997933,-43.53416114172289,0.0100000005931677,1.9999902466418071,-44.71421638654966,Procedural,1.180055244826768
198350,0.581368965620279,0.5318994933452273,0.4831483706319253,0.4706051692629653,0.45883658617435613,0.5496344987874416,0.5112210475594191,0.5592559911618848,0.5516390654129222,0.5656709647388432,0.5357744168583345,0.5378912117590063,0.5315711394726228,0.607818822738675,0.6642267807803818,0.5434414095319723,0.5965138122738936,0.512053290565885,0.5059627833626708,0.5835416844284493,0.5838856547392084,0.5938387903445473,0.44900279117407504,0.45140362366595693,555,198350_fnca,0.2040705853451856,0.5046080143271054,-39.49021287851557,0.094253170295458,0.4674938330150645,-38.39530609401187,Declarative,-1.0949067845036922
198451,0.5097914269202513,0.4783261734319318,0.4601709012279379,0.4636887261159574,0.42505229083813345,0.48317481021049685,0.4553766327736033,0.5608647415041315,0.5563001656322036,0.5328403444895843,0.497453774672807,0.500037715842224,0.4746659054864174,0.5376450276104129,0.6298973726747858,0.5014791658837962,0.5517130102606574,0.4593973632803631,0.5121956284561119,0.5246018200424358,0.5270181883444472,0.5555468256994547,0.4116776877930374,0.40690940278979015,451,198451_fnca,0.0100584520263167,1.999999999934734,-44.38155159831777,0.0100310382948018,1.999999998419113,-44.5950618196437,Procedural,0.213510221325933
198653,0.5636860389682568,0.5368952442747988,0.4579540456279967,0.44744194303943824,0.44537507807659543,0.575816703830337,0.5123841242490385,0.5545777839370644,0.5355884884822997,0.5430168508297774,0.5337761501926623,0.5069863765775298,0.4980580370084816,0.5381242329401124,0.6550698252072599,0.5561662962172628,0.5716604017905289,0.5126824616009186,0.5023842640831885,0.5579350693789864,0.5581491498763502,0.5800651811697566,0.4530631399015153,0.47076834921262717,540,198653_fnca,0.0100594441423451,1.9999999995747637,-44.39249413667492,0.010000000866879,1.999997881177361,-44.9585839999231,Procedural,0.5660898632481803
199150,0.5585336256830006,0.5401601112353017,0.4932757869446685,0.4669442493685192,0.4425645377328648,0.5741407458971576,0.5288671297935883,0.5872013510503521,0.5662106983485282,0.5586389971266015,0.555855918912199,0.5270824693237451,0.5159581763894705,0.5939734441857221,0.660928363369038,0.5749735808424714,0.6068009298553256,0.5223793189288138,0.49253256427475994,0.5838297472621582,0.5912809659077735,0.5970269303327481,0.45042231458154725,0.47517715529398613,531,199150_fnca,0.5068169528756145,1.9999999999999671,-43.09975546985751,0.202640299329971,1.9999999991910955,-43.47721493341062,Procedural,0.3774594635531088
199251,0.5233109942671265,0.5152345935916923,0.4900249819575611,0.49971363997086804,0.43944996015480436,0.5068150807008392,0.49710159296981915,0.5836473510574018,0.5920273855763878,0.5593414122847532,0.5077344906778489,0.5245555447387658,0.48891780862510636,0.5608158073254149,0.6281811688476826,0.5371209053920265,0.574994032381866,0.4817386498626373,0.5081023354690266,0.5722954732713119,0.5701465494225826,0.5719120208334143,0.44984990465438635,0.46036117748057676,94,199251_fnca,0.0100486936247635,1.999999998969066,-44.364943130049234,0.0100099082997037,1.99999999973876,-44.3658211692033,Procedural,0.0008780391540668
199352,0.5258625850238564,0.4907345798546089,0.49350319370909906,0.4442391082898041,0.40869441739953916,0.4988189423282499,0.4837500216364681,0.5371228695075879,0.5374442683089096,0.5571838163554286,0.4817868121697856,0.5046175779351,0.4716008391575533,0.5494904342091044,0.6241864585183763,0.527180096932485,0.5524529322045862,0.44219804529357554,0.5220134783479898,0.5662952551539613,0.5404594394434146,0.5432087201790908,0.4463730685064062,0.41293757037835,442,199352_fnca,0.0100471005700769,1.999999999512922,-44.37391379091735,0.0100000007841682,0.8591591017766533,-44.267436236425894,Declarative,-0.1064775544914553
199453,0.5893168080315043,0.548069358568498,0.46921422499913035,0.4569584372441354,0.45995580813017467,0.5888148357071654,0.5241164236920107,0.5878773755905794,0.5891060719580935,0.5580074350758304,0.5714642329636633,0.5338031826559899,0.5545036139878919,0.6001984965124989,0.701266617600098,0.5460786477388365,0.6273652996011094,0.5459009902349067,0.5115522889532382,0.606743711346288,0.5894459097579928,0.606231084041784,0.43703073908199414,0.4679613454482332,558,199453_fnca,0.041352701072561,0.644343902760805,-44.31487268897478,0.0100000015314571,1.2136654748765854,-44.122414467908854,Declarative,-0.1924582210659267
199655,0.5520508218217636,0.5007838892554172,0.45555770257771383,0.4646657879791046,0.4406232396941892,0.501105910363998,0.5005939730866108,0.5546489118982357,0.5588751083595475,0.5390727798024619,0.5200718230674529,0.5101336931406848,0.5107726308028648,0.57612638999451,0.6532221030820069,0.5674221586249325,0.6019584465110317,0.4595196077070711,0.5043680321029741,0.5570894003801029,0.5977210466500162,0.5852106007229857,0.446119453853754,0.4500108440116442,891,199655_fnca,0.6043270322424291,1.2439737929227612,-43.00613723299491,0.6372157241721319,1.999999999867148,-42.06864774236276,Declarative,-0.9374894906321528
199958,0.553553144007796,0.5246812291223545,0.483378290551474,0.43193753333144164,0.41468371092132594,0.5272097592345765,0.5275786927710492,0.5642320961311659,0.5584421014218501,0.563470947417901,0.5391582871467129,0.5398049326150904,0.5241332073323898,0.6057979698876171,0.6948703622729504,0.5135139136683659,0.6327549006581242,0.5165343945373306,0.546613683860558,0.5872688517806917,0.6176981374361198,0.611444820253838,0.4499174620135463,0.4413276368097425,424,199958_fnca,0.0100584519993503,0.0532175150539134,-43.13313088479522,0.0100000012047636,0.6947866852708694,-43.27355799592173,Procedural,0.140427111126506
200008,0.5636873028324054,0.5331504510097189,0.492396213221091,0.46432095455993105,0.48447009633063653,0.5807727665846629,0.5663453906029701,0.5862943361020128,0.5949805001854209,0.5386049303989118,0.5479530199540913,0.52349418258023,0.5402511506821465,0.6005749474652506,0.6686298997953984,0.5423708748698983,0.6102657817421697,0.5452722879081396,0.5054218329385286,0.6117000322150716,0.6015599987587964,0.5917598741685263,0.41301648222056203,0.4297223293471257,567,200008_fnca,0.0100000025252627,0.8843218838035635,-44.356859823017125,0.0100352803189383,1.9999999995913065,-44.62384529041593,Procedural,0.2669854673988041
200109,0.5838085477801159,0.5254989265239679,0.5076852690276212,0.5000768319661995,0.4740433877019914,0.533865428263284,0.5148370882268349,0.5795720482737814,0.5744649020891189,0.5776135365032531,0.5404222138673059,0.5328518356701907,0.5150027299666543,0.5811479008237529,0.6841150162346052,0.5503988238702578,0.6063341784526074,0.4805285033206185,0.5377291741182142,0.5925646503489931,0.603857004048265,0.607026337606354,0.4473420305151328,0.44826324316302063,158,200109_fnca,0.0100468428948353,1.9999999984852943,-44.423038848827105,0.557643520024715,1.9999999999998912,-44.380216947880974,Declarative,-0.0428219009461301
200210,0.5346828066847349,0.5236934718979677,0.4694359966135167,0.4547201003655141,0.43662186650159457,0.5273425175391231,0.4850751338929155,0.5319178616989655,0.5498236470047668,0.5209982322069869,0.5072747176364022,0.4885366176852788,0.4952554859592299,0.5539294136840425,0.6350957581560827,0.5386077266757506,0.6014653751107939,0.4637048298969293,0.49494277509028706,0.5493319730330407,0.5789060172953693,0.5704573403655384,0.4179718120441226,0.4493648371432664,358,200210_fnca,0.0100621229809294,1.9999999998992355,-44.62614542627948,0.0100289073081973,1.9999999998252216,-47.27777425382958,Procedural,2.6516288275500983
200311,0.5536129733739199,0.5311753488917402,0.46667433173061434,0.49773193662079285,0.4605110074959572,0.5593671635416214,0.5059212574727744,0.5805491891904923,0.5617827813887,0.5724797772520002,0.5372313653144084,0.5114649382373114,0.5084498335142142,0.5636576626263148,0.669662450484807,0.5478512018265673,0.5966728057427944,0.5164593099876151,0.4998656909601099,0.5423836803542958,0.5886054763541504,0.6049420283225992,0.4182298851910368,0.44906658454406184,764,200311_fnca,0.0100460482924507,1.9999999990755828,-43.67421478092672,0.0100082793509988,1.9999999988416768,-43.831063907139466,Procedural,0.156849126212748
200513,0.5528307720959514,0.5340344286204268,0.4680755125519355,0.4365650333666525,0.4360892553984081,0.5459435506804724,0.48221524409594335,0.5463675772554231,0.563222429419532,0.5254240950858374,0.5249012937839431,0.5060442260041195,0.515400244026172,0.5897366141878906,0.6606069256038122,0.5306820479764942,0.6004141341879435,0.49568908552682456,0.4895233263664137,0.5567445064545881,0.5664267999473562,0.5766587929682602,0.43287518578864737,0.4694450522534035,283,200513_fnca,0.0663370292283686,0.3666290162653869,-42.69109744205295,0.1434838024118498,1.035642726831786,-43.19972406527779,Procedural,0.508626623224842
200614,0.5638012113270134,0.559783856940911,0.4803165070941451,0.47382373099947794,0.4563734471078906,0.5416149063828909,0.4994530266586862,0.5653728580105608,0.5566796876891675,0.5623696981647948,0.5448414484485903,0.544004763348701,0.5376673236306795,0.5960400612118447,0.6711374841701889,0.5574319714682247,0.6041496985163662,0.5353480292425065,0.49885216571186963,0.5815971990566238,0.5941468012471681,0.580278400219434,0.45387018199345197,0.4612255556704499,580,200614_fnca,0.6325911421418001,0.582283755919064,-35.56640291124309,1.018881105654482,1.2290611520118024,-37.829005353968554,Procedural,2.2626024427254663
200917,0.5193616236666346,0.5210644987654125,0.4387997490825412,0.42812588935010554,0.4404881843849296,0.5345265269176498,0.47061563183792077,0.5724917615136283,0.5582333424436225,0.5241681295862525,0.5406738122123784,0.49511321164961986,0.5106834808829156,0.5722101175804898,0.6658919387558175,0.5395260320738351,0.5666138432424718,0.5163634658426068,0.44329336818347825,0.5387167081850719,0.5619382644314834,0.549750603802785,0.44003687546377646,0.46629192249946577,776,200917_fnca,0.7073068783953923,0.2694721816913797,-22.386376381756943,0.0100000007047463,0.7624934936696229,-35.886217713593176,Procedural,13.49984133183623
201111,0.5405359986242098,0.5177153275409749,0.49787787046176574,0.47517049030147424,0.44400858291581746,0.5165786614477941,0.502965067106821,0.5440633551272509,0.548059855685692,0.5403586854656534,0.5352334070175262,0.5057862200469156,0.5051321334067318,0.5376226293594569,0.646677088317123,0.5157489860164056,0.5370301357539826,0.46900381331530666,0.5007520743531803,0.5422530669535441,0.5264937976243246,0.5570983951242866,0.4402056378778872,0.42520556279864513,743,201111_fnca,0.0100446184845001,1.9999999994473836,-44.382346168235074,0.0100452148168799,1.9999999984515815,-45.06049923988445,Procedural,0.6781530716493762
201414,0.5341144266255046,0.5113491316755092,0.4807445719537775,0.47556548687648825,0.43850617223978927,0.5433978581027009,0.49429594527307,0.5741420513292631,0.5633444826297959,0.5582137173335943,0.5064634489495632,0.5113637829265786,0.46662677403506037,0.5532561235014857,0.6248091511869885,0.5315269389031547,0.5651783757221873,0.4585305033525317,0.5039139959319637,0.5498889102347514,0.5754843137190954,0.5725135457712713,0.41718471648607713,0.4269878652722789,598,201414_fnca,0.4875038918792039,1.2836411312846614,-42.57169361387946,0.3722152470254701,1.5296009938522874,-42.44292032577582,Declarative,-0.1287732881036376
201515,0.553623406550226,0.5395186511271726,0.4716342444808548,0.43319166297377776,0.45611518289912717,0.5492711217000763,0.5126989485784805,0.554218096178517,0.5557745662831969,0.5294359653038301,0.5414516340473712,0.49891474374212263,0.5178670247823294,0.559757903050769,0.6182321272624851,0.5583741727147509,0.5613636295498516,0.5201552582367316,0.4802504199411474,0.5617161451332394,0.5719388716638562,0.5633972769447878,0.4573133199098522,0.4445868567338384,190,201515_fnca,0.0100319308205015,1.9999999994586524,-43.71430047652316,0.0347636631544862,1.999999998216841,-45.011687704503395,Procedural,1.297387227980238
201818,0.5573104232500845,0.5015019524129876,0.4687137295831988,0.46023712703369163,0.44495436111984377,0.5053998507912806,0.479427621484325,0.5627932496119381,0.5497643299759666,0.5490092235351137,0.5168491871906471,0.5244437387070056,0.5152617509279189,0.5702099449768483,0.6565139291501275,0.5399665865074422,0.5994755045083584,0.4997427051014467,0.5003812481956883,0.5714618524297551,0.5928844893012463,0.5796701185091657,0.4383565649085025,0.44036142449185933,496,201818_fnca,0.0100421587620609,1.9999999984939207,-43.6943690178683,0.0100281347066579,1.9999999999752056,-44.123712705829654,Procedural,0.4293436879613566
202113,0.5698503869704686,0.5540520383289003,0.49543704454287385,0.46879784686699,0.4486224874326715,0.5790566421912305,0.5201155826638192,0.576897465824552,0.5573273080466014,0.5418761733686126,0.5552778196132706,0.5099693958197831,0.5255038138916255,0.5977414224116651,0.6665946056866698,0.5645584576507244,0.5950417022225796,0.5275396274866551,0.5286542921315851,0.598422699062482,0.5907050673092329,0.5959142007144148,0.4510381572643894,0.46163984036582695,321,202113_fnca,0.444744809711361,0.3505507437108245,-27.761870314791352,0.1763945498267778,0.2875496799008226,-28.15796651894923,Procedural,0.3960962041578817
202719,0.5634296383808208,0.5328364328772053,0.47777362276809254,0.46940493049351883,0.43872217279469367,0.5384931546765708,0.49018466213700934,0.5716814712239287,0.5482583047134445,0.5596896066902398,0.5383764760270761,0.517507243171439,0.5031173674237985,0.5622678871587932,0.6500504562112742,0.562212518565153,0.5864098516172501,0.49058220958555154,0.49297368376490874,0.5480455992109561,0.5726180944195267,0.5948837753289286,0.45382614503090574,0.433375952683736,245,202719_fnca,0.0100468237647144,1.9999999985623016,-44.412005088069165,0.0100531857406573,1.999999999104385,-45.84301944046464,Procedural,1.4310143523954792
202820,0.5294179497052509,0.46539984495407,0.40745494160202417,0.4458577983840858,0.43232292835179953,0.4823681618463152,0.48847239665099823,0.5378621981282593,0.5312176175181073,0.5476659532807813,0.48468372428554696,0.5111594650302258,0.47156304077705236,0.5422168611621287,0.6249740889099185,0.49832676405911486,0.5687081513882749,0.433748345852366,0.4356667355346082,0.5410469879378369,0.519018850456668,0.5668943982361861,0.39641195793050366,0.37120595326694195,72,202820_fnca,0.0100000000027841,0.0652086021379,-66.41313464816167,0.7380110066064095,0.9662609216587078,-48.48821021339633,Declarative,-17.924924434765344
203418,0.5324379552064665,0.5417382424856736,0.4771980958096199,0.46906376344414236,0.45177361114572434,0.5247681861367202,0.48205259651454946,0.5460025986764174,0.5440814914709038,0.5341952292022585,0.5167611862418503,0.5048691740358515,0.4843072052456005,0.5553901235191997,0.663925371918121,0.4940651790427053,0.5965125827923099,0.4913472515467059,0.504441923844435,0.5461056499266046,0.5667741004718683,0.5791906540291499,0.4277619856245554,0.4420995137627587,869,203418_fnca,0.0100442651165661,1.999999999690431,-44.36125770750725,0.0100300871861054,1.9999999999918288,-44.54606827685318,Procedural,0.1848105693459274
203923,0.5479760474762263,0.49291359689146463,0.4563392251089272,0.46464029618748337,0.44723757530599917,0.5148360601007083,0.4841622064877295,0.556384619931799,0.5476311082205388,0.5310180434890629,0.5067512064552157,0.5203886880851473,0.5108042165205825,0.5658539537855501,0.6517158586659865,0.5079823568204386,0.5885425206113,0.46857301677170127,0.49203406557480733,0.5545412057968804,0.5745937066574883,0.5647133876276171,0.4104929545751418,0.4115358472066347,270,203923_fnca,0.0100414359166394,1.9999999993197133,-40.90030619809313,0.0100254029315698,1.999999999887224,-40.932616430381664,Procedural,0.0323102322885304
204016,0.558533508786606,0.5416907310382757,0.46899221415946585,0.4859072390431388,0.43990513234808737,0.5576401151804804,0.4870900600725628,0.5768918491274825,0.5703568256351549,0.5420681518087188,0.5234007074114432,0.5220487006621503,0.4936125930795581,0.5723743731455868,0.6634595098103166,0.5398724980373854,0.5964161494424328,0.49079888246122605,0.48882555241780823,0.5660487880197811,0.5904752494513972,0.594862176604367,0.43211459367142524,0.4341326322241252,792,204016_fnca,0.0100641881174029,1.9999999991959907,-43.0130845391959,0.0100223753507833,1.999999999981837,-43.25069950997624,Procedural,0.2376149707803421
204218,0.5120532629151391,0.5298404318623902,0.42836103332165865,0.4371032640470722,0.42708574987710685,0.5393186629015291,0.49808774231369185,0.5493118694476632,0.5416247641922619,0.5059782079896,0.5078618377906151,0.5018488040746388,0.5184448777468242,0.5520874880609155,0.6467075184359368,0.5062642809296004,0.5675086145818513,0.49493540877725795,0.4489099949323317,0.530377746027007,0.5549371364314367,0.5685586837119806,0.4145219446264349,0.42867739007270933,130,204218_fnca,0.0100427569404921,1.9999999993223416,-44.38175697123385,0.0100354316855961,1.9999999995630255,-44.86350255604515,Procedural,0.4817455848112999
204319,0.5484836854626693,0.5723490312538209,0.47110198527891817,0.43774974344956524,0.441428727715818,0.5782013825116035,0.48349756984288705,0.5629834630717206,0.5447239751038468,0.5505032509932963,0.5484439078253031,0.5415987611006368,0.5411932523672911,0.5580378155265958,0.6956408662606364,0.5320412632223779,0.6044962365256608,0.5376324396770498,0.5025142301903306,0.5787789373155043,0.5919714773144268,0.5859263526984775,0.42523701193906804,0.4261996026927891,495,204319_fnca,0.3204048231245006,1.824754802686131,-44.006570559953815,0.3787225428497943,1.999996604397806,-44.11304414759163,Procedural,0.1064735876378151
204420,0.532197435656826,0.49673577044255474,0.4731974285482011,0.46932764969345186,0.444664571562847,0.5008740883340914,0.4929085617458274,0.5571018791094874,0.5628356969601167,0.5381500137746249,0.5343086106314637,0.48791028430947603,0.5082893562966526,0.5498192937872589,0.6570868251864513,0.5137099430493682,0.5718303559071564,0.4861018312087955,0.5092164750697842,0.5567405098673676,0.5624089876314297,0.5655801369718341,0.392479274112579,0.42096344793033613,719,204420_fnca,0.6046545247541087,1.6070818563939848,-43.05436410928545,1.3526895277087787,1.9999999999998797,-43.548228010633125,Procedural,0.4938639013476731
204521,0.5474410361365775,0.5261145480800904,0.466495051680499,0.5186540164384816,0.453904875302388,0.5582823102687489,0.5133542641030461,0.5931461112576907,0.5737867277499532,0.579641090155432,0.5175053214279428,0.5469763235096804,0.5120251726381163,0.5800253089375612,0.6533718365906528,0.5509924450702919,0.5798728753827489,0.48904540853197476,0.4870315752914955,0.5497259434315657,0.5815267027048758,0.5815023534509989,0.44147988780559966,0.42716769836253304,111,204521_fnca,0.0100416443124868,1.999999999371855,-43.68775278160178,0.0100158543637034,1.9999999996689388,-44.452708735979485,Procedural,0.7649559543777045
204622,0.542083289825862,0.4848310035885675,0.4633659084477096,0.4763806396661805,0.4315522412860088,0.5233554699345452,0.5241175283672735,0.5663274783558525,0.5442682485451541,0.5683819344739259,0.5412730499843299,0.5063170296667362,0.4903526287381451,0.5435417876610983,0.6365387092665024,0.5404154761290818,0.5644850046906246,0.4483104717773622,0.49346615735949456,0.5365933334164841,0.5569043542402103,0.563290845860158,0.4175632177989902,0.4217579334128456,244,204622_fnca,0.4198841879688064,0.986314851251115,-40.70006380022422,0.2749005165350988,1.9999994121465976,-43.21605871374141,Procedural,2.515994913517183
205119,0.5499451426870096,0.5190489808197206,0.44151843602527113,0.4540479893326415,0.44305056235405493,0.5707849701623752,0.49429438147770605,0.5509880322080712,0.5419141652545966,0.5323110414181471,0.5445224741525198,0.4672589020200182,0.48318015037259987,0.5757832690868838,0.6321151754208602,0.530522684750553,0.5832407775016167,0.5079819396726665,0.45652541876233277,0.5564236622007837,0.5680906621161597,0.5683563828219501,0.42033967282160206,0.45010633692030566,510,205119_fnca,0.0104521615630254,0.2310527646234517,-43.466545500422534,0.0100233454823085,1.999999999679559,-43.917543589950114,Procedural,0.4509980895275802
205220,0.5812361717083196,0.5299502593406882,0.46561098066632345,0.49650961122185744,0.469313653299262,0.5522187141064494,0.510343836770749,0.5762331947139723,0.5732320788472122,0.572829298775838,0.5568560913664529,0.5475132175636396,0.5545024949237881,0.5877054353959601,0.6802659001904199,0.5586054650133948,0.5958983896022869,0.5279019807594643,0.5041140561147155,0.5785327708516583,0.594962360125767,0.5991346816831882,0.4450790443239758,0.4411955955143137,823,205220_fnca,0.6673836881276759,1.9999999999998388,-43.746332190238505,0.0100078385485602,1.999999998987538,-46.33517508401381,Procedural,2.5888428937753076
205725,0.5503362955116404,0.5282416550914266,0.48770216249842996,0.46571682706555106,0.4549091907476515,0.5480972803117905,0.48484919729402803,0.6107177333744039,0.5988854834813023,0.5586723578790391,0.5202868248396652,0.5288991951660095,0.5224531223017906,0.5827921176681307,0.6761258007598725,0.5291546805617762,0.59340721583145,0.5150005100910654,0.48821086709692607,0.5638655054252311,0.5868740677959373,0.5688503124747528,0.43648610626620765,0.4358773926588116,513,205725_fnca,0.010043550660729,1.999999998889683,-44.36452903429419,0.0100228641252492,1.9999999997853215,-45.26199553011594,Procedural,0.897466495821746
205826,0.5472906452691864,0.5424957985555559,0.4633605761843694,0.45526852246221927,0.44298193954929244,0.5768279323242207,0.5007311446657039,0.5546897716723159,0.5333139413310417,0.5326838006219895,0.5349670065093911,0.5131128717088395,0.5065189891652754,0.538950030084369,0.642965144615643,0.5288765389453265,0.5463453180387549,0.5077457557688365,0.48601796214035703,0.5644417845875168,0.5402219154757361,0.5639252664335237,0.43345117443559905,0.4439311555267288,851,205826_fnca,0.7992380251692985,1.0898372421643514,-40.33045017023503,0.1745943830214418,1.4269040617100734,-43.436691567358274,Procedural,3.1062413971232417
206222,0.5688271014258178,0.5208413494154214,0.5097890712231646,0.4412414695034494,0.4614884296032456,0.5255421216033329,0.5218555708797066,0.5713536621034452,0.5707731307992185,0.5328406188187619,0.5480907609566847,0.49014797293884116,0.5025504451624812,0.5714581477555317,0.6399522956188874,0.573110806177765,0.5676946096917669,0.4970998498592278,0.5234658167450302,0.5804937351036813,0.574533137145043,0.5541837665791057,0.4607343152151104,0.44989754463379283,268,206222_fnca,0.0100464968472349,1.9999999992170057,-44.41517204337148,0.2463984254486556,1.9999997941476029,-44.5666842465256,Procedural,0.1515122031541267
206323,0.5365087182217817,0.4799509326806624,0.4118105351152893,0.45419939416260424,0.441727719603455,0.5223429899947679,0.4535143444901602,0.5734156840742068,0.5491009368089531,0.5038312742630728,0.5130648113569599,0.49821668153544396,0.5001863634639456,0.5714692292796248,0.6052301991934919,0.5018722465106111,0.6116789009462821,0.49173364573932027,0.44403560797644603,0.5637532599591981,0.566461483608668,0.5408321179631055,0.3729205936077598,0.444042401323606,919,206323_fnca,0.0100515596708333,1.9999999998685187,-42.99506194504481,0.0100332607866931,1.99999999973778,-43.460220487908785,Procedural,0.4651585428639748
206525,0.5449484717324085,0.5383483114920407,0.45616490770164964,0.4495235792195186,0.4382531039851698,0.5377513934446123,0.4721504386369634,0.5411064593037035,0.525730588259571,0.5295953223913785,0.5486567209934956,0.5159421211429684,0.5260226377965352,0.5657783760892395,0.6489253408869904,0.543040509674447,0.581470548320538,0.48891355852744955,0.4972446951425761,0.5564006738167832,0.567977876476016,0.5786790137793413,0.44363125773529716,0.46531463010701246,870,206525_fnca,0.0100441175408049,1.9999999999977207,-44.37672994631666,0.0100552195478578,1.9999999992072808,-44.48713719760662,Procedural,0.1104072512899634
206727,0.5863982274864887,0.5320276051298325,0.4734157476355984,0.4587076807359713,0.44142244204350745,0.562845294996318,0.4506547425757252,0.5751543441274355,0.5582978227873666,0.5068533119821127,0.523983235978616,0.47811594700700616,0.4985694922439866,0.5585886233666666,0.6468523786141657,0.5719455558476936,0.5775123556131029,0.5079692293467323,0.4829243865075555,0.5364142261460011,0.5549954994523723,0.5546648989536309,0.44269304345043553,0.47672677950940406,106,206727_fnca,0.0100450173030116,1.9999999990059671,-43.725476616932966,0.0100185699063675,1.9999999999811215,-45.38854144766087,Procedural,1.6630648307279046
206828,0.5522541106256081,0.5430241923880506,0.48977306002647125,0.4456719181138861,0.440802505912784,0.5280583873995688,0.49143199809675203,0.5643848140715546,0.5465852774786097,0.5339292022317264,0.5343896746836355,0.5091695595231207,0.5075726499721672,0.5981835436237543,0.6668413034734157,0.5214486022224613,0.6179726967257725,0.503852932036152,0.48247198020832516,0.5702955675996418,0.5907801207883662,0.5767837593455551,0.42020176941271226,0.4500810804939271,312,206828_fnca,0.0100427181353973,1.9999999993350697,-43.678233150945914,0.0100000009068322,1.303061209878745,-43.37434786584533,Declarative,-0.3038852851005842
206929,0.5727841782864206,0.5370992797678067,0.4618481931957734,0.4632572739070533,0.4300806709642942,0.5858516633902863,0.5102399184437094,0.5733638147579534,0.5567787368551007,0.5511329217231439,0.5531798314114271,0.5165582346327336,0.510705207611765,0.5735920725293786,0.6618798451211602,0.582268455500524,0.6215907803470387,0.5048857385192068,0.4771571345447694,0.5742172222640652,0.5806848179192575,0.5782135772561747,0.43311511335871633,0.46287754177230833,940,206929_fnca,0.0100000022987075,0.1901773664042743,-42.69932312789087,0.0100141692799667,1.9999999998002849,-44.664825534766614,Procedural,1.9655024068757427
207123,0.5410709702639739,0.5349867455249878,0.46854038881698457,0.425150902387169,0.420534103060097,0.5448880260622448,0.4725057859508648,0.5518668403835629,0.5380529849906776,0.5476354098722722,0.5514529419148317,0.5054312423930486,0.5009405010659929,0.5587920944486744,0.6543350636933281,0.5191240967172019,0.5529964795631147,0.5114858936442692,0.4869104595135079,0.5538004218106518,0.5528920663432983,0.54528971265984,0.44017740409038075,0.4526257187858425,905,207123_fnca,0.9331417771636468,1.9999999993957231,-42.1038622452511,0.0100096849498016,1.999999999232932,-45.618586354605114,Procedural,3.514724109354013
207426,0.5525284726268879,0.5233206779249513,0.4804433684463872,0.482011044614589,0.43125680518309933,0.563843098379777,0.4895865604512806,0.5356486453133327,0.5244807533929523,0.5716750387332823,0.5220903414196149,0.5416031632990791,0.5183746043686325,0.5726155573299143,0.6586271862464063,0.5345262881427493,0.5846913617515279,0.46776676245032056,0.5164690650784904,0.5545804608810042,0.5760828331718261,0.5796661160943549,0.443527058281879,0.4464072075142497,726,207426_fnca,0.0100631686680267,1.9999999991449977,-43.72836686777901,0.0689175322728311,1.9999999999095048,-44.3837522661058,Procedural,0.6553853983267928
208024,0.5722259682779112,0.533084765752495,0.5092897569008198,0.48459083554309446,0.46672480878170974,0.6092504170354738,0.5374040487090973,0.576009414659663,0.5702828695693782,0.5571667648619983,0.5604107408906187,0.536814555388715,0.5269281029214725,0.5915476122072545,0.6876178663287988,0.5576497788652722,0.6195983764191959,0.531060083482436,0.5280340529385422,0.5948369363183414,0.6013014785806746,0.6049981319078892,0.45488086425709,0.4618750843219042,654,208024_fnca,0.0100624119798811,1.999999999746521,-44.37977126202479,0.0100300548658398,1.999999999512922,-44.52735758174797,Procedural,0.1475863197231817
208125,0.5419757380717173,0.5458236081807123,0.49167353791875357,0.46341550621075833,0.4321870852201444,0.49537901192897443,0.4520626721176928,0.5876294261614258,0.5760293708132607,0.5412911916066822,0.5192573952110657,0.5418036480922647,0.5029003540646707,0.580356007608962,0.6737340809285345,0.5195428900684554,0.5850679100490409,0.4961364389964369,0.5237486818475896,0.5653400292493433,0.5827086136073586,0.5892409934243992,0.4156666494797441,0.43730468427416513,7,208125_fnca,0.5307652675927027,1.050213036984386,-41.562928684055,0.4353473711648136,1.999999998915447,-41.906045416591304,Procedural,0.343116732536302
208226,0.5269656275753837,0.49748636802650487,0.5105730851934357,0.48884839331219704,0.43634634601293276,0.4973639492179868,0.4966781661189149,0.5279566827734158,0.5453968997472246,0.5400651384901308,0.5039820662117915,0.5025851194171049,0.4989927117853522,0.5400913459002146,0.6598460119425842,0.5150793599236339,0.5914500121975211,0.46025158789131415,0.5119874856750138,0.5166242369506964,0.5569974542055558,0.5496958548729238,0.40840334720259697,0.39178655590078726,340,208226_fnca,0.0100369981695577,1.999999999182892,-43.68610331867983,0.0100427106010328,1.999999999734368,-43.864992844745125,Procedural,0.1788895260652978
208327,0.5766920409222247,0.4990600820245049,0.4855992017708764,0.47803707618923175,0.4513307686883018,0.539083574496733,0.4885045678759294,0.5874881876885922,0.5817409162093393,0.539772841743066,0.4935488573553568,0.5000095685184419,0.47676617174482816,0.5761631939960333,0.6556108458055528,0.5549261202907008,0.5915906450008727,0.49840367838767646,0.5260753356166975,0.5790298158334403,0.5854568965508384,0.5840918398414258,0.4302938352254774,0.41961804957667304,961,208327_fnca,0.1389048221244027,0.6302422957988563,-40.73108974760268,0.4312806976278037,1.3649893250617888,-41.30122164650138,Procedural,0.5701318988987012
209127,0.5494181250725446,0.5473622434398927,0.4506130399392464,0.48165884881756305,0.4414344204116123,0.5355321521719156,0.48643224213567093,0.5830923686950008,0.5659451189359572,0.5600057380378809,0.529910422453423,0.5360015307634519,0.5226538236461223,0.5850523643183881,0.7039233582861375,0.5603631698280152,0.609508913895266,0.49283891966166704,0.4969081293016097,0.5656959152561736,0.592761400870798,0.5997444741771807,0.43373528946767315,0.4873782708613826,984,209127_fnca,0.0100461468562299,1.999999999198517,-44.41328355552687,0.0100221781129071,1.9999999998646585,-44.79240452698324,Procedural,0.3791209714563734
209228,0.5241000187040376,0.5077121974611337,0.45860288063923027,0.4650369531609108,0.44305792579970005,0.5137147201243382,0.46010073562536513,0.5355090997210614,0.5246714710501255,0.5460862526193099,0.524779485060452,0.5141440037572991,0.5035262675644058,0.5523698713841682,0.6486726939611662,0.5255599910394831,0.5659920513315194,0.4779931867345271,0.4597900951676045,0.5405638526063755,0.5564479367268326,0.5487929309439724,0.414711178400583,0.45907397835209757,685,209228_fnca,0.0100493798096089,1.9999999995867008,-44.36178758192153,0.0628781371762741,1.9999999992269493,-44.85371271875563,Procedural,0.491925136834098
209329,0.5330012874881267,0.5138960362443135,0.4552365155097549,0.44488280546256176,0.45196107509957445,0.5300799833810008,0.4831482824398381,0.5478051972490836,0.5452585260988809,0.5275096880152339,0.5133384981677301,0.48732455876545555,0.48792461177573876,0.5531979893177472,0.6506427340028951,0.5133783103682776,0.5783391632171789,0.48196973939116083,0.4622430386711407,0.5432292543836488,0.5561254240936715,0.5726632297065333,0.3921482958029266,0.39239476542152574,77,209329_fnca,0.0100446291616949,1.9999999994697863,-44.39362824377532,0.0100057224193412,1.999999998949912,-45.372811253299595,Procedural,0.9791830095242772
209834,0.5604334836216921,0.5206572485629987,0.4795398986171389,0.4804800250865743,0.4680434145967904,0.5342685938216698,0.49458758143813275,0.5791592542847243,0.5693530099866391,0.5435226830211883,0.5303594469500849,0.5104696935297595,0.5161547023614286,0.570504969478994,0.6661599312528405,0.558550887278086,0.5927554676704696,0.4795671637803219,0.48700165441587445,0.5691437883764047,0.5644937624416173,0.5662652053312563,0.41540783803043624,0.4242464359731342,671,209834_fnca,0.0287312223992701,0.1478311966743943,-40.256129413648445,0.1751303689535493,1.0299466552595675,-41.99595045499525,Procedural,1.7398210413468078
209935,0.5824673358343587,0.5450265036800612,0.5299768093449734,0.5044150076282087,0.48240256539884313,0.5599118963200075,0.5073816754826352,0.5780258316907146,0.5598813305665467,0.5900770786114884,0.5556090789075719,0.5294262720706822,0.5206925726882943,0.5675847836406429,0.6885192835175893,0.5355676142810875,0.6005202275997887,0.4989479986412457,0.5398412233156349,0.5743915948948476,0.5778431763889568,0.5863707795147751,0.45439935137443205,0.46693240397684255,55,209935_fnca,0.7380965631792072,1.221792513751914,-41.28098259108791,1.5837945644710378,1.99999999875136,-40.66742881802404,Declarative,-0.6135537730638703
210011,0.5521300282653241,0.541945614854656,0.46642814856239295,0.4666946437362608,0.44245951986856247,0.5115668807076008,0.47929562151875243,0.565859645897373,0.5432090525162132,0.5562427895056037,0.5316493010126249,0.4962710178243286,0.48381122043434255,0.5432806810391567,0.6371212813774139,0.542796624630698,0.5839169085574096,0.4746875972749271,0.4939512607816477,0.5491310896966867,0.5565630526250005,0.5595193987133886,0.4365716735309592,0.44159669618309627,392,210011_fnca,0.0549395904419393,0.9577544397353314,-44.163787068452656,0.0100158793138298,1.9999999999337328,-44.310771413080154,Procedural,0.1469843446274978
210112,0.5579431269777774,0.5153379108233801,0.442330545380759,0.48227094404976234,0.4438167559097993,0.5435490896529849,0.5135796765303688,0.5353706325549167,0.5319623707858595,0.572980982801275,0.5142397472313207,0.5206877068000836,0.5144778521034093,0.5650853418804502,0.6464130687770425,0.565479698391296,0.5665144679971238,0.4586642063853589,0.4947014716425555,0.5563842650474659,0.5645436065872039,0.574923080950292,0.41627201252153,0.46822158016810406,13,210112_fnca,0.0241367076876669,0.1761940377204745,-43.31096631844596,0.0100002856900918,0.84352571211933,-43.82376046083754,Procedural,0.5127941423915772
210415,0.546923273477232,0.4845878222900916,0.4464526251174222,0.48078269422589853,0.44845595315559694,0.511934646679246,0.48975670762603135,0.5527356832994892,0.5471518981063709,0.5471073853680454,0.4998503015234107,0.5149330924193134,0.4890992331980313,0.5596880046200066,0.6660591883969205,0.5184474975025072,0.5993534962717935,0.4757953023515959,0.48456998283371466,0.5503816452954733,0.571585891707397,0.5619400328638989,0.405902728424497,0.4339231207286401,614,210415_fnca,0.5197872018175876,1.24099752849683,-43.16060427744752,0.3297138097269904,1.999998390474811,-43.71218494854995,Procedural,0.5515806711024283
210617,0.5619445104163345,0.5172631105151086,0.46832506717365385,0.5023214275552946,0.4671260917954222,0.5524764630954805,0.5042778148420534,0.5939556582192532,0.58092913986097,0.5492161742261417,0.5433370246019176,0.514177670553506,0.513151695658704,0.5735172351041374,0.6814569202503438,0.5455439563143123,0.6146490087213254,0.5137427967122039,0.5040591583837175,0.5800165799391063,0.5802568502605385,0.5957828340949807,0.4453410092771546,0.4180676685581576,367,210617_fnca,0.0100468049898852,1.9999999983424557,-44.40846007099133,0.0100000004937681,1.99999196806558,-45.1943390965921,Procedural,0.7858790256007708
211114,0.5248221241859382,0.5003953253012817,0.48186103871384817,0.48369676234763254,0.4381455821254921,0.48253879884233797,0.49271392092677063,0.5484769761332481,0.5499282939400016,0.5476281085242491,0.5074775852038431,0.5132436672845262,0.4901954726400472,0.5530553091024868,0.6364442946680995,0.5352016467147359,0.5619052499196784,0.4623960889614231,0.48746828631121664,0.544613424498826,0.560635018342561,0.573194920627624,0.4326298720738437,0.4267229992267129,357,211114_fnca,0.0100000000115243,0.0391236319362295,-39.77490512344466,0.0100000010045048,1.3127376648548903,-41.637970110278225,Procedural,1.863064986833564
211215,0.569028989092467,0.5301025902004721,0.49098090124222404,0.475001316312555,0.4454153958427413,0.5319710453944715,0.49581960918507384,0.5795464634995042,0.5828840790807773,0.5498788598292812,0.5270019277009951,0.5094581357216493,0.4975679259628407,0.57434879221144,0.6612181714016075,0.5646779065621597,0.595211555877697,0.48031163683214834,0.5170987265384004,0.5687387376286026,0.5896129206153699,0.5780392381589037,0.4560408079480141,0.4577929369342968,939,211215_fnca,0.0350379461656377,0.3134774745866383,-42.75275319453318,0.5164320390578784,1.999985078260019,-42.37456199741652,Declarative,-0.3781911971166565
211316,0.5267441896347305,0.5478666665982612,0.44666863078078345,0.46662964392154693,0.4282419378809211,0.5225557123233349,0.4352150583735216,0.546673479766069,0.5345312794888157,0.5387671168398148,0.49447722336829064,0.5199006751323715,0.4820923869093654,0.5585421879027007,0.6643697475966777,0.5115857035122623,0.5875956303892217,0.4753750556452709,0.4802659010137713,0.5408402138462275,0.5583378169955673,0.5665679138174098,0.40368609205192824,0.40383155708548757,602,211316_fnca,0.0100000000065046,0.1317708365813337,-42.83946524228637,0.1494287546050552,1.830004865904595,-43.22897319910045,Procedural,0.3895079568140787
211417,0.5674270600903,0.5430137595178748,0.4869871458945378,0.46332306086358394,0.4497934204301621,0.5499373444422324,0.493516846566321,0.5575113343035522,0.5503782294603531,0.5557790940245286,0.5264093107726862,0.5211692537809706,0.5011005533104381,0.5755920342456858,0.6614931852055663,0.5476821057835172,0.6082062971677693,0.4961838425273054,0.49660682293377806,0.5535129409864151,0.5797027883446118,0.5839061288831908,0.4101931823103265,0.43452035002382805,388,211417_fnca,0.0100405215101311,1.999999998974877,-44.36554676177715,0.0100052334064037,1.9999999989159831,-44.65037327743816,Procedural,0.2848265156610026
211619,0.5523879324830304,0.5106903212855772,0.4790442296886149,0.4474913928261216,0.46004775137265147,0.5807596244329597,0.4992379333962306,0.5425105601883389,0.5740268815138134,0.4858755076893824,0.535148250808013,0.4682658852321696,0.5220748162911358,0.578200237721735,0.6422827856246096,0.5215711910086976,0.5519998278039949,0.4864207024076237,0.4627624866873349,0.556209918067171,0.5577734632374427,0.5437061214008666,0.4353730959175602,0.4405150457122389,569,211619_fnca,0.0100622264333766,1.9999999994951805,-43.80611496892936,0.1766923835206323,1.999999998748262,-45.45836117777386,Procedural,1.6522462088445025
211720,0.5758760768056842,0.5325339602046811,0.4555447026995263,0.4566365844635506,0.44091208483595956,0.5533172144158985,0.5093053741548654,0.5581022644263496,0.5646917292584503,0.5629837455871577,0.5655288402129898,0.5309091085136259,0.5325831589339475,0.5942499832795518,0.7037414928983643,0.588764466737463,0.6209441150498518,0.5258339917836958,0.5234536297867409,0.5696319108159329,0.602039943966291,0.6055605215506394,0.4372714819278037,0.4651419962939748,915,211720_fnca,0.5732091399846213,0.8681833688742551,-39.23129535559861,0.3700536706516242,1.9999889005439269,-41.45425154593419,Procedural,2.22295619033558
211821,0.5268890514490202,0.4997591375360968,0.45993186381948425,0.44875418848415,0.40501964422478237,0.498482593280734,0.4450496039884902,0.544092870328232,0.5433740503946204,0.526445670800046,0.49261671816524893,0.4931822806867161,0.4904514272733636,0.5356802118046132,0.6558175943328262,0.5104533937804387,0.577220599279692,0.4448093847896098,0.48122499611213443,0.5208095949770553,0.5547806627016195,0.5596461524836552,0.4077745511582465,0.4166293788196926,474,211821_fnca,0.0100644941803111,1.9999999991381696,-44.51208543130622,0.0100206171739463,1.9999999999956155,-46.8703361200635,Procedural,2.3582506887572805
211922,0.5528512830135534,0.5319399727274666,0.45383809512340323,0.46272134801783715,0.46311373247429594,0.5343505880569258,0.4595860424939626,0.5749827856122033,0.5620224434754723,0.5469138998866073,0.5480716237846416,0.5098096019252947,0.5066581747252885,0.5569420243499714,0.638221652807481,0.5241252869551064,0.5920480669943091,0.4957883700493739,0.46922738647093226,0.565397454420025,0.5708904660262956,0.5711704438765839,0.4046934753438953,0.45518813571936845,66,211922_fnca,0.5504427469520897,0.8027153768046041,-40.66564391855907,0.6510758571795674,1.999987734049029,-42.105531476321254,Procedural,1.4398875577621837
212116,0.5532600294946023,0.5456712824325766,0.46150239149517447,0.45426783778367,0.4458900753194617,0.5426304563155334,0.4882441234809643,0.561892367826027,0.5624741824772521,0.5238911808694615,0.5267399574080929,0.48165290921159093,0.4889193770333991,0.5892947534422806,0.6620187144909524,0.5446245317072094,0.5917867212690763,0.5065443323810733,0.4864905820122328,0.5651079867004983,0.5784571235491088,0.5712538282058103,0.419740378181203,0.46213403652861496,967,212116_fnca,0.0100453458036875,1.9999999991316089,-44.39723553250366,0.0100156751735025,1.9999999999448803,-44.78807166503692,Procedural,0.3908361325332592
212217,0.5382261977400424,0.5089471159403273,0.48862082246708105,0.47596877919353453,0.45667675468373337,0.5227665192526135,0.5003320070084056,0.5661769950562435,0.5677501283673946,0.5535880197703574,0.5220059594699908,0.51793371241503,0.4973644134070622,0.5391458126195735,0.6505617786995856,0.5330238209718227,0.5727403464515625,0.456636067015802,0.5013391646747988,0.5535820951408321,0.5468490251587593,0.5707852843746484,0.4148541188665829,0.41661298959656856,412,212217_fnca,0.0100000840486822,0.1034242719872609,-41.055962744131925,0.0100000003995713,1.3694493180989575,-41.587429112606614,Procedural,0.531466368474689
212318,0.5468188085814094,0.5261217016617433,0.48189545032770675,0.46497383505597556,0.4625886074658314,0.5664379543502763,0.5090443006544699,0.5720493516279784,0.5759372687021947,0.5496215136985295,0.5503466309787438,0.5099771799127754,0.5061308732346808,0.5716456357928532,0.6588531282547023,0.5217326811554661,0.5822365230828734,0.49536383596655553,0.49458655050974104,0.5769829952266379,0.562908062540774,0.5777659245840842,0.41895435511601997,0.4186130959396438,69,212318_fnca,0.0100339040706769,1.9999999992508144,-44.39742103314328,0.0100121077758755,1.999999999512922,-44.72508138507288,Procedural,0.3276603519296017
212419,0.5588008232393921,0.5037686673498633,0.4615122857047947,0.47951858711776457,0.44524396244632436,0.5616162099098859,0.490999556088654,0.5561661227175265,0.5672806948174174,0.5237010192345661,0.5210761439966533,0.5184337564339493,0.49701132695431155,0.5539664899697246,0.6571235315035996,0.5269730216315114,0.5901342075982476,0.4895058989219119,0.4838000122891711,0.5719702874240603,0.5802900743970608,0.5695993423885684,0.4201699693799028,0.4561809232160476,912,212419_fnca,0.0100535378764997,1.999999999944392,-44.374365892385995,0.0100110358944546,1.9999999982896493,-44.853475160820786,Procedural,0.4791092684347902
213017,0.49861741567475015,0.45236392619741755,0.4312646904468221,0.4419835764673234,0.40327890054684085,0.47851288823058413,0.46656097280682757,0.5310255277876987,0.517222782184618,0.5274299661931551,0.4868629357437947,0.48803350554991154,0.47728271642134784,0.5300287382890683,0.6145077665042682,0.501849134209383,0.5529145446113651,0.44255692610123604,0.493029470248222,0.5391307594640897,0.5455385848265807,0.5416460971452184,0.39997915670828965,0.41296278571704564,432,213017_fnca,0.0100000000056106,0.0756539829626202,-43.143298761955606,0.0100000007047463,0.807316735381206,-43.59409206993441,Procedural,0.450793307978806
213421,0.5608492724261321,0.5177403772885969,0.4982760802443799,0.47481205887846917,0.4622398340147857,0.5519482902712831,0.5135359400356322,0.5759499756313496,0.5778472289862497,0.5673950236552859,0.5331938796860688,0.5104080056275873,0.5126738842461872,0.5607832746211721,0.6636779923847945,0.5665519370160869,0.6297287444189008,0.4861169310968706,0.5115278820052909,0.5604530899002199,0.609236091736769,0.5970408956864071,0.41658647908112784,0.4224351171072275,93,213421_fnca,0.0246689672034962,0.4705103454097679,-43.67118346472714,0.010000000987142,1.7073266948710917,-43.72410218735535,Procedural,0.0529187226282061
213522,0.5245380723013477,0.4955960606238055,0.4917113972099779,0.45460069698314726,0.41002563620876453,0.4644775556660769,0.4875858197624771,0.5536408973168324,0.5590280536452777,0.5626163494887397,0.5124549335133712,0.4938727341822208,0.47606783251730533,0.5466571169574918,0.6221683266257111,0.5325223290670629,0.5409920974438791,0.43569040720677693,0.5189004989620567,0.544196076088893,0.5177704613240881,0.535899942970738,0.43781188722196906,0.4571437917978293,443,213522_fnca,1.042961947765033,1.9999999998158944,-42.37373460244186,0.1576388977125136,1.9987754246659728,-44.197190817127826,Procedural,1.8234562146859687
214019,0.5659889839299516,0.5301517347043384,0.46082125589134953,0.4713870675034638,0.4465479551959946,0.5342989040638301,0.5153647793022998,0.5663650202735382,0.5502684813205211,0.5453098712615805,0.517511624129827,0.5334058054568691,0.5145589661996354,0.590806560269004,0.6749333902601177,0.5430686141395322,0.5959865295357542,0.48054069904747143,0.49655324116019606,0.5789716433841875,0.5908261788601415,0.6109418788455304,0.4568218365307063,0.445454229286972,167,214019_fnca,0.0100426571336502,1.9999999999129825,-43.695289983311326,0.6138928274481749,1.9999999999999285,-43.873968235492406,Procedural,0.1786782521810792
214221,0.540761432832608,0.4993617755512516,0.4708530728337204,0.4923846108808869,0.44480853521071423,0.5227489433266936,0.49491417634823237,0.5350416817505408,0.532774157059576,0.5403115508256338,0.5221385646400034,0.5244928266851806,0.4959313074246729,0.5520649444848561,0.6454644395061723,0.538591461402901,0.5684316173371081,0.4651471235615214,0.5167520035527726,0.5659489346313996,0.5737549753362745,0.5697368397341238,0.40190208592784726,0.3988609311318719,855,214221_fnca,0.1381323759676351,0.8778282845767037,-42.519157277381055,0.9631245569682008,1.9999821870508712,-40.54033488214132,Declarative,-1.9788223952397317
214423,0.5709485813840093,0.5044898108201097,0.44233397229615223,0.4615867556014833,0.42942568139526377,0.516446058816503,0.48183650735733075,0.560773230527726,0.5475913621494732,0.5663017515773787,0.5441369438537752,0.5210926140900611,0.5237784239291102,0.5688924919627691,0.6509287150121713,0.5678363595327859,0.5876160240257071,0.46861395023703517,0.4945167011735676,0.5596160704259079,0.5870125176224946,0.5815713626160341,0.4519296516801632,0.4503692129613288,263,214423_fnca,0.0100427074506033,1.9999999993142348,-44.37512319471357,0.0100095415432749,1.999999999304334,-44.88964739741761,Procedural,0.5145242027040453
214524,0.5918159546420277,0.5399871746632146,0.44493796344165787,0.4349572108038411,0.46170071563520027,0.593637402236876,0.5146254700823814,0.5526239415952431,0.5601960728220796,0.5342742370499098,0.5435474691468375,0.49654255189263385,0.5228354062907608,0.5653573996339402,0.6365552821808289,0.5322254876166492,0.5948832109662683,0.5710067599640226,0.469461827952082,0.5562354372821506,0.5674494111178541,0.578327134516776,0.44186742941972307,0.46753095556355695,730,214524_fnca,0.3688179971860924,0.56423717937103,-39.371799355991655,0.2044912540443395,0.7589799985829128,-39.43124557861615,Procedural,0.0594462226244942
214625,0.5435833697736454,0.5352076269331213,0.46402098199225184,0.46113317560636524,0.44448243197708104,0.5863170487860726,0.5302504745193611,0.5820673898493122,0.5601246383793236,0.5485436393683112,0.5484087769928767,0.5322407834597476,0.5155864042855851,0.5820271007983928,0.6503582097120164,0.5514833535949717,0.590874014072374,0.5084340726672054,0.4774527686450124,0.5700926239951901,0.57986486152039,0.5823316855671637,0.4152047754182416,0.4426085859611012,161,214625_fnca,0.0535404908124828,0.4503883072546262,-41.32304635980775,0.0100000015909175,0.5342660967594997,-40.62947888994856,Declarative,-0.6935674698591896
214726,0.535794885823817,0.5208604446851431,0.4670798382419137,0.4593568356613666,0.4434121693217441,0.516227526125478,0.4708600655154974,0.5743278077617404,0.5589693697852048,0.530723610142953,0.5147485488421013,0.5036403339960527,0.4857266639577083,0.5480059148182579,0.6408363383256693,0.4729292667571508,0.5967091612847486,0.4840084806292767,0.49318414239353564,0.5338510766210028,0.5460741301740643,0.5900053652629957,0.41949526531281056,0.42990172591129067,258,214726_fnca,0.0100447752189766,1.9999999997103552,-44.363147778219435,0.0100123254312781,1.999999999211891,-44.813497001593966,Procedural,0.4503492233745305
217126,0.5506796914732855,0.5160448699711122,0.47209719901867286,0.44434732136387806,0.4635622530249651,0.5674271853366312,0.5074187270549738,0.5649746502942109,0.5688088262750702,0.5218194829745111,0.5572725514963254,0.4830272756751047,0.5186274436527594,0.5739616956444256,0.64090455279087,0.4924461413295548,0.5776105532261405,0.5307070673050951,0.47155887344843417,0.5532068807510637,0.5614189724554906,0.5361940133546357,0.4333651655671896,0.46220525221044534,267,217126_fnca,0.0119631634164456,0.0352163018032079,-62.539825065922585,0.6080251997449021,0.6585987767266201,-44.19622172806502,Declarative,-18.34360333785757
217429,0.5560276005991839,0.5403916670757188,0.44453252326598053,0.4590140711529833,0.4644866610573558,0.6037321144922363,0.556875268236201,0.5635113286339978,0.5454524153557674,0.5524544597049094,0.5582495630092256,0.5124669186989466,0.5209087694814611,0.5920802725911971,0.6593394542962128,0.5333560388041912,0.6060323197484518,0.5263794236359582,0.4919224419402786,0.5851373277368775,0.5845467571616767,0.5724565886772015,0.4370220574372307,0.4499674957220458,339,217429_fnca,0.0100465043356471,1.999999999201154,-44.3636465005743,0.0100315198815392,1.999999999979253,-44.75193236180719,Procedural,0.3882858612328945
220721,0.5683226625977119,0.5336095083571928,0.4741753229736114,0.4886281742232545,0.43136139608269736,0.5352352480834941,0.48399165967942825,0.5520778259944565,0.5453805803132434,0.5428995743910696,0.5217184695929498,0.5275018429087011,0.5046634850644338,0.5802459688065733,0.6554111928928645,0.5514539009825785,0.585971060746935,0.5060693227144647,0.5114508676733873,0.5417582486817433,0.5878393886105754,0.5837368609858523,0.4262758677064537,0.46862857178954975,288,220721_fnca,0.0100517068016323,1.9999999994705804,-44.367973762973904,0.0100000006926415,0.6134949904804555,-44.274004656866246,Declarative,-0.0939691061076573
221319,0.5532505522992808,0.5153464636328627,0.47356965601254025,0.4781063568106726,0.46512258760927205,0.5473929099898188,0.4956520866207023,0.5461495042960716,0.5297534614649709,0.5634893396168996,0.5481481246337367,0.508391044466116,0.5166216713398737,0.5780747429180383,0.6654539576513173,0.509598800440404,0.5787383597510446,0.4863872300206058,0.4599592981185392,0.5642711561895285,0.5827451568028772,0.5534017658179019,0.42282800546768634,0.43098521225237646,775,221319_fnca,0.6418644914413636,1.0338128783012233,-41.65226010921206,1.658870300232508,1.9999902946401609,-40.489444697469914,Declarative,-1.1628154117421443
223929,0.5419961555247259,0.5093896423907335,0.456752255220009,0.4364677187680052,0.42717671087352893,0.5606982507225223,0.46794701875604455,0.5172496937799149,0.5012790985282117,0.5187913630343026,0.5048749233187922,0.48812580087854057,0.4784356828002791,0.5463038608334861,0.5949358265054022,0.5417938012188835,0.5475158688403078,0.4950903648838599,0.4730275629123512,0.5381441638794908,0.5409927295620038,0.5319429686981311,0.4217579725667773,0.46034714998336257,721,223929_fnca,0.0100000000758347,0.1486125022437996,-42.16644877358046,0.0100000004680099,1.9999876740875413,-43.907023953007474,Procedural,1.7405751794270117
224022,0.5541189632147143,0.5047645736413161,0.498738940133675,0.48410308707742283,0.44778300368159063,0.5431100010874214,0.49973767516359985,0.5538942966835112,0.5626833775255493,0.5541788765600145,0.5122983655093706,0.5084675479780738,0.4955033117388225,0.5334361314261536,0.6169825880290492,0.5379323764294115,0.5675554500427095,0.45541842188091436,0.4920610124140329,0.5500700344529785,0.5503764975237575,0.5801646765921485,0.4287356870652249,0.43286154113183783,666,224022_fnca,0.0100522057956506,1.9999999996191016,-43.68325823981403,0.0100357445099041,1.9999999991633903,-43.79013774797802,Procedural,0.1068795081639919
227432,0.5055508283506943,0.48522922966689536,0.41758599305574573,0.4468919580141148,0.4234027355513059,0.5148163396097312,0.4519751991014783,0.537362899972251,0.5277799628900112,0.5077000364308297,0.49198121727093075,0.4754564202246976,0.4609966176999232,0.5161768227839932,0.6222953551625647,0.5078354520123888,0.5278628383557262,0.43288586589701694,0.472010438770689,0.5169483043721115,0.5278045001963324,0.5314369383857369,0.42758174343151006,0.4319935401836751,763,227432_fnca,0.0787645130682248,1.0920160776197207,-42.7901840168361,0.0100000015437783,0.5131008849665876,-41.69215495621019,Declarative,-1.0980290606259118
227533,0.5114966652016282,0.4965046051360846,0.4917031734400009,0.4467153315950923,0.45658390555422385,0.5035073004194126,0.49854065651212465,0.5739905869780505,0.5765325068587024,0.5089072960725224,0.5095043251381057,0.4946033517513998,0.5091645608580246,0.5845574616382712,0.6473405311330898,0.4931548524559723,0.6101815406930603,0.5014939248923949,0.5254585011618532,0.5433376182782215,0.5986987391224768,0.555306913382933,0.43520927536153436,0.4359477418466286,359,227533_fnca,0.010000666473577,0.0768143852381786,-39.27414393229515,0.1100428441022302,0.5942822770401522,-40.84915345809373,Procedural,1.5750095257985777
228434,0.5733135739234752,0.5670003458162631,0.49332317228907363,0.4870913692507872,0.4495165392603224,0.5488074595211074,0.5164143523514743,0.5802019138980432,0.5705914275562696,0.5486608085540149,0.5836338629891575,0.5287740135223591,0.5376066434685609,0.5764509763538548,0.6639521490544642,0.5506389703545674,0.5886991900443703,0.5567545226128565,0.5280815515106586,0.556376160182593,0.5778913870338809,0.5556422851332409,0.4334326443346552,0.4703234898442593,176,228434_fnca,0.8602209656078541,1.9999999999999336,-43.64631975695078,0.3230649527231762,1.9999978638489024,-44.11459342509063,Procedural,0.4682736681398509
231928,0.5613306190499575,0.5222295434879205,0.4732360766831645,0.4913901747103204,0.46208496205115784,0.5513147874080009,0.49633824339003096,0.562222468314997,0.5604121082635813,0.5662180346209935,0.5489618777733763,0.540835443034776,0.5352027110128464,0.5808700293587459,0.6891566589464346,0.5289801634473904,0.6125660475014295,0.5061231818264329,0.5091501001168467,0.5591798808810273,0.5993616297193284,0.5960557273272826,0.4394137512123303,0.4373340032908915,859,231928_fnca,1.190178846721862,1.286067693019123,-38.42819564064519,1.3614326942811947,1.999999999943856,-39.54512745633734,Procedural,1.1169318156921475
233326,0.5792417026745998,0.5409194163184224,0.46550058518229087,0.49373184205830145,0.4677447394629742,0.5718797009675771,0.5106396921136059,0.5902059565499261,0.6060187136806351,0.5805587135190913,0.5532995084783918,0.5582772220962727,0.5332560215853479,0.5860743995383776,0.6692655939496522,0.5850868965077364,0.6218689235547484,0.501919281974429,0.5118223676919784,0.5843840142328232,0.5979343267255642,0.609008040009571,0.4432505181650307,0.4607565463759123,21,233326_fnca,0.0100544332790165,1.9999999991551587,-44.451279162014224,0.0100166765894746,1.99999999928164,-45.872878442457385,Procedural,1.4215992804431608
236130,0.5529726286037343,0.5147173157694462,0.47176644331910694,0.4567867290328887,0.4472601437170416,0.5524701393765024,0.4697881144958781,0.5643422981305706,0.5573077208820038,0.5388084174856962,0.5488876272999178,0.5086053984270541,0.528765192963639,0.5718101352957297,0.6587932643621977,0.5136590021008353,0.5928485898200003,0.5162149034006425,0.47161303058806037,0.5658019380982783,0.5714423732999169,0.5747084433277495,0.42382372668710383,0.43258532352687545,803,236130_fnca,0.0100000000006977,0.1675636548281651,-43.60799067508211,0.0100481856246428,1.999999999072381,-43.67144064942468,Procedural,0.0634499743425749
237334,0.5529467904752015,0.5170925684741571,0.5004378694374099,0.47660167138665194,0.45508737412642647,0.5518902498881875,0.4818057566161448,0.5776568757051168,0.5687056389688514,0.5535177025221654,0.5319291987357915,0.513246902136169,0.4973716408591374,0.5713752624633684,0.6729231099669473,0.5492098587616603,0.5981887018842277,0.48361611758991885,0.49856893025713395,0.5654376255078928,0.5937397833168435,0.6027999336188301,0.41894690065931023,0.441468189373257,305,237334_fnca,0.1859852461005696,0.2048715750226305,-24.3075901038628,0.87650650288977,1.9999999981791503,-38.64597272684071,Procedural,14.33838262297791
238033,0.5737449731691108,0.5358697791757303,0.4549978835077756,0.4927980982127293,0.4677124413340724,0.545826235760991,0.5148921091765957,0.5840523520702365,0.5808950670811645,0.5873931481131841,0.5459036094229632,0.520826811503034,0.496552750395744,0.5821778585109031,0.6761393694567256,0.5847739061761095,0.5828797822413536,0.49822018547054703,0.532633561056177,0.5635901449008291,0.5850411862584015,0.5766341580942206,0.4888395375457394,0.4909483268238818,170,238033_fnca,0.1616100188434455,0.3978659563582131,-41.23616827556005,0.0100060398831717,0.4309098696859698,-41.48559136403422,Procedural,0.2494230884741739
239944,0.5308986772089002,0.49759007305989217,0.46104033042568543,0.472622757117784,0.43298560118732327,0.53491291568701,0.49727052225382573,0.5683894610424137,0.5641099921657261,0.5334099518393645,0.5219904823646484,0.5343132595150116,0.5103209826987609,0.5674925432265252,0.6459004278303264,0.5325879146609419,0.5699788226241056,0.47067060895766916,0.5164510998391638,0.5561915202032158,0.5690209395064217,0.5613265735669173,0.4185302790479388,0.4094620236376182,923,239944_fnca,0.0100525658014025,1.9999999988142807,-44.37043829768738,0.0100205841883316,1.999999999612815,-44.36720409018924,Declarative,-0.0032342074981386
245333,0.5470433924801895,0.5161984574354308,0.4937763941662508,0.471944014902941,0.4362699745408209,0.5078410491698505,0.4994250578433796,0.5693261960577314,0.5839163381144712,0.5680654327825551,0.5281151760291053,0.5122032887392435,0.5127505301192515,0.5582533543519076,0.6585326215685859,0.5118214948848366,0.5864971707531919,0.4860286918639299,0.5189995947312397,0.5629843734169437,0.5627368976303643,0.5752403909683846,0.4244185621255182,0.41655108474052155,225,245333_fnca,0.0100422094745368,1.999999999512922,-43.67754768828157,0.5688713956887307,1.999999999999942,-43.616857705866856,Declarative,-0.0606899824147078
246133,0.5498306215012225,0.5056362231929374,0.4691145063312961,0.48949445566295424,0.46660862011773946,0.5590415853243506,0.5050455446222399,0.5831159290618211,0.571870195290075,0.5901742205243816,0.5526813307175099,0.555664129648223,0.5117693085054855,0.5718788715430292,0.6707630524297781,0.519892223194687,0.607372309343467,0.482871059498423,0.5075116419471982,0.544345150165901,0.592458171677972,0.5872831373928427,0.4569717465951923,0.4346894555554298,337,246133_fnca,0.0107196512251886,0.9502353444581,-43.65859325773831,0.0100134149085741,1.9999999989309445,-44.08199935960393,Procedural,0.4234061018656163
248238,0.5468979521237518,0.5415119620087108,0.46599495831634835,0.4621760159181707,0.4428578703588225,0.5261001169671603,0.49512694510289085,0.5596544795283966,0.5711041780801792,0.5531231893554505,0.519359919134629,0.5254219747850324,0.49781945452199794,0.5770956224984748,0.6489596542715569,0.5147292119163472,0.5575834218223019,0.49921751210546056,0.48853645683964897,0.5744695771845073,0.5522866801710825,0.570263786136227,0.4280989726831534,0.4756118024099934,25,248238_fnca,0.0100455633842702,1.9999999995461983,-44.44078166835444,0.0100162626440635,1.999999999439908,-45.4013487554735,Procedural,0.9605670871190596
249947,0.5591699911313919,0.547854989819491,0.47998225263570754,0.47936083555232406,0.4765286593909913,0.5445633506355495,0.49421488186925444,0.5895488894244837,0.6024026096179012,0.5651372476352055,0.5515084620326848,0.5330312222119554,0.5258629190211646,0.5621228136850555,0.6815208929942326,0.5287157837587608,0.5872644453886077,0.48159020941985725,0.5239421762477098,0.5689625090401943,0.5789967917757174,0.5904939412133378,0.4526122070243397,0.4457182833455989,362,249947_fnca,0.0100000000122535,0.3237447627685916,-44.096630925342275,0.0100392172466509,1.999999999886195,-44.17201778348319,Procedural,0.0753868581409165
250427,0.5788356881862141,0.5574805769677229,0.4949545352119005,0.47409875771570165,0.4655531577891924,0.5524150815320985,0.5215083707621875,0.5746261010211465,0.5679469933873315,0.5614566355791472,0.5378704974681423,0.538975730453402,0.5319519985391823,0.5836760755171945,0.6877342913553731,0.5417747127380923,0.613929683350273,0.5208309855901716,0.5096292601740999,0.5740653011758629,0.5924834722925675,0.6016542787930154,0.44453620275664313,0.44563211812401776,799,250427_fnca,0.3888853016183728,0.4844896239593975,-37.41018155729363,0.2160211751028345,1.1892409536937325,-42.533890408333704,Procedural,5.123708851040071
250932,0.5760401794531655,0.5415748361441304,0.43761664251583576,0.4963745446874301,0.45840278155920805,0.547423498805291,0.5061209144017962,0.5548221462662442,0.538462335325507,0.5968612429159521,0.5796183642639925,0.564805405229016,0.5479182358402013,0.5905074298484237,0.6963700882522713,0.5667796024080632,0.6205129875997243,0.50971258480428,0.5023085847462448,0.5783331644730026,0.605239633221549,0.6105701236401687,0.4593057517541025,0.4584544399707249,658,250932_fnca,0.1598747140767908,1.9083504148906465,-42.05314154144196,0.0100000006617675,1.4626657448757816,-41.82423682016808,Declarative,-0.2289047212738779
251833,0.547501519030218,0.48670776388956033,0.4787008827761739,0.45814114596138666,0.4342757319905294,0.48651746411066554,0.49933483248035015,0.56342646315458,0.5549388858614875,0.5096658717349156,0.4998685322409162,0.49750070504532284,0.5083523424782854,0.5590835805080762,0.635842597398613,0.5313578181280874,0.5842793591397182,0.4663573190722022,0.502980080911706,0.5597537814460607,0.570081465825578,0.5749944168995759,0.4249573033078231,0.4336891128452505,179,251833_fnca,0.4825284882811533,0.6494426036557928,-41.29754249270248,0.7277394789837411,1.4264746816254892,-42.11147719498746,Procedural,0.8139347022849819
255639,0.538062514409783,0.5183753379119955,0.4236429310557534,0.45163971041678314,0.437578667078917,0.5611432249879786,0.5154578972265931,0.5423095369294094,0.5596927290479151,0.5238833307421563,0.5341388386711505,0.4900222040555297,0.5047847666134864,0.5574358757336011,0.6545564338892135,0.5112787384265285,0.5727471481104245,0.5076872056089747,0.4699265066650639,0.5658339675356064,0.5551782802900689,0.5701125951673878,0.4371775293098977,0.4246334168561596,544,255639_fnca,0.0100470091147332,1.9999999984050931,-44.382530117484585,0.0100266185361643,1.9999999996486464,-44.5250772037862,Procedural,0.1425470863016187
255740,0.538054925499249,0.5450900743726743,0.47323318799155784,0.44289885115240296,0.45300989305110717,0.5253863528304532,0.46742712600775294,0.5691680313886096,0.5618371346785945,0.5266271145898194,0.5194143357013895,0.49283815944084525,0.49348843098098477,0.5658864948245786,0.6578060724158832,0.4913200454312639,0.5757830134731057,0.4904024815913003,0.4711244042839645,0.5419865500572199,0.568070236034696,0.5494671833483159,0.3957211360007264,0.4432633575159567,811,255740_fnca,0.1174960937022699,0.3441839366711379,-36.94724319810893,0.9946677138586338,1.9999999999765563,-40.062051687664834,Procedural,3.114808489555905
256540,0.5627128208414203,0.5548112613619803,0.48051330454091556,0.48573588753995495,0.4583175304320949,0.5462939132288336,0.48508088572150115,0.565923282049218,0.553811405690544,0.5681652626129218,0.552477206271842,0.5020994270847781,0.49189558617423323,0.5856749105764646,0.6650511426514134,0.5648269542075478,0.5748539903499412,0.518186063814366,0.5002429967803296,0.5530235096314866,0.5682732570591057,0.5818313397423133,0.43830695053237734,0.4464746135289525,689,256540_fnca,0.0100471673703651,1.9999999984504215,-44.39722208625205,0.0100133474542368,1.9999999992508593,-45.430874262389914,Procedural,1.0336521761378634
257542,0.5499214066763155,0.5138872963377833,0.45772430654492835,0.45623410074210846,0.43179372554497,0.5054284976726321,0.4800269159587634,0.5497438241222665,0.5394584841404264,0.5483854835881514,0.5351302944837993,0.5173816841743545,0.5129109914874834,0.5301411726931883,0.6530010254113588,0.5083412105491378,0.5808085427807107,0.47751329323386493,0.48254558136064346,0.5597380474925461,0.5660944593910071,0.580138472075249,0.4337482228593844,0.41521776668190613,272,257542_fnca,0.3379008536935278,1.9999526590481165,-44.222883619903314,0.0647387380800781,1.9999999995013584,-44.510233565110944,Procedural,0.2873499452076302
257845,0.5585350759092668,0.5521685803039701,0.47094374177322024,0.47517739379505686,0.4469060016124455,0.5432365930921041,0.47826367694804817,0.5811592125258634,0.5841475046885604,0.549729434830069,0.5334513376515373,0.5094633075673209,0.49220074677553327,0.5812355201085964,0.6442193898570311,0.5096771094469205,0.5790405250995552,0.5009981755959662,0.5138988826764365,0.5408968918613402,0.5740526163631872,0.5847816353213623,0.3941976705185254,0.42901815908127433,729,257845_fnca,0.0100422272334492,1.9999999999140952,-43.6705977356898,0.0100129450042744,1.9999999996597584,-43.98867652005816,Procedural,0.3180787843683532
257946,0.5318240503886968,0.5235611745344384,0.456185519997563,0.4441600432240111,0.44246356832313327,0.5469573293116361,0.4784395983312393,0.5618351738734494,0.5400716231481616,0.5297363494646566,0.5135610887098515,0.5024605394431646,0.4912321001150675,0.5670818413266011,0.6617896327483734,0.5147721154427946,0.5766837990558862,0.47897215755036676,0.4426963539970386,0.5579535880512385,0.555100774402338,0.5757176040049461,0.4182160071720841,0.4359066629204849,827,257946_fnca,0.0100460937663708,1.9999999991376851,-44.43246404165351,0.0100032413955626,1.999999998298071,-45.5063976028943,Procedural,1.0739335612407928
263436,0.5464247067164109,0.5311332898957513,0.4792681237756228,0.4583213683813193,0.4544135878814351,0.5304856250574717,0.504596795701795,0.584231174323611,0.5772250578863584,0.5583855541776747,0.5454583596958567,0.5030006132127604,0.5156277128792042,0.5869442114559729,0.6585005742149184,0.5160396926529122,0.5977735113789173,0.5211666916067781,0.5163184677844953,0.5625351569065777,0.5785630088362235,0.5791409589758129,0.43031246296819214,0.4492463797286306,240,263436_fnca,0.510826722183332,0.4639476583268694,-33.347920489939625,0.6280303242065094,0.7429906769540255,-34.624945802107476,Procedural,1.2770253121678508
268749,0.5713232232474369,0.5234066658302118,0.47249958680695814,0.44880669885290636,0.46810780717529804,0.5823539462212957,0.5363762695533242,0.5703793856723786,0.5675609048625883,0.564517924000802,0.5788083937766041,0.5206555504413288,0.5285032061417023,0.5908221887044736,0.6464980674245716,0.538479355457467,0.5918184171851227,0.5172913014546368,0.4809287781405886,0.5805876091001654,0.5777487653548935,0.5664909573496578,0.4560773731612134,0.4725028987427772,61,268749_fnca,0.0100469827801697,1.9999999985061452,-44.386738189183134,0.010024198395776,1.999999999796584,-44.57296029608187,Procedural,0.1862221068987324
268850,0.5710496485203935,0.5252729147983404,0.4906179460183654,0.4793879303606242,0.4720501043857261,0.5637159351634373,0.5105103958844031,0.5841195009931088,0.575320276570223,0.5363154816692833,0.5331468949860313,0.5086745586279631,0.517201399591864,0.5695518765671967,0.6633945458077871,0.5577252020102968,0.6170842020721984,0.49908108742549095,0.4870110042056497,0.5749672035850336,0.6042674490618147,0.6002659311365348,0.44418442310774936,0.4597916046001954,242,268850_fnca,0.0100453642013514,1.9999999990203683,-43.71290525332908,0.0100318898967039,1.9999999999019111,-44.15036094310352,Procedural,0.4374556897744384
270332,0.5675145745715259,0.5066651347421047,0.4418818344780562,0.4840636309750025,0.42976567354210543,0.5171943803234096,0.5033163708862084,0.5625728107813134,0.5454422049876759,0.5537923156971631,0.5226533970523878,0.5139199959015803,0.4931994135007358,0.542501758062294,0.6454028810538658,0.5531869921243581,0.5821770069659599,0.4883936307803469,0.48208531734006327,0.5573688545978047,0.5687225597959934,0.5823702730705675,0.4436684280783787,0.4748507193098881,264,270332_fnca,0.0146759923736977,0.5859541228326279,-43.63055744513537,0.0100066607672054,1.9999999993328337,-43.84982394726924,Procedural,0.2192665021338697
274542,0.5529593200386728,0.5280185239616043,0.48075106464839606,0.47005827841939946,0.44149625741233145,0.5506817859080675,0.5102942772666748,0.5664527736278342,0.5896026276863053,0.5646119712321622,0.5276410051055829,0.5446653671073896,0.5204013708193655,0.5780361349382122,0.6651190576511854,0.5344765483204862,0.6018299040849057,0.49307403564761904,0.5161451451329274,0.580390709993636,0.5985384537582558,0.5818758652294351,0.45102456588373563,0.4545388535527593,667,274542_fnca,0.0100000000052594,0.0768113009734798,-43.535379578427786,0.0100000013588797,1.9852146614725137,-44.1456786992724,Procedural,0.6102991208446156
275645,0.5760002289512223,0.536181915374303,0.5025822524399293,0.5012638327420739,0.4549371381216548,0.5461635237417581,0.5142697518090598,0.5767751218652077,0.572199622421339,0.5626942963182198,0.533472512925854,0.5397537214714861,0.5419477967904922,0.5924502864975338,0.7069243922313707,0.5315067950789024,0.6063444964182635,0.5021201439550284,0.5225401009950922,0.5721075744193707,0.5901117459293048,0.6061738695733249,0.43034881651076057,0.4249751192344643,324,275645_fnca,0.4995556361608051,0.9666828827672936,-40.188885750033855,0.6348709259378744,1.544892199980233,-41.852747640471904,Procedural,1.663861890438049
280739,0.5292946742627863,0.506275982528934,0.44341987012881384,0.47002916028770747,0.4285977545329597,0.5325573312540064,0.47360052202778724,0.5566460435138109,0.5642617739987105,0.5487535296236232,0.49578016936605734,0.5224016236198211,0.48493270221758145,0.5498276077490296,0.6732007401609149,0.5133945476840069,0.6030712821832056,0.45782497087556095,0.4806471626222822,0.5321324726049398,0.5545658885873906,0.5592003050238905,0.39574077024342613,0.4184965922364426,627,280739_fnca,0.0100437697624056,1.9999999996018984,-44.382082767655625,0.01003373414412,1.9999999999292124,-44.600359667301525,Procedural,0.2182768996459003
280941,0.5341661690543961,0.5384991067422555,0.45581888107525304,0.4518576265553475,0.4309437201502336,0.5384247103999237,0.46215249938831254,0.5714944298028953,0.5616736814699477,0.5480211849411183,0.5301983623553125,0.5377116760922509,0.5444951470345479,0.5723451784651867,0.6581356772987972,0.5131837271826069,0.6063951615757655,0.49009509351605085,0.4827980636409099,0.5429155948746944,0.5887835517141531,0.5720565744030595,0.42679567155651377,0.44735354442098296,294,280941_fnca,0.1797077758406083,1.2562055192535917,-42.734074649835776,0.0100000013852461,1.2768979619942658,-42.839803079092505,Procedural,0.1057284292567288
284646,0.574610298597537,0.5057749444877245,0.4931688860926098,0.48121594029545245,0.4556598783667099,0.5817816582683923,0.5110264882466808,0.5439563548412635,0.538528269677505,0.5780469990056482,0.5237326373855417,0.5129350765750819,0.48595758552749585,0.5659647700799711,0.6486420099881465,0.5432737690780397,0.5706932760403407,0.4744932228109894,0.5120172256626588,0.5731939802493802,0.5843652711148424,0.5978684818214056,0.41306773527771745,0.3929172010123947,336,284646_fnca,0.0100463766063516,1.9999999992007913,-43.71853425953524,0.0100043834220737,1.9999999982493857,-43.96471736941289,Procedural,0.2461831098776485
285345,0.5582667833638532,0.5482877863999631,0.5205135160707834,0.4771177248177629,0.4454606388538903,0.5386009422890096,0.5006269057109766,0.5571550208007949,0.5628902137965042,0.5650186759147879,0.5355277106139783,0.5250692124978914,0.5233051027474085,0.5842207338811367,0.6775053865890562,0.5383656747262934,0.6067025845343327,0.5132682126962832,0.5223549119220052,0.5755317540554252,0.5802492334785395,0.5960458376596358,0.43337192423880233,0.3965863103145195,393,285345_fnca,0.2394895718984229,0.9683115416680858,-43.69629155226737,0.1636444653866945,1.9981698859813517,-44.31428384898211,Procedural,0.6179922967147391
286347,0.5443591274241184,0.52417942856876,0.503191720519519,0.480924089794867,0.4506617957940996,0.51541430067696,0.47406176165606523,0.5727042408312271,0.5686513216827983,0.5502810757297343,0.5109427083389282,0.5243525791107514,0.5069272542747116,0.5572669174044438,0.645149137726389,0.5077460976704942,0.5954749071086278,0.4771766398490708,0.5139092036984948,0.5746841089903484,0.5801115320804887,0.5671804961991647,0.42294461672640904,0.4248689380181995,926,286347_fnca,0.0100436464954295,1.9999999995938595,-44.3995466227243,0.0100119953366606,1.999999999602588,-45.45032912188994,Procedural,1.050782499165642
286650,0.561111534593186,0.5386138809671721,0.4825766122818484,0.45463139140405395,0.44674488588374595,0.5770830673408942,0.4998146838214275,0.5607397212823257,0.5490463504037418,0.5434336031176388,0.5397947648142145,0.49503245253760464,0.5038728098967812,0.5601769068091723,0.627930383088102,0.5651364937177886,0.5699577639544438,0.5078484973387163,0.49782470902733467,0.5637243547866293,0.5469569141741618,0.5809942662133909,0.4427142154625511,0.46912319807233177,233,286650_fnca,0.1337857567938894,1.885895786493772,-42.214946818185375,0.1193754081916383,0.9601110996958944,-41.49709673730407,Declarative,-0.7178500808813055
289555,0.5597163985472773,0.5457531485420016,0.4881608765482598,0.48637733405428685,0.46144774219421186,0.5137369137971048,0.47121510394776905,0.578150805476731,0.5761348811819247,0.5694090572023136,0.5244055822092967,0.5275734416955449,0.4960225928901103,0.5682662205745764,0.6387195186900222,0.5430572173043314,0.5793593412963487,0.5031755423181293,0.49403709771888893,0.5732216091980983,0.5475736052627217,0.5976957533864157,0.43685279439679997,0.43932012458937175,534,289555_fnca,0.3417738595651742,1.999999999793068,-40.528636886975725,0.658869081052311,1.999999999999904,-40.246834358771075,Declarative,-0.2818025282046505
290136,0.5448916611073608,0.5337582767847973,0.4880563447023893,0.452576433184853,0.4408372259864189,0.5496848220906532,0.4575328849756456,0.5627635411122208,0.566382590906809,0.5162852007509163,0.5295973180227317,0.4800122605291668,0.473228060511332,0.5634415869244774,0.6440372906795194,0.5167742335278553,0.5784395264519335,0.49568082173416145,0.4762163182810123,0.5638869390663421,0.5665052529570433,0.5659142845266103,0.42512731769650247,0.4359066564851397,140,290136_fnca,1.368881083621254,1.9999605404305665,-43.53112257291005,0.3375551138092028,1.9999999999870592,-44.70720550472965,Procedural,1.1760829318196002
293748,0.5439715080952576,0.5179343454392218,0.4693765566445123,0.5001982868220861,0.44279198559906396,0.5444446417008373,0.512104950264645,0.5773198472658921,0.5851801955143319,0.5450244178965739,0.5275863180569529,0.5067805572053298,0.5074595417303098,0.5561067157686492,0.6541830014159303,0.5153581900184149,0.570508392196689,0.4887295437259501,0.501336570137564,0.5681994325856539,0.561436566117256,0.5798806811612431,0.47131429057945523,0.4058656013349687,511,293748_fnca,0.0100468157159981,1.999999998530424,-44.405469296815845,0.0100170647711371,1.9999999999982945,-44.94458534985404,Procedural,0.5391160530381924
295146,0.5388822471278875,0.5212622634872097,0.501636026732644,0.4590216054435578,0.46888368911931044,0.5736982105537316,0.5119242825479939,0.5564708847201691,0.5542166503078806,0.5318820438127516,0.5427590939702311,0.48686067532215704,0.4869470576908867,0.5737471993924925,0.65798694928283,0.5417076771420759,0.5663849393112944,0.4998246258546899,0.4812676658608537,0.5743322800516522,0.5599234731100226,0.5466384649656445,0.45638145410720554,0.4461186008447192,680,295146_fnca,0.3974485207735835,0.790709995400066,-41.38240251991752,0.9744179678098694,1.9999999996959308,-42.679715728574735,Procedural,1.297313208657215
298051,0.5269684121598436,0.5130916447495377,0.4642245962857793,0.46156814583074757,0.42584968058508343,0.5254174441602936,0.4781318457453167,0.5587901111048511,0.5505703766611234,0.536791762444232,0.5302067346195707,0.5160488498524286,0.517251325945359,0.5437601281439169,0.6603933357099576,0.5324581802674166,0.5913220506182024,0.4854789863902176,0.5144039540591071,0.5569025539174356,0.5724203005906314,0.5746935770755055,0.4278195127764539,0.44131885679637994,824,298051_fnca,0.0100432872723512,1.9999999984399084,-43.03504634574728,0.0100113797354874,1.9999999992091868,-43.87345495391817,Procedural,0.8384086081708872
298455,0.5442389580725655,0.5221360039068478,0.44400594589440473,0.46296726192125937,0.42565855306647465,0.5282812969660221,0.48780243436165444,0.5840194108331603,0.539656333566394,0.5672688481107746,0.5254884811770931,0.5398047198335526,0.5030055538546006,0.5552551616076401,0.6572625861319474,0.5414290167700704,0.5695323582022221,0.505602326409453,0.47171812261044144,0.5606386919626293,0.5521670432137425,0.5834747722164614,0.4250143644329594,0.427961477357955,118,298455_fnca,0.6658331710775937,1.9849975740840349,-43.857047784872,0.0100310470784112,1.9999999999628135,-44.41579851887869,Procedural,0.5587507340066864
299154,0.5593959396974649,0.5661989917981246,0.4816388892446273,0.46485592370081713,0.455341814655906,0.577175819219102,0.5180444405430176,0.5760507396988234,0.5749314236249226,0.539987322384121,0.5635406655488118,0.5214317652353624,0.5335215417350186,0.5907990138172557,0.6777653069015581,0.5518280275304432,0.6057317060072263,0.5205697720399233,0.5095761937467146,0.576562837219306,0.5939834934574708,0.594177556942054,0.4205251015381335,0.483824153452435,843,299154_fnca,0.0100006790933508,0.0455761722135659,-41.64593745275938,0.127292642818389,0.5329072991516711,-41.51952736568951,Declarative,-0.1264100870698641
299760,0.5735065948249539,0.5668463642630099,0.49538634002552484,0.4961192620037505,0.47835992919390624,0.5906318404586494,0.48044065645702616,0.5626435836528638,0.5756823840455673,0.5757102213898672,0.5717347180737135,0.5326625875110254,0.5331181323109999,0.5772979371183172,0.6591298290435235,0.548154516780049,0.5809913587806098,0.5439127226815778,0.501623424765003,0.559751016675872,0.59113633148171,0.5866918023017832,0.4421204712325155,0.4617343983255375,303,299760_fnca,0.7577345147528362,0.4395424067838455,-31.192018326445567,0.3226374845566108,1.3407677042228654,-40.135262980979576,Procedural,8.94324465453401
300618,0.5503313170210877,0.5303057071684237,0.5037371589936166,0.5031867372794728,0.47073169932183917,0.5393461105372523,0.4978752841722883,0.562792499800824,0.5626392005085545,0.5532881173167126,0.5269038698487448,0.49316321910395994,0.49907899494172,0.5881301923795546,0.6508726702177312,0.540429412322856,0.5986042313041816,0.4902766729391532,0.52634375592245,0.5656758089856049,0.6022731287454332,0.587360330168123,0.45458525183696374,0.4376636992664175,767,300618_fnca,0.0100461104176483,1.9999999991385848,-44.39561400604627,0.010006254124099,1.999999999004832,-45.15706043942852,Procedural,0.7614464333822468
300719,0.5486681647315305,0.527761079890765,0.45262536186641406,0.4598193861096041,0.43459771316622237,0.5433430299011742,0.47597764788245633,0.5343385249281046,0.5390368219835029,0.5198521189175844,0.4988635207111096,0.47218878867891995,0.48166104560741857,0.5557159957625326,0.633356192001949,0.5506483005003632,0.560562346429503,0.48928695616171625,0.4696770500546451,0.5548539954970237,0.5505978009365763,0.5379521604105123,0.42537242237943557,0.47038740324286515,365,300719_fnca,0.0100454895615042,1.999999999160183,-44.46412978650355,0.0100098844965025,1.9999999989359485,-45.511011842171946,Procedural,1.046882055668398
303119,0.5599183366217374,0.518889913044687,0.4773304881087144,0.4703891684001875,0.4457586080085456,0.5589264233643576,0.5326582299952987,0.5731361012002048,0.5508878843895563,0.5780288290653806,0.5558514770415544,0.5248621656638647,0.5142035272225969,0.5688966768362846,0.6532717458214143,0.566436379386207,0.5828731670635521,0.49484706993913036,0.4900361590529566,0.5760085152439028,0.5858262336914581,0.5917003345970888,0.48411220322943693,0.48034620008502243,427,303119_fnca,0.0379344880386434,0.1386576699335625,-60.670371019672594,0.0755872287559947,0.5241355051133257,-43.924361722809344,Declarative,-16.74600929686325
303624,0.5747128456072705,0.5620215814852755,0.4759143267961031,0.47077603264582085,0.46275668776581463,0.606499723340405,0.5378513795246164,0.5732230652112282,0.5574790448455925,0.5421664284117614,0.5576427303039013,0.49881532535994055,0.5070500069271013,0.5857237913567803,0.6225159903736597,0.5775144401923356,0.6001553847134864,0.5744566895728028,0.5038234903230999,0.5637030681298335,0.5982576373225296,0.5742150798981359,0.4582602510324722,0.45954418444412326,787,303624_fnca,0.4602184746438049,1.999999999613497,-43.91410217869431,0.3045596908312043,1.9999999999999192,-44.38830619423337,Procedural,0.4742040155390654
304020,0.531325435411183,0.49798408136980044,0.44928097748465134,0.4594550475064527,0.43260869014884606,0.5388112336262241,0.4828845269436997,0.5585832300531566,0.5556944474403572,0.5383209784020043,0.5354586784696259,0.48818334350560344,0.49604067625274334,0.5668616016024521,0.6428782707236432,0.5222417010513634,0.5728171182052574,0.4812916366141316,0.4752452134541295,0.5443541267260243,0.539146716835966,0.5679992455709053,0.4245828464724636,0.432006966742136,583,304020_fnca,0.0100424243189275,1.9999999995207385,-43.683023920058744,0.0496873715644974,1.99999999830592,-44.374240946842455,Procedural,0.6912170267837112
304727,0.5271423297658321,0.5228846063512239,0.42808410681531556,0.46347302974217386,0.4270809634689598,0.5265928732858519,0.48267594186926405,0.545490184600776,0.5331383856230555,0.566805089994361,0.5278370333545801,0.5368325456683594,0.5131330277646501,0.5712686512485928,0.6788194002859003,0.5198079046685838,0.587808425777265,0.49090682389400747,0.4576668608922872,0.5299108995458092,0.5693164479820718,0.5734577583566898,0.45474446488425074,0.4780433685057572,216,304727_fnca,0.9145261486816464,1.999999999842017,-43.239187518210755,0.0356374462752144,1.9999999989737152,-44.03458910983974,Procedural,0.7954015916289876
305830,0.5718411150151124,0.5379133930213902,0.5020244298284712,0.4832475204397476,0.4526312424627317,0.5818175939101671,0.537544804533837,0.5645047763535985,0.5445340656225182,0.555455834808393,0.5366774983169654,0.5365829518362566,0.5198895605352568,0.5943430927882999,0.6928454298427832,0.5739496034646265,0.6099097124108929,0.5070286351001121,0.5057190952771818,0.5854387298949453,0.6011548863304736,0.5928613449078618,0.4275244993436321,0.4492049800184447,618,305830_fnca,0.0100000015595526,1.0742470079385418,-44.3582437039091,0.0100337999733954,1.9999999991055355,-44.383393083222735,Procedural,0.0251493793136319
307127,0.5402577447243141,0.5467520658043119,0.47416168600113223,0.4634518568305958,0.447377532917467,0.5530199077219998,0.48572630644995407,0.5898048775012563,0.5964454607060676,0.5570070210477011,0.536983806766132,0.5259572106125223,0.5003221221803718,0.5982585703569985,0.6604614495761172,0.5483641243984914,0.5943837999858006,0.5240973430287507,0.5059952746689375,0.547412930572695,0.577263592717725,0.58862697599664,0.44911321179194813,0.46420852531611184,182,307127_fnca,0.2275290444616761,0.9799286580783824,-43.08480744164093,0.1239134925203037,1.0621958980854542,-43.07681930703803,Declarative,-0.007988134602904
308129,0.542454998217594,0.5182379947351401,0.45257850538558314,0.4233132282233538,0.4277639693423655,0.529400569800313,0.48731896173045164,0.5678015595003528,0.548712762509225,0.5047922098998039,0.4756765041308443,0.47171542828020213,0.47559636679505124,0.5653004036046552,0.645924575191072,0.502139913608734,0.5845613438674504,0.4759254280263397,0.4768646629026484,0.5428470998959378,0.5524688220704354,0.5420277911926835,0.4107226153460018,0.4087338359118804,297,308129_fnca,0.0100462526417272,1.9999999992068576,-44.44831036735679,0.0100258497999318,1.999999999369076,-45.60320274764816,Procedural,1.154892380291372
308331,0.5242881608648138,0.5047768219098495,0.4485177958466268,0.47883294897918655,0.4166675324924222,0.4891634812017038,0.4613666940360268,0.5554450649289226,0.5335611671190464,0.5118546818452383,0.47420568162057675,0.5000161822845186,0.4792842019136582,0.559561342519252,0.6155614027584491,0.5096735410316762,0.5864965119984243,0.4391056898016098,0.4954972410573702,0.5378952551768214,0.5644677520702784,0.5613508288551031,0.41388364999225835,0.4123772883225408,720,308331_fnca,0.0100454882460511,1.9999999995381363,-44.46305282894032,0.0100086752938091,1.9999999990055877,-45.86350205890668,Procedural,1.4004492299663625
309636,0.5723648574791532,0.5336652854744868,0.4935099513444438,0.4907092736015003,0.4627685626758094,0.5507746598745381,0.5255443077032864,0.5989533408346481,0.6082631726302479,0.5643570710848891,0.5328992466253343,0.5341937486800511,0.5373456467603526,0.5891607480492123,0.6734814102321255,0.543046925610013,0.6088081575961614,0.5082590651090746,0.5344815803529126,0.5849703459456609,0.5798061470215857,0.5957760170195741,0.4240509207452468,0.42598826958672786,68,309636_fnca,0.1339492804411381,1.1256689611693125,-43.513819034834505,0.7790880809219232,1.9999846285999257,-42.60148466618149,Declarative,-0.9123343686530204
310621,0.5487129580277167,0.4949785885465584,0.48947901746351646,0.48287714748108984,0.42379035179726476,0.48973832177056076,0.492194068902814,0.5652315800729782,0.5769377338206303,0.5851483443852318,0.5348700426319148,0.5420339637849472,0.5121011091800051,0.566436473199954,0.6603812835577656,0.5441438531616406,0.5913168071775118,0.47309292578044926,0.5214076231032821,0.5469398258874058,0.5727165982518538,0.5920743150578105,0.44419102312768544,0.4301740244943624,221,310621_fnca,0.0107516273350084,1.15548006530435,-44.357825565504264,0.0100441362270065,1.9999999999987097,-44.59752074506939,Procedural,0.2396951795651247
311320,0.5390253434045814,0.4898990454697062,0.5077841253907497,0.420331683045706,0.4401382165607062,0.5559223940226166,0.5131845307042869,0.5087620828852321,0.5104804554046123,0.502760152572699,0.5398269196407549,0.4353099111908302,0.47984929564183965,0.5406732471827892,0.6151289093478666,0.5256137943533217,0.5456292171184631,0.4807482446400545,0.47743408307410545,0.5402342473142226,0.5242703878405863,0.4987359215243079,0.4331606731904856,0.4611251629101157,770,311320_fnca,0.1657745959957686,0.4756984259029226,-63.99548019062582,0.3031391248175515,0.7466031673240443,-51.89705011016256,Declarative,-12.09843008046326
314225,0.5321553672156463,0.49585870398204207,0.4354441649364114,0.4673905256455177,0.4508234048034151,0.4985612642012848,0.4822997622185674,0.5364637867891683,0.5518850914816779,0.5503468880597372,0.49956651003191704,0.49432230003656,0.46754716054987255,0.5523692417734803,0.6419982197418374,0.5401058729194006,0.560817204762188,0.46473103117536413,0.4748656735466352,0.5338938370719529,0.5567705632224013,0.5548515397901699,0.4193287291435172,0.4208259258921251,17,314225_fnca,0.5011496010903024,0.4028444887973761,-34.217693248540506,0.3802629064784174,1.040070447199347,-41.81882667639239,Procedural,7.6011334278518845
316633,0.540928069350678,0.49170375884548384,0.48333700050987494,0.4575151592745405,0.4382043067780592,0.5049742185038429,0.4621584065188653,0.5585958683603861,0.5554509278352198,0.5411956773130341,0.5344645398110139,0.5078425780852343,0.5108643238743936,0.562384802556614,0.6508707600923601,0.5056433637933917,0.5923374911040279,0.46128267122008376,0.5021729523179436,0.5380200892124491,0.566977270341649,0.5726956782258674,0.4071948556779098,0.38130777778378033,42,316633_fnca,0.6007753792521512,0.6268777077574219,-34.33476134523863,0.0100000007047463,1.1021845989394887,-39.137803138750186,Procedural,4.803041793511554
316835,0.5414787054119077,0.5338447813460077,0.4755917674770547,0.44437599785455395,0.4441276951728568,0.5516836896485221,0.5083592373047827,0.5451765258696281,0.532295914319781,0.5171286103080733,0.5345853604419414,0.4893264532489049,0.5109985932350832,0.5317039548615675,0.644024222626264,0.5264730578240181,0.5677021641350435,0.490373302300045,0.48359584958615043,0.5539235302988805,0.5705968597715265,0.5498646423111816,0.41962054466891596,0.4432667837525112,413,316835_fnca,0.0100605437192772,1.999999999557758,-44.44224778860469,0.2548926079451206,1.9999999997752869,-46.22290023557451,Procedural,1.7806524469698175
317332,0.5788891964618254,0.5422938272462883,0.5045212714884046,0.5034566141805773,0.4642651943857162,0.5759330500884006,0.5191543893340176,0.5786904635287677,0.5908883533064777,0.5892879885356883,0.5817881272297635,0.5436419474850546,0.5423862870514251,0.5722578610689546,0.6665866596532578,0.5597494707009144,0.5950901810189503,0.49437794387175105,0.5166144857601656,0.5800264809603338,0.5953337445462643,0.5998264428804965,0.49028036237501027,0.4738603512971393,928,317332_fnca,0.0100470972405071,1.999999998391124,-43.69282210425662,0.0100041319745047,1.99999999952578,-44.02421114514576,Procedural,0.3313890408891353
318637,0.5540952579388135,0.5118484360564968,0.47138771213732,0.4612309394465051,0.43594415797885655,0.557959777310457,0.482335286981356,0.5564458862208391,0.5403748819253157,0.5503803191415922,0.5107606001268917,0.5047736104405326,0.4842832532515811,0.5453976205308924,0.637700087358093,0.5320140241471215,0.5869249406865864,0.4883010679227862,0.48552693305988565,0.5556164562761207,0.5747565207082057,0.5703243639934237,0.4082492000661858,0.44508878399023466,102,318637_fnca,0.0236825533768946,0.1266458110425329,-42.455422708422304,0.2123880556936618,1.9724638946147168,-42.77596870122024,Procedural,0.320545992797939
320826,0.5383474282822566,0.5437909769395824,0.4780938534723967,0.44427379489819185,0.44742976191352424,0.531958409542963,0.5088718519636983,0.5692435936013502,0.5763377737255163,0.5440505081736862,0.5673424382808169,0.50354483046265,0.5362242096001257,0.5888008873362539,0.6674984463692839,0.5212748505491129,0.6064370157823817,0.5235640467145437,0.5076850865728173,0.5658819395887947,0.5904767573880556,0.5929916851681201,0.41601436192584584,0.45410895248069383,819,320826_fnca,1.4870150011614929,1.9999999997771696,-41.69423416661178,1.4604157705553769,1.9999999329978608,-42.0084430239281,Procedural,0.3142088573163235
321323,0.552718554662143,0.5348662664730225,0.4943345277331116,0.4599414586791871,0.45730408062581906,0.5418923975196333,0.5050357086759817,0.5646700190154347,0.5644793511161085,0.5321436241336506,0.5159824185217977,0.5122467990536207,0.5130758595038462,0.5676584968295366,0.6600150235850788,0.5473566476273171,0.598590371798393,0.497985196440374,0.504031539461055,0.567021187869338,0.5901848451373835,0.5956597254583886,0.40960264934203644,0.4525646085139013,521,321323_fnca,0.0277149978296552,0.0928012319840838,-64.23059344009306,0.0951824578584283,0.3105755828294418,-43.1254257339911,Declarative,-21.10516770610196
322224,0.5192836957470398,0.5374861418085661,0.47049318295882736,0.4432060978736692,0.4530266971061701,0.539361118596393,0.506482187235028,0.5540340049787925,0.5599077235064225,0.509704809878521,0.5505681735498711,0.4693399154165532,0.4969293767094851,0.5805576556856856,0.5563054698030493,0.5108357750870325,0.5676734662527714,0.5307137764457144,0.472385361604787,0.5411216160110623,0.557830907945586,0.5530306045113386,0.43312007586047857,0.435726764788213,133,322224_fnca,0.0100446925112203,1.999999999992402,-44.366513631633985,0.0100300660967264,1.999999999938414,-44.71304690678757,Procedural,0.3465332751535825
329440,0.5537879473703994,0.5332300236414611,0.49492801199427533,0.4652279455877344,0.4580007134482805,0.5551995232164645,0.5106093871532169,0.5617565004241329,0.5553560021650027,0.5232961543469037,0.5162918533221571,0.507397160497829,0.5121193708659502,0.56068666698172,0.6731005134908478,0.539871353649187,0.5796623516013163,0.49598708556690285,0.5037924784214971,0.5766890376632162,0.5716838562524375,0.5904387672233594,0.46680610761878777,0.44702766900474344,708,329440_fnca,0.0100000000059429,0.1000226743953801,-43.58429315920941,0.0100000012688109,0.7135299164141484,-43.96971796779432,Procedural,0.3854248085849079
329844,0.5545958998714643,0.5175294323583765,0.4726156958897825,0.4961333242207661,0.43747532015891494,0.5484272979747487,0.5262040006548858,0.5670216637190345,0.5459389051918525,0.5747698230553289,0.5454189211808527,0.5141857612459791,0.5174242929104347,0.5532346330996277,0.6571720574912173,0.566797514468548,0.6003809979760599,0.4646442137437672,0.5191377767144593,0.5468964758915505,0.5655712355138406,0.5914382565706283,0.4573653524869689,0.43055163946725955,178,329844_fnca,0.0100464992069899,1.99999999920369,-44.41625890060293,0.0100432908592891,1.9999999999322116,-45.830893181899086,Procedural,1.4146342812961592
333330,0.5464818148450761,0.49605222512211505,0.47486106686948854,0.47332961468811235,0.4490405117024187,0.5208398718309915,0.49122129491265687,0.5721673750207565,0.5828869406600137,0.5501815125552488,0.5367602465541992,0.5054138463981404,0.5114514189601341,0.5529738004956672,0.6445343054999064,0.5371568292384022,0.580949861893682,0.477325885096379,0.4850069806988012,0.5577645992539007,0.563286960867215,0.5760833372675802,0.44300910895244017,0.44372064009191337,253,333330_fnca,0.1618442912564644,1.9999874481976232,-44.27706858122783,0.0100225334039968,1.9999999992119664,-44.72720458472633,Procedural,0.4501360034984998
334635,0.5791016099553858,0.5355078678488039,0.48942473119583263,0.4874499908863001,0.4551927417128725,0.5287289851405454,0.4945230932449751,0.5967706798851552,0.5925694038027768,0.5373719747979039,0.5106939995279294,0.5220615240516395,0.5025988730537579,0.5936913232266335,0.6800607376241643,0.5752351011259503,0.5871453470052068,0.48235341413606236,0.5101992898672707,0.5995248152159971,0.5992741526795242,0.5992523779011658,0.4263475439747614,0.4355687856079345,565,334635_fnca,0.1119229082219129,0.6606560618269159,-43.32355843176408,0.0863136188467113,1.281620903833606,-43.889111446562566,Procedural,0.565553014798482
336841,0.571428263947412,0.5514610544506445,0.4382289220400708,0.44531163004257546,0.4627682785218902,0.6040740768960917,0.49767889368610496,0.5631217775763467,0.5459175163503227,0.5235102608745479,0.54845926729723,0.49423878444207914,0.5216777264290272,0.5774738503305469,0.6632144355503543,0.5285007895024003,0.5962128770406173,0.5434970451854987,0.4800063243620315,0.5647761451880874,0.5605792151945947,0.5968007204784178,0.4470274908811263,0.43713390579746486,196,336841_fnca,0.5816804962240615,1.5633197619917245,-45.88589479647688,0.0777629825450984,1.9999999992172508,-44.94261718052845,Declarative,-0.943277615948432
339847,0.5756441089059013,0.537435952504395,0.5031477732382238,0.4618735671435851,0.4430780371446079,0.5658228691198353,0.5379915376793363,0.5846314144995843,0.5844125957650007,0.5591234591578851,0.5724740238130829,0.502008196458244,0.5159003010224597,0.5870575702348417,0.6607947849273836,0.6050261662718036,0.6011628630128015,0.503802579783971,0.4921302526612426,0.5847177214285472,0.5879801875527115,0.5780570590311075,0.445357890572153,0.495036459583442,856,339847_fnca,0.0100359991675507,1.99999999832952,-43.69146045053055,0.0100175451577456,1.9999999993963211,-44.0433277704506,Procedural,0.3518673199200535
341834,0.5599444998379806,0.5371907774598754,0.4738975119300121,0.46428363793893224,0.43445314488438647,0.4875235895712207,0.4891911107094779,0.5636847695040408,0.5555494442337533,0.5702551696910807,0.5192266524864994,0.5321762963883151,0.5134388159743546,0.572727573151554,0.6757899986273932,0.5300770727208234,0.6006339280639941,0.4943640280361645,0.5067046750906069,0.5619374262908955,0.5764910770614893,0.5644591223609247,0.42977420295902,0.4271689800034567,100,341834_fnca,0.0100423485047214,1.9999999997488176,-43.67243857488022,0.0100000025013839,1.6669593784662278,-43.46420991562512,Declarative,-0.2082286592550986
342129,0.5446319006214062,0.5125829786438907,0.430000565545399,0.45074515596878684,0.43939652890410313,0.5489821932572948,0.4578093822990927,0.5302071705020966,0.5353139655273416,0.5217771419064915,0.5056724855359738,0.4992091197432043,0.49339543860309704,0.5306605379896115,0.6182360114422448,0.5345129198110743,0.5647946969432562,0.4669588520563457,0.46984496197486886,0.5479279138413665,0.5317359181776904,0.5539302568903112,0.4049053539054775,0.43236447619461726,755,342129_fnca,0.0100000000125775,0.1046437352025895,-44.015907642440474,0.0100000012686865,1.7980286190823258,-43.989114026127574,Declarative,-0.0267936163129007
346137,0.5389330072424783,0.5160307493961726,0.4448643864486136,0.4762984303920677,0.47065927694366233,0.5249572587383325,0.4536284766028649,0.5553983130925426,0.5351780242075693,0.5360110066201331,0.49564178132347797,0.5030085137942237,0.48834042014571055,0.5651297820619023,0.6320681913228282,0.533894796356272,0.5673386020875466,0.4426460517791061,0.471329008767231,0.5480492698581271,0.5476521353670434,0.5745355387309249,0.43054804595432505,0.4207801696592595,527,346137_fnca,0.0100000000026688,0.063955829431441,-43.257979165989966,0.0100000013230607,1.3935676432071773,-44.03753272365705,Procedural,0.7795535576670858
346945,0.5631169169965418,0.527865655280734,0.479672893034842,0.4961766394192557,0.44284903824318944,0.5515179459478914,0.5202726172501486,0.5953045519540402,0.5802800355581578,0.5651752535260011,0.5060169792776161,0.5538335573908921,0.49664437265177697,0.5812914463337985,0.6541138589246421,0.5468349754055383,0.6258467528968268,0.47122820251698,0.5279981819537941,0.5776036270104723,0.5895219971899521,0.6239428925548174,0.46539046998988953,0.45142937930898114,296,346945_fnca,0.0100000000115234,0.1233952655998541,-43.95641843775101,0.0100309374297336,1.9999999994817317,-44.31240596997896,Procedural,0.3559875322279495
349244,0.5436857721314834,0.5186031374753735,0.48531187158700034,0.49149538794767905,0.432009261665147,0.5139755514835236,0.4907303219879546,0.5753095610559826,0.548163706898273,0.5516445057608098,0.49505177157834934,0.5056356457399729,0.4747429223800752,0.5510078563540277,0.632093516925885,0.5237020254085344,0.6005257733878369,0.4681085274544736,0.5361665959612592,0.5435728307360588,0.574514183814812,0.5841204574167964,0.421869879576786,0.4214499279564856,63,349244_fnca,0.4892535517307298,0.5511103616681894,-36.23766740508768,0.4218632497695541,1.999990402051984,-40.24204467271011,Procedural,4.004377267622424
350330,0.5467211021967961,0.5485930568462982,0.48309303314343816,0.4338793895503546,0.44777950478039275,0.5633327062107566,0.47487452714629574,0.5720422420525987,0.568418945808492,0.5303127845502291,0.5315570223197795,0.49079212828568247,0.5019532617423895,0.560595374869977,0.6489680235063718,0.5345037209031189,0.5597097789545797,0.5047321969480926,0.5005712052447879,0.5503102151951254,0.5590008386331832,0.5711360389658686,0.41157806530846053,0.44167114785506967,438,350330_fnca,0.0100493524425017,1.9999999993076671,-44.39123055239693,0.0100211887652547,1.999999999602447,-44.759287260465875,Procedural,0.3680567080689485
351938,0.5532908665771785,0.5145709779196896,0.5098748935199491,0.45499253347659546,0.4557505026822678,0.5278470705781221,0.5246763320077007,0.58481496289216,0.5984178809293609,0.5672587022539629,0.5423160755675149,0.5314500985775381,0.5111250675455037,0.5744840080093631,0.6435906652736162,0.5392581588591642,0.6025185083299154,0.5173388977626601,0.5511108328912538,0.5766276840949348,0.5873737661775341,0.5582435814561876,0.4489788616133663,0.4272507936282591,576,351938_fnca,0.6784260285449877,0.9339562164266066,-40.61526559655677,0.2289289531789207,0.6171104918664546,-41.53562471986228,Procedural,0.9203591233055092
352132,0.5646106793900099,0.5271235398352726,0.48858271260553365,0.464331480842978,0.4402762418610399,0.531568760849676,0.4973618086374338,0.5515108018636262,0.5723547771483031,0.5675695376533207,0.5495093678406763,0.5181661520315971,0.5165435651947691,0.5451761965709654,0.6429208761487476,0.5690939344162284,0.584227708516319,0.4878486888719536,0.510900175621467,0.5598150389003022,0.5598548726768336,0.5738972186318015,0.46160380098065334,0.4828128965329425,906,352132_fnca,0.0126620007635509,1.144029954629436,-44.326111335988365,0.1502855383828627,1.99999999839819,-44.916785845944744,Procedural,0.5906745099563793
352738,0.5872008705085907,0.5139037098703947,0.4685105169609914,0.4988029494306074,0.4686290635328745,0.5845604276257236,0.5219853025296813,0.6046270591798313,0.6142996746423851,0.5908535248678801,0.5578838772447317,0.5457270094033414,0.5430360944430348,0.6065461218926083,0.6834273858419228,0.5760121194959643,0.6156621395827098,0.5251580832733849,0.5023195228976628,0.5890104062957132,0.605233589182709,0.6137322182420384,0.4394020228257287,0.452129588784353,949,352738_fnca,0.0100471506219248,1.9999999984329195,-44.37690771136765,0.0100222493262906,1.99999999978926,-44.8778312190276,Procedural,0.5009235076599481
353740,0.5844506509215406,0.5173585585567491,0.46269593885657345,0.4582222674397204,0.4509626771306825,0.5823533079318198,0.49916141387090257,0.5593224062789912,0.5492697189542809,0.5342031800362096,0.5487215595215348,0.4973297207423713,0.5144244850082093,0.5901301123731101,0.6423136202188957,0.5558693395118491,0.5857112157825328,0.47513536355475666,0.48534718173409813,0.5795330942294745,0.5815645283041299,0.5669272137713867,0.4643101779480701,0.48120251120984286,209,353740_fnca,0.0100325187957641,1.9999999984644652,-43.703145654282906,0.0100239110751189,1.9999999997850824,-44.05246210732191,Procedural,0.3493164530390018
355239,0.5632091464395435,0.4992720543837143,0.469687338714087,0.46518870527732914,0.480589337877629,0.5084144302318471,0.5071635654868476,0.5729977872111411,0.5634521518068565,0.5140222783415219,0.5440876449341822,0.4814417190448816,0.5261196225167492,0.5857267546007988,0.6307972872248745,0.5554311535390777,0.5822660582544035,0.5088882380110769,0.48639643863835125,0.5774695834977738,0.5661514618313784,0.5650043539235261,0.46517924957612783,0.4496379873097224,646,355239_fnca,0.7273058643016515,1.999999999999902,-43.92326601461048,0.1958114799218847,1.9988026480474617,-44.228934208877696,Procedural,0.3056681942672199
356948,0.5765808997909018,0.5281930404674897,0.48702100320508734,0.49512097950799744,0.4593545598990786,0.5536219748407831,0.5105292120968771,0.5876006545312918,0.575630748027031,0.5694611868216228,0.5452489065616348,0.5340101649059852,0.5245650494270326,0.5661451443022079,0.6536910490423891,0.5335098301978004,0.5927975680362634,0.4857346327421203,0.5001463373035939,0.5768000011747293,0.5883900451628933,0.6032481832239849,0.45101954779177994,0.42922109049429447,485,356948_fnca,0.8887923519543527,1.1563665687391107,-39.97004316091293,0.3747334096837877,1.2209795667994108,-40.5895262215277,Procedural,0.619483060614769
358144,0.5709873356232087,0.5234554250804453,0.47449361711480775,0.48589449800853735,0.4633264907939345,0.5660766491993445,0.5083547076631832,0.564199893168352,0.5699034593212943,0.5530979394485787,0.556988303248961,0.5314895562977202,0.5349896925362025,0.5807058844005696,0.6664892281438436,0.5807082035059097,0.5922081044252628,0.49846144042141094,0.5368814572266983,0.5657338636158454,0.5634241133495235,0.5926300622519693,0.47190395026953047,0.4846376025885584,566,358144_fnca,1.1938142246067276,1.9999999999423543,-42.97410888451716,0.6500001065645314,1.9999914228625308,-43.00426854226401,Procedural,0.0301596577468501
360030,0.5637642578907426,0.5232599125872626,0.5046090027303128,0.4878401194601844,0.49597410445227885,0.555851007125802,0.5206222969986598,0.5914849354074839,0.5916962490151064,0.5067036374258391,0.5815117788846605,0.4644997132032209,0.534443611684696,0.5644331870426834,0.6549983845842653,0.5342604904854682,0.6187850711036785,0.5446912315156743,0.505698300703108,0.5915363189263698,0.5832288767703496,0.5633988790280445,0.43149133616279967,0.45754505805098533,417,360030_fnca,0.0100433862100692,1.9999999997718965,-44.38955300198871,0.0982646660013061,1.9999999988922292,-45.16054950297021,Procedural,0.7709965009815036
361234,0.5524940596057581,0.5317857269884907,0.47564892647652796,0.47819592394809585,0.45840905678291977,0.5558257281225627,0.49946294708623873,0.5559179827977627,0.5578790106431986,0.5442547045996062,0.5465627501323472,0.4965311357950793,0.5072310932138279,0.5715813734364105,0.655815688432648,0.5666632262938031,0.5997250548904133,0.47244818065301153,0.47690583569236317,0.5586409603958054,0.5808786904403989,0.5590816758964047,0.43330328440338833,0.487406360310117,952,361234_fnca,0.8412313518570294,1.9999999997993851,-43.71300999698107,0.3708642149118505,1.0324870877093488,-43.14147542805533,Declarative,-0.5715345689257418
361941,0.5479988237626426,0.5147080739698461,0.4310205126456288,0.469854445484927,0.4529054137469909,0.547546814579563,0.47582551977208765,0.5538254969128574,0.5502289907773869,0.5677321816504091,0.5434336368958744,0.5120363757333393,0.5052333272684172,0.5342161553701095,0.6267646047717615,0.5382857554423245,0.58029186721597,0.495232839438542,0.47546414101877543,0.5330737052871998,0.5471128989972123,0.6099166695289062,0.44104408255563887,0.46370169531228506,860,361941_fnca,0.6639118179734843,1.501085841104227,-42.36958048424971,0.4456788734648037,1.9999941176288896,-42.32256706051959,Declarative,-0.0470134237301209
362034,0.6001323222477166,0.5438927910546456,0.4893903556501503,0.5089398149554087,0.4618613058306413,0.5850717662689907,0.5393938379450871,0.5895370967266849,0.5774323196044163,0.5623917298964213,0.5400755324617266,0.5264035913117787,0.5303222537343781,0.6032347198740657,0.6816206703726659,0.5884436581798862,0.6331539371588343,0.5144803846366546,0.49350972843044183,0.5945796475349716,0.6098226165795415,0.5931320793374879,0.42706622879124223,0.5045689772558302,594,362034_fnca,0.9246632097184267,0.9719726852894952,-37.430901590580845,1.999999999863788,1.8147909891494605,-36.56925073902069,Declarative,-0.8616508515601566
365343,0.5425891324028163,0.5569013293432141,0.45935239551813617,0.47752796919764184,0.448973883802207,0.5178429787413119,0.4693430001691305,0.5907322708426139,0.5726846998816378,0.5634209376355898,0.5336353552884003,0.5539625953168625,0.5194672390653688,0.572978792505941,0.6986261429131123,0.5118127596682135,0.6147707011791776,0.5218198463206237,0.48119803667157257,0.5603176858408787,0.5815781196343791,0.5822239924319671,0.4149471423290347,0.42784191652764114,715,365343_fnca,0.010045916131802,1.9999999991290247,-44.43031289582522,0.0100460051842251,1.999999999217169,-44.65615625998007,Procedural,0.2258433641548549
366042,0.5397084334022217,0.5039901594321813,0.4672670993970818,0.4757880326640231,0.43042850527812065,0.5436047092845541,0.4587882298623815,0.569521981030749,0.558037162767443,0.5519923586162787,0.5053231484939499,0.5251040128249194,0.4846860589511396,0.5576099155100999,0.6584894016635928,0.5173450730615335,0.5717181767010101,0.4552992567676807,0.4849594793901894,0.5537335548402575,0.5730090741971526,0.5744867153149963,0.42152104983801514,0.4200395290609682,483,366042_fnca,0.020546738305978,0.4431841636807594,-44.26746527898228,0.0100000012309011,0.8410461822216815,-43.77953294516748,Declarative,-0.4879323338147969
366446,0.5550291466908555,0.5046140252193837,0.502704090542034,0.45559639832897475,0.43960949442847963,0.5526414786241313,0.5122457644887405,0.5464967041576935,0.5473329304279084,0.5748035795104424,0.5474422858421008,0.5137776082998903,0.49899541463696506,0.5757359275991035,0.6296249349650797,0.5677749303347802,0.5911369314599589,0.47300089266662404,0.5065457403437604,0.5540281039157201,0.5722395275124064,0.5607181503819703,0.47756789132183136,0.44061848831102546,568,366446_fnca,1.23323394560529,1.9999835510013757,-41.203496805896485,1.6457516267599732,1.9999999999998863,-42.26352694680311,Procedural,1.0600301409066262
368551,0.584971564281852,0.5208065415638942,0.5033588050817709,0.48579977904645133,0.4598266191969329,0.5796978747105382,0.532184071671457,0.5851936289825231,0.5794087203476671,0.5659915745742545,0.5273280433323724,0.5134570353807292,0.4940905961357362,0.5674589679393764,0.6558668910111897,0.5889985244673536,0.6095521552230954,0.4956415180070969,0.5525819433480568,0.5788548681961777,0.5832860932451416,0.5951904698683197,0.4423711176139433,0.44801981829354987,653,368551_fnca,0.010000069631493,0.1393765724146201,-43.936317042492966,0.0100395597109997,1.9999999990310555,-44.47455286640755,Procedural,0.538235823914583
368753,0.5486469027910208,0.521364262640058,0.4839481797943516,0.47586746340159264,0.44845679486856743,0.5251346140817447,0.5143295914315007,0.5872971798752191,0.5702061432212348,0.5649775023231082,0.5206202806526565,0.5427387847456938,0.5090577476164678,0.5766642659531003,0.6645116014835429,0.5456530205289105,0.5932761430584533,0.47039376064902483,0.49048861145738515,0.5710554597134013,0.5697174742577864,0.5892219187221578,0.4358185804761005,0.4583094114392071,338,368753_fnca,0.0100455649058127,1.9999999995594664,-44.392710519798555,0.0100061357096861,1.999999998857569,-45.14142977576139,Procedural,0.7487192559628326
371843,0.5260703547824293,0.5191596109523197,0.47070763867693866,0.46323762727380197,0.4450282918585634,0.5183586682351934,0.5071713632260709,0.561542559922015,0.5606180164653384,0.5603497338841646,0.5462724587921824,0.5237941288368916,0.4937744503689686,0.5712319554178911,0.6725861154650096,0.533793463336886,0.5802052109792347,0.4793445158771011,0.4891198836765133,0.5457799336196157,0.5612016387737951,0.566953034037906,0.4431363036672791,0.45566821891960685,699,371843_fnca,0.6019140247746811,1.3352255584879569,-41.74715443701659,0.0100007161808056,0.8474484749503635,-42.31103595796893,Procedural,0.5638815209523429
376247,0.5465759786860859,0.46308002096016504,0.4149572334453182,0.45259654400150323,0.4670770890503355,0.5391013065473761,0.5044501702885125,0.5526013593988628,0.5576882401536948,0.48423160010230076,0.5402420351861251,0.45646135996454296,0.5073099862964042,0.5752490859382976,0.6198681924278813,0.5326551834223658,0.589683826584459,0.5047635253810161,0.45172793732466304,0.5486406809621917,0.5389981807743867,0.5456864337183024,0.3999988198253919,0.45481137212742745,902,376247_fnca,0.0100422112571269,1.9999999994043105,-44.373445674953466,0.0100142957320596,1.9999999997891535,-44.748423625945335,Procedural,0.3749779509918696
377451,0.597232767692894,0.5223997846810751,0.48101380883093353,0.5132716596016923,0.4647289793314194,0.5717904092998289,0.5515211393437638,0.5845019926767412,0.5885470565940443,0.5703917667617642,0.554354871040128,0.5337626680463652,0.5231375840461164,0.5754999346438049,0.6400315450505727,0.5733023666796059,0.6148375897504912,0.5023744607196106,0.5202319429799138,0.5859683799755954,0.591337974166231,0.5920990452676983,0.432909571465292,0.4637485257396424,508,377451_fnca,0.0100380355702062,1.9999999984431311,-44.44252356671482,0.0100173214877038,1.99999999954207,-45.33508961179755,Procedural,0.8925660450827309
378756,0.5329636139813352,0.5197412907662037,0.459766737456376,0.4415280574465897,0.44644009390546235,0.5501093305657531,0.4774066059917807,0.5426215310654963,0.5453215635669852,0.5141583084028813,0.5503453284876925,0.4860378637516222,0.5294297646362489,0.5495513216464784,0.6244862167796553,0.519581511231233,0.5988263600974227,0.49084468296813777,0.4699870155344636,0.545674755748176,0.5572609208901352,0.5588852496980224,0.41786939097808384,0.45487320089119954,980,378756_fnca,0.5316284033641006,1.999963300193986,-43.734667618454154,0.5344414366649901,1.187537962638741,-42.86871244224131,Declarative,-0.865955176212843
378857,0.5691429711924754,0.5074756771270131,0.5121172093863304,0.4729761430012453,0.4423513464369956,0.5315777386081058,0.5006935269201873,0.5673382590967608,0.560042624152531,0.5673185955379992,0.5294654451332873,0.5272968248406734,0.5066760315899038,0.5817071424934724,0.6591718922444794,0.5697494013063209,0.6318063721918634,0.47862192640132517,0.5146377945333597,0.5723104102112927,0.6121229528849683,0.580926892672461,0.44182205203179736,0.43141454296294035,395,378857_fnca,0.2732452794005278,0.7901547748003486,-41.864426288137544,0.987560153701777,1.9999888164128183,-43.03627805145394,Procedural,1.171851763316397
379657,0.5404881231414517,0.5336289279952786,0.4612736075959578,0.4432529685719816,0.4439656374270177,0.5513883948864562,0.4988405387683287,0.5475601524514344,0.547519769775153,0.5150961803741201,0.5352450114400817,0.4880554489483543,0.5129699443517952,0.5816480344893308,0.67879068804127,0.5364423697529671,0.6045915761986895,0.5190568924057071,0.5198197723298937,0.5693668844496983,0.5875146512785272,0.5501263620155927,0.4296459380148749,0.4536041556671851,407,379657_fnca,0.8113957093412436,0.9564269992928194,-39.789159624995655,1.999999861204308,1.9129714192451168,-37.43343356516478,Declarative,-2.3557260598308716
380036,0.5532681588017876,0.5069118988088613,0.43549481621979774,0.4572986326205421,0.4384468744140738,0.5413578581676132,0.48596515462738965,0.579058426256128,0.556585841588522,0.5144252586649495,0.5219098007335918,0.46663714990530847,0.47541398544323216,0.5640940803303506,0.6498510119406546,0.558418061610305,0.5927807061698616,0.4930793361638798,0.4811577817375314,0.5709147430324036,0.5682289101104993,0.593749496422231,0.44018311366066754,0.4602784746682783,955,380036_fnca,0.0100000000205747,0.0923050927857677,-43.790823643797715,0.0100356043337204,1.999999999575458,-44.70505501565141,Procedural,0.9142313718536954
381038,0.5664633496873512,0.568197668478841,0.46810686995957246,0.48729185582893014,0.44574984189214356,0.5617718664873507,0.520472508178964,0.5987073121511499,0.5989312111786558,0.5630878100810167,0.5423362148100325,0.5082895780570662,0.5043996935304179,0.5801070079961342,0.669353705906253,0.5395964834163633,0.5975999797293201,0.48657765431386935,0.49755642895261737,0.5716900121486705,0.5682565571224555,0.5974127362213167,0.46318519645835854,0.46931935630259825,76,381038_fnca,0.8647419181989592,1.0200985315487887,-39.7974594127767,0.8872772324901008,1.9999999996897648,-40.67238392386051,Procedural,0.8749245110838046
381543,0.5683770845706947,0.48720167355598654,0.48239291434990966,0.4595807861368752,0.44373269745262994,0.5359694130077607,0.5149314213763717,0.5664830076895921,0.5672888312776698,0.5436686270094595,0.5331120653682779,0.5179653107221199,0.5144907029345882,0.5733674005962492,0.6563073369470124,0.5683116235209578,0.600732189501366,0.49931836886925296,0.5182021046477093,0.5653348571558452,0.5810355691623073,0.5757001182718757,0.43472923860867296,0.4432679937587079,907,381543_fnca,0.0100468092587406,1.9999999984869108,-44.38590678406126,0.0100036522347571,1.9999999983137764,-44.82383678617178,Procedural,0.4379300021105194
382242,0.5492851582553442,0.5385529156761741,0.47815886623117637,0.48218115761582675,0.4501737913526484,0.5586467471987585,0.4752999283838596,0.5617950741337419,0.5541732275097029,0.5549302331194195,0.5275427159672631,0.5210456972171148,0.511573567086359,0.5673746665933246,0.6506569610797438,0.5733443340894138,0.5961000610206262,0.4870092888951721,0.4966387562767311,0.5803665822683767,0.5860536818209834,0.5827606003987054,0.42163949156569275,0.44453766915854404,247,382242_fnca,0.0100001642220515,0.1250641947138651,-44.22964651880624,0.0100285743241584,1.99999999990156,-44.600170337840744,Procedural,0.3705238190345028
385046,0.5106142246641818,0.47040436096241334,0.40423567400088856,0.4303949761059498,0.40720097496043045,0.481465026218218,0.45134904422520866,0.5223259810933504,0.5226420143056315,0.5214033419833269,0.4924829058181397,0.4999825105798489,0.4748560271401555,0.5257822987404396,0.6428880858689127,0.4588542785577656,0.5637285016130905,0.44841771608542574,0.4418878744716196,0.5172656570769507,0.550143604378098,0.538301481652696,0.3910066259771577,0.39895847160604553,441,385046_fnca,0.0989486456369946,1.325164668077427,-43.32294681857562,0.0100253182626645,1.9999999998486175,-43.18737506703576,Declarative,-0.1355717515398637
385450,0.5512249972181449,0.522010125518985,0.44036048780362613,0.4695412151338466,0.44083813974491165,0.5147465754471813,0.48106501913370875,0.5804072962457704,0.577561696088851,0.5291346623715998,0.5037046731301806,0.4638377091095625,0.45843984332313226,0.5590377074698734,0.6419223458951906,0.5326739803441575,0.5980622231936448,0.47103777683047654,0.47207104581656145,0.5729152055000665,0.5629239817394303,0.5782651441290587,0.4413024147459186,0.43353672267641613,96,385450_fnca,0.01593461351481,0.09589369954378,-41.93492094536283,0.0100000017493333,1.1626465989588706,-43.80525831560456,Procedural,1.870337370241728
386250,0.5395868163656617,0.5321087707171938,0.48097799529312807,0.48704419034086827,0.4301320090588745,0.5307163285077704,0.47954146752847054,0.552309589847244,0.5325765409731302,0.5696582615922595,0.5202252665698235,0.5296141658032546,0.5210184628351305,0.5538117764661014,0.6519396770385323,0.5206065880564408,0.6040409521812379,0.5113419977059711,0.5160695775031496,0.5315801082763422,0.5832620997090315,0.601972086801469,0.4529954882649882,0.44010142377628797,79,386250_fnca,0.0100470913998659,1.999999998381488,-43.69894296121559,0.0100245693060615,1.9999999995939113,-44.310006373258915,Procedural,0.6110634120433218
387959,0.5361430885044091,0.49764725619481903,0.45504993386439635,0.4565684178034743,0.43257738088327174,0.5398272287442425,0.48049664286738397,0.567304922110501,0.5485453050601433,0.5279023703339416,0.4930633356557213,0.4959959497411747,0.4842487158687042,0.5474915900621289,0.6403727731248552,0.49897713029412877,0.5785741123259137,0.4749154309513189,0.5143270664369998,0.5492549382679951,0.5719461470711324,0.5795563981596203,0.40776156192317375,0.4039121132764268,291,387959_fnca,0.5403380910878078,1.9998701362211184,-42.812710041121946,0.01001607276514,1.999999999512922,-44.71226889158727,Procedural,1.8995588504653256
389357,0.5469792459745141,0.5011257413114703,0.4716264202141105,0.46419696878718497,0.44018525515686396,0.538620383834754,0.5130360782174271,0.5577604092095896,0.5495085107655611,0.561106421365964,0.506766036353869,0.5146067690616571,0.5070564562018295,0.548331313889984,0.6366156593583986,0.5149184434770487,0.6048422716709971,0.4710944452261966,0.49119329807344847,0.54636299343003,0.5606380636791827,0.5481222243865833,0.4336558010215561,0.40737789067042235,315,389357_fnca,0.6950580986189333,1.1958636791503177,-40.67264538531189,0.3963942782633631,1.4257603979517064,-41.62816378027902,Procedural,0.9555183949671288
390645,0.5577187148930038,0.5394363824178526,0.47273256722950335,0.48472219585732007,0.4574999662008882,0.5348441763821815,0.48167803656690383,0.5726460930181614,0.5675782831278007,0.5700754889357892,0.5503647269559266,0.5201339799076014,0.5165033754038733,0.5857653369928173,0.6650200209627936,0.5619593902607626,0.6026044515486189,0.49914856761081366,0.5044796954892314,0.5645869120924456,0.5859640859715358,0.6037885625958729,0.43473294008685603,0.4412592115203764,125,390645_fnca,1.3901330632346784,1.722718574556148,-38.92025252419005,1.396356753616745,1.99996878852667,-39.40969437861256,Procedural,0.489441854422509
391748,0.5510136618118776,0.5031891566620448,0.42763744952002564,0.46883788332522647,0.45453619168533527,0.5354507801112923,0.4912440500316193,0.5670261339032452,0.5683654045658604,0.5307722795136373,0.5452743565240283,0.5066235775505157,0.5231742892692156,0.5642160356462746,0.6362018689616002,0.5256051914224408,0.5933733521538038,0.5017963280161566,0.4659893164381314,0.5640058714503562,0.5862246318118576,0.5734928341108969,0.4330691728045024,0.4265389736740939,650,391748_fnca,0.0208908698522389,0.8497685291290367,-44.22288473339187,0.0100366190181985,1.999999999131297,-44.516493232251904,Procedural,0.2936084988600314
392447,0.5419184026551013,0.51743872209731,0.4694122311899068,0.4841829653662903,0.4594953529676898,0.5235372824201661,0.4849912476443742,0.602895361094626,0.5756023548433709,0.5735034585427583,0.5219511310618549,0.5230370857729045,0.49695610344728824,0.5523043513826749,0.6738981593240853,0.550327311224037,0.5705475520383652,0.4850379246055472,0.4875353745935183,0.5538367435407308,0.5749462969088048,0.5854042606813815,0.42494650470870987,0.4522883627508094,731,392447_fnca,0.0100126394751913,0.1513685135718986,-44.20209444068595,0.0100257363182841,1.9999999997817108,-44.44564818348395,Procedural,0.2435537427979994
392750,0.5541174675945808,0.5186779293227259,0.4621316014547898,0.4722313345787058,0.4456456885124434,0.5374261887522875,0.4738135554742762,0.5720581703725116,0.5585114231728382,0.5261266222971642,0.5185217136023101,0.5025660845115271,0.4963874221476191,0.5663658194845556,0.6536176526200974,0.5482309797061875,0.5714383226636773,0.47216164232551977,0.5088417753356427,0.5519242593660426,0.560209197486518,0.5795284538755471,0.4361861343864982,0.48860102451405923,159,392750_fnca,0.010043888800277,1.9999999998940543,-44.38809388166273,0.0100087300956568,1.99999999877848,-45.0533742104421,Procedural,0.6652803287793674
393247,0.5257005356119894,0.5469454216189908,0.452838057603203,0.4738814444386381,0.4152378841877786,0.5305406514583099,0.4729245206364085,0.5610237279521979,0.5536100391653628,0.5421859795997164,0.4956418667514641,0.5158268838171219,0.48240672727305056,0.5505078153136674,0.6382128563509971,0.5117040951397073,0.5647230510498603,0.46297615726656827,0.47581830203392317,0.5566961395765785,0.5558474044752237,0.585675394136633,0.39073299047160065,0.427411079594011,832,393247_fnca,1.021132674265061,0.975476892568114,-37.30998610095145,1.4255692034502705,1.999999999137441,-38.469227187682755,Procedural,1.1592410867313063
393550,0.5596505392310828,0.48560899111895384,0.4752169795064693,0.46662244082330984,0.4421846367052485,0.5329829617633643,0.5018026185322959,0.5721794438930855,0.557371178604973,0.569922902514773,0.5398649630791941,0.534454470659678,0.5196696283794826,0.5702815301165424,0.635141055838767,0.5869310933704104,0.6035894326844954,0.4849695436799846,0.5182297524123755,0.5660586739260286,0.5697519209457308,0.578723389623061,0.4486923346100385,0.4523188261269348,177,393550_fnca,0.010046390054804,1.9999999992364808,-44.44570795348543,0.0100302241308694,1.9999999994661568,-45.10694080791675,Procedural,0.6612328544313186
394956,0.5285113824167961,0.49398255957619347,0.4468765863534063,0.459873676949465,0.4436225525151362,0.4771562749083227,0.4592322432185029,0.5777382018037727,0.5762651084230468,0.5349596540966206,0.49347486414738734,0.5448805123148552,0.5008778520534439,0.5568201302625727,0.6189304745204595,0.5124813196594421,0.5870721121139311,0.4671009190270302,0.4893999118986027,0.5529069701416904,0.5522475903321886,0.5565214395602394,0.37977226344196524,0.38496903805933286,879,394956_fnca,0.8351963348406354,1.7863598580466038,-42.085761148186,0.0961656612525326,1.8606490917075904,-43.19232238605126,Procedural,1.1065612378652574
395251,0.5464374249321406,0.5073269299164387,0.4765838044296305,0.4764696752393069,0.43183670363695437,0.5282292171063568,0.4686396963659886,0.5848538649989962,0.5732413246258428,0.5528418264114299,0.5264153586591269,0.5260691840534257,0.525884001903216,0.5791908287474072,0.658751686151228,0.5438516104055483,0.5896540814480545,0.47751814830402617,0.4914650533377043,0.562131569214396,0.5668746669712138,0.5772863339268899,0.44548362343360337,0.4719231668730497,487,395251_fnca,0.8809330173697383,0.7075582574504583,-35.19448512103316,1.9999985090268575,1.7611819913089708,-35.543598792627826,Procedural,0.3491136715946652
395756,0.5398185762786654,0.5251409832801192,0.46406534997312365,0.44125602797353947,0.44838919730061394,0.5521120760269708,0.46400558453072255,0.5901043946981743,0.5714079914681564,0.521473048634608,0.5273186670688249,0.5056934357206765,0.5216155319844832,0.5886358255841841,0.6417282875167202,0.5151059432906557,0.6101603967885312,0.5001928409176629,0.4974151540546441,0.5587861142491894,0.5743069137971989,0.5717958785435444,0.4533277398615651,0.43669731982826465,885,395756_fnca,0.0100004718299794,0.1027597813388631,-42.21156707682436,0.0100000020529791,0.6851504705190397,-42.46292026021719,Procedural,0.2513531833928297
395958,0.5416164505504055,0.5216696892503475,0.49207214907313285,0.49668449732069553,0.45653960036653535,0.5502379900244647,0.49941376288048894,0.5639616662771347,0.5567002675644656,0.5507008788706074,0.5278449889484343,0.5033148445031963,0.4904812106451511,0.5678802871448904,0.6400342874278548,0.5303355883905081,0.5700388594181001,0.47865437242218384,0.4844448653397116,0.5585683363868444,0.5695922805066705,0.5834585905809574,0.43740101500834583,0.4304829513024175,34,395958_fnca,0.0100444463683834,1.9999999999386413,-44.38343465459141,0.0100044024971442,1.9999999993993247,-44.43123662701479,Procedural,0.0478019724233789
397154,0.5319778060134908,0.4941871501365017,0.45649529576704373,0.4572707414806145,0.4299730004078752,0.5080680643640366,0.4667278681166035,0.5692741840918703,0.5744911899520778,0.540876654816634,0.5130742164774111,0.49232059634739983,0.4974269070408661,0.5485499517767728,0.6378238314948921,0.5132312331847334,0.5745111215020845,0.47832615040531595,0.5055203172512084,0.5340572603048445,0.5452779414708325,0.5861559049107952,0.4236647399533072,0.4324328831808248,84,397154_fnca,0.6502911201719279,1.5456548329297977,-42.34830888233495,0.0100000008212614,1.8634216238766668,-43.6149863949043,Procedural,1.266677512569352
397760,0.5473339754463113,0.5335446014697893,0.4789119069462248,0.4511398600090966,0.4385180617731985,0.5500090166728936,0.4835187597950935,0.5762454894201984,0.5552475995891101,0.554635095095234,0.5430824619904636,0.5284688500602696,0.5301794029111816,0.5789969068926435,0.6546099022109152,0.5320119059708908,0.5993328930662866,0.510793012359588,0.5142178862504118,0.5593840811515203,0.5853075875528178,0.6119345915275881,0.41930609738903146,0.432799539210964,606,397760_fnca,0.0100468012324118,1.9999999986277237,-44.428035008947504,0.0100132696233084,1.9999999994199804,-45.46474235808258,Procedural,1.036707349135078
397861,0.5460591847704496,0.5385356364398719,0.451210989753366,0.47159997452776187,0.44945189037391997,0.5468115019187019,0.45145574926810034,0.5407489098281667,0.551178861065395,0.5457704836366899,0.541299075296322,0.5476317160998193,0.5436266410316288,0.5866422061610244,0.6661431562369405,0.5283794462597899,0.6012811270334406,0.5417291250879127,0.4639131014840972,0.5540265674656137,0.5922687235179391,0.5786738163256665,0.4332316318416121,0.4315140750347192,50,397861_fnca,0.0100000000092138,0.0914460724501141,-44.03689643127913,0.0100196465973796,1.999999999330001,-44.34256674534241,Procedural,0.3056703140632777
401422,0.5526684391118857,0.5312078651916526,0.48905464685711564,0.49135702938460346,0.45635028266965927,0.5175299811534372,0.4701995153407308,0.5737023290729362,0.5719804171502524,0.5555996484368338,0.5147184121532498,0.5328781754442923,0.5048889982103346,0.5677823115311559,0.6662842826351479,0.5178572681884595,0.5982135100873959,0.4864309651288777,0.5264696599387976,0.5555438349979038,0.5731614257214083,0.5788723481202097,0.4475929950151116,0.42906033909993463,656,401422_fnca,1.3716753713071976,1.9999896679993805,-40.814150653655005,1.5294092872624143,1.999999999853988,-42.107934744577435,Procedural,1.2937840909224292
406432,0.5786727484583464,0.4729952227422222,0.4969592000135965,0.4972057209920296,0.4475719178530001,0.5451987644358683,0.47568015924310086,0.5739108749953199,0.5687300415833988,0.552573290629628,0.5260537024398918,0.5072221307129435,0.4890729183001698,0.5725021242068347,0.6750264798260006,0.5614414912896236,0.5900517693684066,0.47838082549053473,0.525708813505275,0.5816304727176663,0.570735837932908,0.5808869732482402,0.44384217093359174,0.44156337019748565,420,406432_fnca,0.5069544696027577,0.4170202712135262,-32.92865977605186,0.261683791063551,0.6740973124454874,-38.49723755380505,Procedural,5.568577777753191
406836,0.5707123055295265,0.5147675730172068,0.5052280858351597,0.484123054571409,0.4598529114169148,0.546544951669444,0.5113666088757803,0.5761073445405753,0.5777923092061018,0.5719114715039919,0.5466589296438206,0.5189550987677444,0.5086901007669914,0.5476401491333915,0.6748587425484509,0.568344467384214,0.5827520933797454,0.4752319320942888,0.5189416596200028,0.5634256463067103,0.5637617163737785,0.5736075398878281,0.43842310646669824,0.43458685111906026,944,406836_fnca,1.2678004519672017,1.463329249007883,-39.51398686714379,0.0100075232746928,1.9999999992950024,-44.838248791856785,Procedural,5.324261924712992
412528,0.5790296141290159,0.5553859906550236,0.5241918620207682,0.497837301387855,0.4732615964843101,0.5680654041439067,0.5344197838365803,0.5926410096445617,0.5842559396369686,0.5698437002229141,0.5452567929021866,0.5349300379461694,0.5180531915850409,0.5803496011707375,0.6795412801911511,0.5471547471751771,0.62706665359134,0.49049842075510314,0.5256943735527189,0.5889643877044446,0.594700247454023,0.6054319713201302,0.45302987300137104,0.4453897938847228,157,412528_fnca,0.0680129319786889,0.1543421177056671,-33.433951631075495,0.010000001528659,0.5058996100651681,-40.859662074245726,Procedural,7.425710443170232
414229,0.5595989399204444,0.5094046382467119,0.4758519985302881,0.49532223675631326,0.44020866690807464,0.49767760529232796,0.4699310853665365,0.5850388641696909,0.5921926514581978,0.5758577664042566,0.5219842162010208,0.5379766107721539,0.5123414845348235,0.5754961020034014,0.6694727730700865,0.573619116972108,0.5637292960633702,0.46559317216242035,0.5024884931147415,0.5627223332784275,0.5686603413131495,0.5969124182191351,0.44708710435688453,0.4326785378055746,473,414229_fnca,0.0100458422467508,1.999999999116565,-44.408623503589666,0.0100169099750562,1.9999999997913689,-45.772592308186155,Procedural,1.3639688045964888
415837,0.5512796623040352,0.5004112650632171,0.5018287509341708,0.47819960586475074,0.4409642356938129,0.46949806366168384,0.46773294158383727,0.5836258874574493,0.5674255322035018,0.5655140652197216,0.5210613616392573,0.49374145899679095,0.4899368394469985,0.5655166001350382,0.6518126238250751,0.5392821159228873,0.5865400316569992,0.4643000774142406,0.5252064246457833,0.5542020325901929,0.5790831488754374,0.5830337318502679,0.43132123933237304,0.43806275794506094,625,415837_fnca,0.6717591583769486,1.8016578537480572,-43.36247519323708,0.1485702397473299,0.943686960967466,-43.45517647169307,Procedural,0.0927012784559906
419239,0.5482007670948358,0.5310646966138391,0.4658358074753232,0.4591962036884484,0.43612045044976244,0.5594699093292774,0.49139115389558546,0.5174335678164657,0.5035176096502897,0.5255495582633976,0.5344152535205241,0.48316210504381873,0.5054370259163768,0.5653532754083098,0.6608919018885183,0.5658352298503603,0.5801933158620302,0.5238602267844844,0.5099641224265783,0.5796688288539954,0.5675504471932936,0.5431461774753643,0.40399289297769736,0.46612093920332287,936,419239_fnca,0.3071227922368093,0.7227889137670676,-42.572234918479005,0.178594592221759,0.6177051075541033,-43.25589302353115,Procedural,0.683658105052146
421226,0.5461199725185792,0.5453402409492184,0.47504742373558123,0.4422185851023082,0.4566237322192135,0.5653984654784915,0.5092909360535433,0.5533858849948529,0.5456640211958745,0.5168934845128578,0.5554888229847333,0.464168742805911,0.5093368133485872,0.5595930923163407,0.6436360103997016,0.5333614746486959,0.5748455225085318,0.5526392391126153,0.4717554794754627,0.5397438400563889,0.5548306212525266,0.5550279173454917,0.4213706686529036,0.44023353933509823,821,421226_fnca,0.0100325930373956,1.9999999999040765,-44.37502836184181,0.0100316178828349,1.999999999993892,-44.31285657468286,Declarative,-0.0621717871589453
422632,0.5534582473388465,0.527970656888684,0.4572132598856029,0.48099214188464956,0.4437234860429018,0.5312264951010188,0.4942038382497442,0.5749634668376583,0.5540261888502713,0.5615451452114761,0.5151605524986306,0.5452558105330726,0.5054941716909546,0.5954231385325806,0.6628260556282087,0.5470496209251007,0.604193136650852,0.5002979791721202,0.48254191685968634,0.5680227663805083,0.5838482368658433,0.5791286113688549,0.43548690990177535,0.44388367405313767,117,422632_fnca,1.2319931024352138,1.5518279239645767,-39.9960111378673,1.8723994841659564,1.999999999999298,-39.3750364728711,Declarative,-0.6209746649961971
424939,0.5504992768356384,0.5344694244542652,0.4657009249913886,0.454049090466919,0.4447163506423194,0.5669207678914879,0.49905932685343807,0.5720725419574717,0.5575253418720838,0.5198732562066022,0.5419688470644173,0.5089868048946691,0.5221931711932922,0.5583349216111828,0.6498287049331504,0.5461178301762413,0.6219570642657059,0.4872590046249477,0.4869754489363324,0.585020357888391,0.5813582027318901,0.5891671278812279,0.4346256112951989,0.45152264439653494,329,424939_fnca,0.3996511512793567,1.999956584507696,-44.64640311558913,0.0100365576073904,1.999999999716628,-44.55838603568383,Declarative,-0.088017079905299
429040,0.5542724458352805,0.5086865803480386,0.4786157303931738,0.48047563057443254,0.47736091461988117,0.5366003258493816,0.5059106728484478,0.5961578808899684,0.6018596116109575,0.580686881166845,0.556233907344743,0.5226163478083126,0.5233081957931355,0.5825589883732252,0.6580075340548879,0.5626995754088109,0.6055720733908193,0.4893462552194071,0.5209531606710407,0.5833239678962052,0.5865504293111932,0.5749443956716952,0.44480970438296874,0.4389209320476082,701,429040_fnca,0.0100434583458958,1.999999999825089,-44.379119480757595,0.0100426080331244,1.9999999998931783,-44.49162622917327,Procedural,0.1125067484156758
436239,0.5839667546695024,0.5325717991086814,0.5070532891930644,0.4805518184562706,0.4496845209163055,0.5578212373782817,0.5231705989681982,0.5709650968660928,0.5711942057853949,0.5405758115917993,0.5339224745062444,0.5263721184839085,0.49835044625589325,0.5916034614364217,0.6532175606735882,0.5700567129132024,0.6428929528596751,0.5086639235385157,0.5310318895234062,0.5828398322267578,0.5983325158032782,0.5749836836870621,0.46975926117809297,0.45415555323883616,954,436239_fnca,0.0100432875091273,1.9999999997845583,-43.71248201662117,0.0100030317096791,1.9999999982186585,-45.263968646448554,Procedural,1.5514866298273802
436845,0.5535790513941763,0.5397130767325377,0.4770408745311012,0.4882976190587999,0.4491699785621719,0.564593076998041,0.5245620440718837,0.5775116655419759,0.5764023105314223,0.5603863350692471,0.5248669460725958,0.5663139395975879,0.5070038961682323,0.5941832408229575,0.6662252344337902,0.5496423283826308,0.6132906206517336,0.5110602822042716,0.5101182734194373,0.5986685892879935,0.5970082725635505,0.579974376027201,0.4194465711813969,0.41150428523825056,756,436845_fnca,0.5920556103424618,1.6285522055865105,-38.62715904258149,1.237943907020472,1.9999999999999405,-38.757982794785704,Procedural,0.1308237522042148
441939,0.547059313388741,0.5077132290964322,0.46308303898365644,0.4858319266238527,0.4534096940365299,0.5374771423570361,0.4855110317253347,0.5894469714481865,0.5780667442455061,0.5334148539036709,0.5162175954656498,0.511284508532537,0.4865494815446874,0.5628245760784586,0.6484945638411362,0.5510829091824482,0.6058562629883809,0.47924228225949983,0.4884160896520072,0.5495042758768014,0.5645134986712639,0.5817547897223553,0.4150773015710802,0.43726257564289406,737,441939_fnca,0.0100000000009318,0.2176393018461037,-43.87890466427175,0.0100368590370876,1.999999999326945,-44.19593693375979,Procedural,0.3170322694880383
445543,0.5564046448333646,0.532452313272001,0.47433059461211635,0.47471550915920857,0.4534925423341878,0.541021362828869,0.49724229030281625,0.542828611242632,0.5470921212893818,0.5584060490577706,0.5490551515230105,0.5080364613624686,0.5071120655767063,0.5513871281843131,0.6508510525282826,0.5405723796220923,0.5946666569984083,0.4665201763375048,0.49466609111894755,0.5534299054868204,0.565865434106914,0.5816996259474645,0.4525050559265811,0.45676196397661223,218,445543_fnca,0.5691655101085474,1.0370115049945428,-40.97488207292993,0.4087021796976926,1.5667018459304414,-41.926129888306534,Procedural,0.951247815376604
448347,0.5589080304929177,0.520463071734275,0.4534257309784539,0.47787178385058193,0.45366271182275875,0.5357310245613418,0.47233591791380547,0.5707861175472584,0.5545582927531298,0.5682309575428285,0.5620222002134696,0.5125398682414272,0.5209982369517278,0.5581927493934407,0.6682790110113381,0.522530407084345,0.601094116562219,0.5014667012054388,0.5179073357293678,0.5571764250073403,0.5914240039460202,0.5991266646080811,0.43443502346949875,0.44200701748352167,138,448347_fnca,0.0100464749847086,1.9999999992576811,-44.43782702490482,0.0100153651132306,1.9999999992356572,-45.86283958064018,Procedural,1.425012555735357
449753,0.5553864024158394,0.5169413178032357,0.4792016971475273,0.42872106724666054,0.43157331497703505,0.5472828628411454,0.48422697449399477,0.5498362132377459,0.5556413054252234,0.5079718645843795,0.5173023679923245,0.4831978855536508,0.5016509936467476,0.565077609747722,0.6500537487828754,0.5341948940266219,0.5823348775483914,0.5324364422569385,0.4913574640602926,0.5527762714289395,0.564993025912369,0.5611891374632733,0.44522230204917984,0.42160632045248314,691,449753_fnca,0.3645027513642851,0.7752256103432765,-39.61522978154074,0.2550634224290879,1.3213100019844948,-40.518899507654154,Procedural,0.9036697261134136
453441,0.5657327251349114,0.5193369550687131,0.5000596904232493,0.4836861521320746,0.44956688738728173,0.5021875560175747,0.48296217219382775,0.5903377509356714,0.5921552350526321,0.571606558212583,0.5238008213633306,0.5378767392481564,0.5074536357738075,0.5695294265453048,0.6690379132226102,0.559590415474719,0.5728360858278133,0.47714419731577207,0.522581484826238,0.5667681501123988,0.5734848209149439,0.5965263364699596,0.4351747408749539,0.44673342866733534,765,453441_fnca,0.0100389036739892,1.9999999985697812,-44.39412222896468,0.0100093015853933,1.9999999989033088,-44.73257485460031,Procedural,0.3384526256356253
453542,0.5380480837901647,0.5077129290887452,0.45609659626318044,0.4514613428397791,0.4483312663044309,0.5269035405009795,0.4828196423944802,0.5475746672494732,0.5415904609960076,0.4664713791774956,0.5082772864014704,0.45799815993870624,0.4913447988408201,0.561929205237708,0.6393379156253443,0.5313587112720557,0.5700161453676805,0.5079180360375988,0.4565115348032495,0.5459197652598745,0.5689886688031371,0.5350270827701967,0.4093442705553248,0.41909518638028137,676,453542_fnca,0.0100461112301611,1.999999999123876,-43.698275018506905,0.0100006385647817,1.999999999793564,-43.96181232210562,Procedural,0.2635373035987172
454140,0.5482768466656524,0.5445075963119579,0.47580654027807684,0.45791487948300946,0.43457890374073715,0.49710381118240143,0.4706887362868998,0.5713341995028122,0.5319091081250956,0.5523015604699772,0.5285975968171104,0.5028605683993262,0.49536760102578825,0.5549017793413951,0.6342862345036835,0.5083356848740881,0.5638646436998418,0.505943533721003,0.49282718003602466,0.5521284585389656,0.5507366139338887,0.5653043745834044,0.4137950183622163,0.42196721835239326,579,454140_fnca,0.0100357985848455,1.9999999983579615,-43.70591036566747,0.0100129757495357,1.9999999996751447,-44.14652561799983,Procedural,0.440615252332357
456346,0.5720715667037637,0.5319661426352411,0.4950525721002655,0.4553140002633802,0.4671595562717377,0.5725935391320951,0.5211810741351318,0.5450501044719794,0.5395511029118508,0.5531867982190896,0.554528363987445,0.5260085485093691,0.5318722912561178,0.5754109171140525,0.6565334261420693,0.5663341350278349,0.5834178663346183,0.5414715219458959,0.4994601964610282,0.5875797755052198,0.5658095215374818,0.5688594086887541,0.4543426677068018,0.4690524092070313,572,456346_fnca,0.0202653759975675,1.1764905876995588,-43.64718021139559,0.0100416464646352,1.9999999994914883,-43.57862189121248,Declarative,-0.068558320183115
459453,0.5554080680268645,0.5418313455666338,0.5012177576709022,0.4524915857938655,0.44577863242940063,0.5467801573803772,0.5059579070133876,0.5696650422183493,0.5617541091802988,0.5366470626434258,0.5458164145482811,0.5155552328689983,0.5241074372120879,0.578556423092445,0.6530040411476007,0.5468903095698039,0.6187337582196674,0.5145807548501896,0.49500001330397486,0.5656066694011888,0.5871956673589309,0.6010383416710002,0.42370084378618983,0.460477679805483,103,459453_fnca,0.0100000087797652,0.13390413977013,-42.6994055482833,0.1275331506709116,1.9999995274487072,-43.03201198306592,Procedural,0.332606434782619
461743,0.554303933899964,0.5216894194127663,0.4762294176654535,0.45808077367363836,0.4413650306187477,0.5504280625306156,0.4980813268372771,0.5632020020010755,0.5528538209770041,0.5600250749338966,0.5056222458697631,0.5038371280092617,0.4764851780780342,0.5500213072295108,0.6373804519651154,0.522695582543143,0.5759050658735049,0.4792589011164067,0.5113497981935322,0.5530443266519529,0.5512543059320045,0.5690764510710864,0.43567912427730493,0.45724011433934614,437,461743_fnca,0.0106585466927205,1.2686872358905663,-44.354018879533086,0.0100437484094001,1.9999999983640648,-44.87026261964381,Procedural,0.516243740110724
465852,0.5819005451073948,0.5375265586041794,0.5069410443536914,0.4955962042135493,0.47404631803527814,0.5283578879576803,0.47731021872200247,0.5731119203930422,0.5719895860890112,0.5781991156429066,0.5468413097478577,0.5384673144776949,0.5158326080193898,0.5830383987042873,0.6812906866395982,0.5653391418653024,0.6120545145485039,0.5013769335023194,0.5261757160021697,0.5884376659546294,0.5962820190355761,0.605736882573893,0.445326795329318,0.44616973526262077,467,465852_fnca,0.0100371172104993,1.9999999984235264,-44.51578472080645,0.0100184735776022,1.999999999710024,-46.0641470534119,Procedural,1.548362332605457
467351,0.5492029432080185,0.5183353096892226,0.477723160405388,0.46809781442870196,0.43926533062963713,0.5221019638432627,0.5018626996345535,0.587252783066016,0.5596834799145883,0.5676846809247648,0.5405111844659867,0.5423034920177123,0.5275237379691418,0.5763687769676981,0.6637242120721357,0.5291014244283317,0.599345587861559,0.48039964117848266,0.5207441170375704,0.5595550905861326,0.5818616933446425,0.6010666756528906,0.4242994155948611,0.4139900213677457,154,467351_fnca,0.0100465590108382,1.999999999267456,-44.4418899555725,0.0608710621899909,1.999999999027916,-45.980452317766066,Procedural,1.5385623621935665
468050,0.562107452447518,0.5768008601642842,0.47615436801732214,0.4826436309163864,0.4705231174589624,0.587097513695184,0.5336794608445277,0.5691755305842674,0.5576004881117091,0.5678680317137983,0.5586417188703715,0.5380459671092455,0.5458630389108653,0.5817043126025427,0.6903865808105637,0.5326988411856507,0.62208233320392,0.5348385130518543,0.5189031241315649,0.569785009271178,0.6045343449465912,0.5828020223096827,0.4288385087756253,0.4493327786295949,9,468050_fnca,0.010046483116561,1.9999999992506816,-43.69857063543643,0.5505264163305186,1.9999902205995064,-43.53568013844395,Declarative,-0.1628904969924818
469961,0.5214930860479895,0.5140808438127943,0.43997039104313435,0.4463841607792457,0.44210530728205377,0.5011256774302197,0.4710182845556108,0.5675309409886696,0.5604127462597822,0.5089810399846506,0.5249710580559315,0.4664145445510912,0.4714656313687396,0.558606929985163,0.6221124507626035,0.4894246184852878,0.5661780134190656,0.47942402433592135,0.440051781270223,0.5404217686813813,0.5637750573117448,0.522938120538682,0.3915852261090418,0.44442444114809787,697,469961_fnca,0.0100007119630866,0.1481186035435224,-43.720682717463326,0.0100144597073687,1.9999999998646272,-43.854489900442765,Procedural,0.1338071829794387
473952,0.5490217610036919,0.5298361894964321,0.47280585763757993,0.4597104641996986,0.43485802811280677,0.5630939478197524,0.5205537481423211,0.5570908461283288,0.5549625699908156,0.540468187474214,0.5400878056537521,0.48998073411949217,0.4986060522402007,0.5759038262760747,0.6375349471973003,0.519362935574396,0.5920894889119326,0.4915513397537288,0.47353825314090237,0.5608522871286665,0.5531502930139697,0.5612956766134222,0.41413952099259993,0.44713598219850115,276,473952_fnca,0.4873518823473056,1.207283241835826,-42.41342669961435,0.2284681144824923,1.30224496657505,-43.17498853467372,Procedural,0.7615618350593749
475855,0.5573294308582208,0.545950119844238,0.47134122187459954,0.4565545113612033,0.4337055847562693,0.5576504809060254,0.5005229987118883,0.5774708872137946,0.5636338787742878,0.5529863926685836,0.5458691065811357,0.531850362632027,0.5250924861126058,0.574496597584078,0.6731137459333483,0.5262316685224905,0.6027429371094838,0.5264285568509888,0.48238684607772464,0.5609475431848019,0.5897290360705094,0.5763411401973485,0.42274335675434926,0.4752346509782984,83,475855_fnca,0.6610919297263754,0.395039362590845,-27.95698949646023,0.6400810032337769,1.145783845012559,-35.05006847852286,Procedural,7.093078982062629
479762,0.5614090719076552,0.530276277031014,0.4721463842704449,0.4622426055922104,0.4437595931763311,0.5390446191393917,0.48561840040027027,0.565522170934559,0.5620665994492549,0.5529719030156548,0.5286167649330048,0.5112520379511196,0.4952891045642005,0.5772404713403715,0.6561703718871837,0.5471057451205734,0.5949801615520633,0.4812386051186712,0.5146322864377028,0.5742065167674995,0.5813426285757104,0.5829150177908076,0.4599856577613261,0.4821310644644035,455,479762_fnca,0.3132075286638905,1.26430327879393,-41.99493653296163,0.5528291648535372,1.999996609894096,-41.193367238774705,Declarative,-0.8015692941869261
480141,0.5472677351331562,0.5005641038537516,0.4893960748380888,0.47918512206542035,0.44195078565637586,0.5270356718939442,0.49859405584387256,0.5791772793874884,0.5666220399863974,0.5437498133017084,0.5284147613529044,0.5063134638682718,0.478223170926086,0.5703514316761974,0.6286067478596106,0.5509986275034434,0.5961134693328681,0.480972768460542,0.52337508009038,0.5716634104966036,0.5771167506223683,0.5788828482310643,0.44696838062395694,0.407192263430687,71,480141_fnca,0.0100409249795207,1.9999999993562176,-44.372158146043006,0.010013115501127,1.99999999978554,-44.86828792137365,Procedural,0.4961297753306439
481042,0.5375308112727682,0.517033750781821,0.44067908391336047,0.44921201386850834,0.45308957199318556,0.5344395381172363,0.4761518286345459,0.5754204950860791,0.5667951115278527,0.530335559133645,0.5371825311607573,0.523175152077306,0.5374242818288899,0.5821877869340047,0.6765547227686198,0.5158561811174348,0.6106141639532202,0.5053869024450454,0.45520436964949823,0.5559066529500875,0.5919650717223444,0.5763915196449318,0.4225889530789332,0.4415377108248137,269,481042_fnca,0.0100001038124119,0.2121209630183584,-41.83957967138148,0.4819611042099841,1.9750621877750827,-41.93913446443669,Procedural,0.099554793055212
481951,0.5245842057269562,0.5074970235791914,0.4632186528052473,0.46343035072571076,0.4353259142373613,0.4757346887494754,0.45505318974576897,0.5654058388607647,0.546931572889253,0.5619463265055143,0.5486839329824373,0.5061373941383042,0.5176964976971299,0.5654341930050415,0.6883667698498855,0.5177328627737394,0.6009196703342433,0.4938691354880003,0.4989399497315306,0.5445151630037445,0.5847393670610469,0.5851315500225895,0.4247007803435925,0.4358148197443929,108,481951_fnca,1.2395542220043123,1.9999999999998976,-42.2024322959608,1.2372246003898697,1.9999999999418543,-42.16302672936892,Declarative,-0.0394055665918813
485757,0.5259057796107064,0.48170901974660196,0.4532663474483367,0.46352034856690827,0.4311902015055841,0.49462937101963883,0.47079647406177927,0.5431227982287615,0.5413369499342501,0.5414798805236071,0.48580759110970395,0.489913150348113,0.4513772123499761,0.5347726067405997,0.6211474143783814,0.5377533954016844,0.558504351006188,0.45666555403004006,0.4864289021757899,0.5461228193083131,0.5293523560166697,0.543622284193317,0.4495477532787921,0.4214581173508577,705,485757_fnca,0.0100325472971205,1.9999999992134192,-43.71695788716956,0.0100231999741021,1.999999999514576,-44.29630507303293,Procedural,0.5793471858633694
486759,0.583769242280228,0.5337607404942699,0.5066368489070185,0.46879686799853026,0.42828651019174613,0.5520438741250712,0.5038334809122925,0.5650737627799548,0.5786846524718338,0.5602319980996191,0.5085004011454182,0.5507766457388883,0.514427413570155,0.5769980928855447,0.6702836254481767,0.5725060570159204,0.600876613346932,0.4932061875374261,0.5117524084890631,0.5790000607690741,0.5957542112109111,0.5954759184680255,0.45120321364270943,0.46156676616901926,232,486759_fnca,0.1628013829567023,1.0013092600422238,-43.7940736055588,0.4918533894192015,1.6322485810515426,-43.424560375275824,Declarative,-0.3695132302829762
492754,0.5562332625626817,0.506004506828458,0.4556861019270527,0.4538789255993734,0.45921092323163376,0.5445890337321673,0.5039059764034927,0.5609269096969034,0.574899620965844,0.5437048025108647,0.5344208483648325,0.5040519166525077,0.5018826635492097,0.576516892937107,0.6638845218635191,0.5448745241701901,0.5953189793754458,0.5149246384011626,0.46809858005187666,0.5839486902889197,0.5912742954284934,0.5931865323650497,0.4230124863957272,0.4443353663476548,839,492754_fnca,0.0136397578215571,0.1887366352321183,-43.98142403966177,0.010000001701375,1.2577010020445665,-43.809138513885216,Declarative,-0.1722855257765516
495255,0.5501368522986201,0.49408336297904026,0.4601130685737191,0.45382718626172563,0.441203684729878,0.5464417923580277,0.49009494596729036,0.5596608710643252,0.5487071546292941,0.5246242161034774,0.5203756684261511,0.49946736221815863,0.5105676697707116,0.562633056509145,0.6708694690809789,0.5343874394829888,0.5969417425084065,0.4948716520644005,0.48116036367214204,0.5517056682960443,0.5767486167701001,0.5793218864046004,0.41428068757481634,0.43184968815582286,570,495255_fnca,0.0100415729524762,1.9999999996152265,-44.373185269018954,0.0100186949873575,1.9999999998998577,-46.0952335561088,Procedural,1.722048287089848
497865,0.530648989244474,0.5118416448598079,0.4319627650216173,0.4683772200272082,0.4335286622048568,0.5698517951605586,0.455723262034533,0.5414260144925234,0.5367298107860816,0.5446434929932162,0.506709147796329,0.5000161832999699,0.4833848894829557,0.5612447573842595,0.6490854733787964,0.5056738628649056,0.5613437597113982,0.47541620059757933,0.4977551332366483,0.530894962010057,0.5471666224889937,0.5593456070991395,0.4289356176885468,0.4332079048882509,982,497865_fnca,0.0100444637362649,1.9999999995243192,-43.153164088432185,0.0100188965210932,1.9999999999686664,-44.86107222162117,Procedural,1.7079081331889796
500222,0.5452534662202633,0.49513131541253197,0.4424092502559053,0.46674751466733105,0.4380090091655145,0.4825994116347546,0.45095295250324596,0.5744048282346578,0.5681883661041183,0.5619884836396801,0.526521847450197,0.5241831493126059,0.5104802480659957,0.5767137558303452,0.6611833442014928,0.5255972270084898,0.5985644285849806,0.46018088201099594,0.4767762627121804,0.5578011974259349,0.5688463445752101,0.5818823001080938,0.43822535990112804,0.4387680261987738,551,500222_fnca,0.4996174849921665,0.4521196106905708,-35.62502930033134,0.8966056996197781,1.2473991277585836,-41.20725607014416,Procedural,5.58222676981282
506234,0.5241275149674355,0.5169637737643756,0.4681634758808264,0.43517544308200884,0.4346882365147004,0.5330137181546041,0.4880431012723687,0.5459946115132874,0.5567138761054082,0.5304320601441662,0.5270515299976154,0.5053069986308133,0.5153017740153188,0.5678694417948459,0.6612854770975025,0.46553295634161,0.5824695120450011,0.47033376526359055,0.48236129156914714,0.5479183442504851,0.5611066891230339,0.5706756733578429,0.43429706236987464,0.42430403259461075,126,506234_fnca,0.507886736915411,1.9999577223078953,-43.39222033729122,0.6797995295979823,1.9999988941583464,-43.19361246090865,Declarative,-0.1986078763825673
510225,0.5307256064253913,0.47380437120481794,0.45192095566762996,0.43446153147679695,0.4355716580761693,0.5100387387612326,0.45720365259356077,0.566466986053053,0.5557161002338793,0.5227950956561568,0.5134939244945768,0.48873458540275316,0.4928885554084272,0.5473854066306498,0.6046713027192522,0.5321171908776008,0.5374768760978875,0.45545526892722654,0.4809466792064777,0.5500218338272009,0.5482694672657284,0.5298069633701791,0.44333977097543203,0.4193924098462818,874,510225_fnca,0.0100524075457408,1.9999999997350095,-43.723996712336344,0.0803915975703421,1.9999999996173163,-44.13414710941702,Procedural,0.4101503970806774
510326,0.5476371347782658,0.5094776567430547,0.4707612140850317,0.46683483917976354,0.4418229287927997,0.5097772728547156,0.5166770507426897,0.5952027957435454,0.5756416069496483,0.5792472293003867,0.542571502408814,0.5318380249823779,0.5307353352055748,0.5958612139062,0.659413166713978,0.5558119712227821,0.6117493119940698,0.4740446929663413,0.5290010170709442,0.5767292946142624,0.5937124516717143,0.5924890333103936,0.44109352360877585,0.4601977981825335,562,510326_fnca,0.0695582539374423,1.9532804156226424,-42.938983485914946,0.0460508182070465,1.9999999995373403,-43.22055745783764,Procedural,0.2815739719226968
512835,0.5674186186514963,0.5347102081177496,0.48990675582942456,0.44096829933259807,0.45871024026594526,0.5494029010906976,0.46185560865513636,0.5445737047491909,0.5359801519854217,0.5262222299918553,0.555502467353139,0.5247970569555853,0.5516823215928556,0.5839479778121551,0.6656973843762587,0.5448374682718317,0.5770852014735351,0.5477286282986857,0.4744146762890719,0.5374675541204672,0.5619065089640154,0.5596427977828333,0.4223365639899533,0.4240084243044645,541,512835_fnca,0.0100000688016466,0.2011307221111913,-43.57642807506475,0.4590188365491722,1.9999929667809853,-42.992543868298355,Declarative,-0.5838842067663919
513130,0.5697288055391965,0.5178136859772616,0.46308986385105777,0.4650556225680274,0.467978903236724,0.6119434215070145,0.5637585700063128,0.577656627480224,0.5735701409040203,0.5196144993408796,0.5676341741802675,0.4846485974980954,0.5321224457882551,0.5834350114257483,0.6537386421849887,0.5405701273420417,0.5909267742636515,0.5183401557812156,0.4619409029641972,0.596304058435173,0.574311627655826,0.5695361971075583,0.3982214789208632,0.46088528500756276,889,513130_fnca,0.0100002196488563,0.5196933995622663,-42.92788450806701,0.0100413507728783,1.9999999991852724,-43.11551141453803,Procedural,0.1876269064710172
513736,0.5502151272408529,0.5201207973501243,0.49196807267854514,0.41167396557043356,0.4440418578089247,0.5539815357299367,0.4802039000804959,0.5518947291413793,0.5528391637692612,0.5167029802329929,0.531091683398948,0.49705253377136055,0.5073762931785769,0.5800242827424615,0.6619766377667946,0.5033982450623152,0.5757436698525613,0.5383922092813448,0.48200152043503086,0.5822377320708624,0.5726548794154342,0.5602456121378212,0.4472433304744044,0.42191836523185683,868,513736_fnca,0.9147270679753206,0.9102141880973368,-39.24328658502647,1.689366379322308,1.9999881606010077,-40.35376789102352,Procedural,1.1104813059970482
516742,0.5612626491837496,0.5234857624133135,0.4777747797012774,0.4594198236485624,0.43813250137031495,0.5521933425965827,0.4857865825116401,0.5684823595041305,0.5623472740853973,0.5467601057987946,0.5207649182192523,0.5063860528822502,0.4898713417381944,0.5456634541699207,0.6461603407622378,0.5559833412085478,0.5637476432452362,0.4742350386260133,0.4991737584953661,0.5655415117953208,0.5444285222829522,0.5654541945451989,0.42321347214476907,0.49265349551403553,943,516742_fnca,0.0100619609202656,1.999999999092984,-44.456760836973785,0.0100044617662747,1.999999998301224,-45.48573028692549,Procedural,1.0289694499517026
517239,0.5539106972172906,0.4896439933148348,0.4827794333765749,0.4153234149406273,0.444024139412593,0.5465351876091816,0.49277368835016255,0.5494547757698857,0.5444884909685835,0.5302523696448882,0.54054097024573,0.5109814551859779,0.5294022503159855,0.5710702832388609,0.6646636564304245,0.521009358521721,0.5976349322612748,0.5315202473742391,0.5038180601939698,0.5476986741849476,0.5842809365866576,0.5892625432687518,0.43307801210848956,0.442811553934135,227,517239_fnca,0.0100354210639409,1.9999999983488053,-44.46481319769668,0.010038330115088,1.9999999997822768,-46.10144508675612,Procedural,1.6366318890594442
518746,0.5625193196535486,0.5341948637684237,0.4947180217770715,0.4519922318832007,0.448783098098466,0.5518983929989993,0.479195686092174,0.5578020439178363,0.5856149589805382,0.5653841560551883,0.5766317003298791,0.508984568465076,0.5190172270387354,0.5398833613890016,0.6440628428454709,0.5203430356383156,0.5813555591957453,0.5129905392225029,0.5049191644369785,0.5452510933847258,0.5559341846327867,0.5671368102693983,0.42760614680418124,0.4800119878505662,864,518746_fnca,0.4237732654083065,1.9999999999211144,-45.22662097064222,0.0100413779094949,1.9999999983169987,-44.817723794172224,Declarative,-0.4088971764699991
519647,0.5690258181391512,0.5383174021068488,0.4554208385790622,0.45711737501780675,0.47830856499090985,0.5567052626751607,0.49129845936980077,0.5647285401242729,0.5642336321084488,0.5155068751630584,0.5519196073601599,0.47196522390410633,0.5097965864174491,0.5549807989138148,0.6309012254457544,0.5142789185550504,0.5827097890511685,0.5373534803797153,0.46623255949192793,0.5492420766724961,0.5596273193374757,0.5571596180887554,0.4495750716989959,0.4582156624057461,457,519647_fnca,0.0100471398102777,1.9999999983663068,-44.45961794628035,0.010021646413877,1.999999999791466,-45.635692596292465,Procedural,1.1760746500121115
519950,0.5243509996747978,0.5163133082960658,0.47992480554513195,0.48037707548614705,0.449165951550507,0.5292020811074329,0.48085955151637355,0.548139083024262,0.5420193274574628,0.561486640400602,0.5154811215460996,0.5192966899334581,0.4776190614436745,0.5570842211198371,0.646883880982746,0.5349686780115658,0.5587030102391367,0.47670318869882594,0.505858975477402,0.5430041864842066,0.5727507185516223,0.5459871108508715,0.45752432835489165,0.44697939049297764,884,519950_fnca,0.0100447671267257,1.999999999065133,-44.37955302275865,0.0100336317895488,1.9999999995639428,-44.51631637111035,Procedural,0.1367633483516996
520228,0.5512878706612401,0.5411723716417333,0.47375552576310204,0.46087568617143787,0.43725194843796744,0.556934082280801,0.5182435740229934,0.5501442052328673,0.5444737515639368,0.5300813629961546,0.5325846323995153,0.5147214292807656,0.5131679437866868,0.5740540527054834,0.6608506772483878,0.5393593698485086,0.5862572579977091,0.4945905946575144,0.5099716771456473,0.5714996748555105,0.5933150617100097,0.5901987721517064,0.41356526470672356,0.43293355673566153,476,520228_fnca,0.0120878049298077,0.8853735741965615,-44.34927648396896,0.010004716228944,1.9999999988446184,-44.67747835558255,Procedural,0.3282018716135937
521331,0.562477616798443,0.535703127708314,0.47076924777178575,0.5030220174952553,0.4713722353594462,0.5620617751815549,0.521327507396824,0.5618184872699169,0.55827560126638,0.5888395277913449,0.5492024458518199,0.5549665659787675,0.5381275969023221,0.5776638480582719,0.6872165164438896,0.5529340652585796,0.6091247346926315,0.5076362074855669,0.5162862399200758,0.5749582022945207,0.5943606101975625,0.5965269316211772,0.4429964884166219,0.4567514132346322,200,521331_fnca,0.0100002437058465,0.1590609440028899,-42.81306438274624,0.0100000009121004,1.8002215824399077,-43.334340893839325,Procedural,0.5212765110930846
523032,0.5613850298799402,0.5256894790666113,0.4862274609090275,0.43746678109488,0.47633423263704183,0.5774262995276181,0.5401732040649585,0.5867156406232393,0.5759981152548709,0.5446335783219324,0.562289558697325,0.5119196764035221,0.535209041322536,0.5857647465361879,0.6745224050871319,0.5248102701949989,0.5867499291452252,0.508753342802381,0.5151497046878986,0.5662254510937795,0.5512895587676114,0.5671715320695874,0.4716867520362591,0.4732135920860037,49,523032_fnca,0.0238943640732433,1.1389987587458723,-44.34338302325581,0.010000000703057,1.8134475998158368,-44.21867224620347,Declarative,-0.1247107770523427
524135,0.5563913052954035,0.506284000395968,0.47017450145780054,0.4363503770170876,0.44036384239252546,0.5577854218036344,0.4994304595322961,0.5621121005924509,0.5516311884992366,0.5258678396510266,0.5111145510456889,0.4882324405460048,0.4983246067964389,0.5633656415206576,0.6511832878751107,0.4901914784108497,0.57156457327717,0.4926120187056766,0.4842080745943516,0.5756657576186507,0.5454139416852363,0.5743596065442476,0.4142898790831015,0.4615811339203567,379,524135_fnca,0.0100462881419694,1.9999999991813395,-43.75494393046779,0.0573620144836327,1.9999999995008917,-45.42532505723141,Procedural,1.6703811267636226
525541,0.5672443101750584,0.5330702243230704,0.4798214765867558,0.451226301692689,0.4400260970940802,0.550565446358796,0.4923511595689187,0.5653330789629569,0.5638559710150033,0.5336196347800856,0.5240823561112087,0.5137136993155097,0.5143188155057746,0.5777945336769479,0.6707949766818535,0.5195984361026852,0.6013674605579213,0.4948407732020069,0.507051710003989,0.571999362448853,0.59058178646162,0.5953960753701264,0.42657378391782474,0.4713315211839851,829,525541_fnca,0.0100435862695333,1.9999999995872664,-43.675701698010755,0.162269514296755,1.998241903617706,-43.59588630530878,Declarative,-0.079815392701974
529549,0.5556629193683824,0.5632509969081321,0.515800117584826,0.4486779953691504,0.4661239551887118,0.5705998510310424,0.4835858575288398,0.5911822791821931,0.5857536052739801,0.5105841680785935,0.5403283078357292,0.49690131069358195,0.5195774016601841,0.599709176613295,0.6700560657487493,0.5384770963403455,0.6013936077449281,0.5427123610439117,0.4888775053316477,0.5967648254074188,0.5807983648494748,0.5728342439032686,0.44395846865811955,0.4376880227337279,709,529549_fnca,0.161698610090966,0.6401633931151453,-40.10491468337655,0.6776405101398018,1.4545923876081008,-41.22170055947827,Procedural,1.1167858761017229
529953,0.5612700086184821,0.5079090096484001,0.49455734088861436,0.4480972351043149,0.45398945164957133,0.5793168946833694,0.5307726543733847,0.5615687502483432,0.552908426277344,0.5119158529216121,0.5134377015959536,0.48486530046138837,0.49555433638385815,0.5293184971965037,0.6435413132383474,0.538537176005774,0.5843097659387834,0.5150475372711276,0.4923539987322398,0.5375397625288617,0.555770060245742,0.5761094989936021,0.41015090345145155,0.4452931028973815,660,529953_fnca,0.0100000000131396,0.1902970952516541,-44.27113794035745,0.0100202019105327,1.9999999995761917,-44.42616209166203,Procedural,0.1550241513045804
530635,0.5497656103117942,0.5286146666695961,0.44692685755385986,0.4443876772406561,0.43093717659728786,0.5424793323203159,0.4816595492197729,0.5433336651014532,0.5342069331496259,0.5387092332591613,0.5426445860359305,0.5022493446768046,0.5116638452027167,0.5633251478820802,0.6625930517451721,0.5489444285242898,0.5908174836288629,0.5184178458316905,0.47154311403432764,0.5605145408994174,0.5821284182353885,0.5702581151078274,0.44232151925110125,0.4768574164186641,428,530635_fnca,0.0100466018627506,1.9999999984040917,-43.70810705924223,0.4359562993831475,1.9999999999998677,-44.43652461351381,Procedural,0.728417554271573
536647,0.5553507743647785,0.5154387821011737,0.4713226755141994,0.44669042039352796,0.47103655549765067,0.5729329629003674,0.5136880734658057,0.5500337862260366,0.5623741771449877,0.4912151892629811,0.557129444054487,0.4809078668542699,0.5327736221374362,0.5709543342240588,0.6465054896101867,0.5512082965767937,0.5811327568924594,0.5227253746869371,0.4590860816368763,0.5628545727950451,0.5650149379732641,0.5612618160829609,0.4316106633172022,0.43153886856667756,492,536647_fnca,0.0100004952270708,0.0981895706889496,-41.63406583531288,0.0100006559773287,0.6754356422831671,-41.51748029974095,Declarative,-0.1165855355719287
540436,0.5682421323006382,0.49036446128499045,0.47177941905993365,0.49194608018029595,0.44233107148255074,0.5174917646146059,0.5140945261066315,0.5504061629789891,0.5389725054002384,0.5433073339169059,0.5082861464964179,0.4780447326905722,0.46379394718308153,0.5484726954046066,0.6740282332338616,0.5390290404674678,0.5714071183166172,0.4618514113936164,0.4962831378614764,0.5646976819676347,0.5795952431539609,0.5702411410634388,0.4113170156344863,0.4240939905255105,786,540436_fnca,0.0100421513807375,1.9999999990580275,-44.38485397347571,0.0100234146507508,1.9999999991011013,-44.48246344967092,Procedural,0.0976094761952097
541640,0.5439858147428719,0.5011117851961534,0.522671114057563,0.4577391409452806,0.4322176912930341,0.4899862561491005,0.4673363402988641,0.5706149918717313,0.5558631067548897,0.5411500381074137,0.5160193730977893,0.5063052029151643,0.4880422868566285,0.5566084610205924,0.6235990280520808,0.532663184387151,0.5847462500166285,0.48003376341944565,0.5205107468079124,0.5538034423981731,0.5768305062329323,0.5646287172609622,0.43188065358568717,0.41308506125222977,911,541640_fnca,0.045506558769969,0.0990300365596812,-39.46530349478952,0.010000000681317,0.4099353263544782,-38.90248923686671,Declarative,-0.5628142579228097
541943,0.5771913557198699,0.519732967680942,0.5123296495944956,0.4634533296707577,0.45880975621882136,0.5327536055011188,0.5653818597767968,0.5658593507656858,0.5811640732633195,0.5429462268725146,0.5411535737258371,0.4940672536337008,0.4916751187240002,0.5719035033233629,0.6443359019085176,0.5658318803839962,0.5843780305010955,0.48301170647403824,0.5388967369092996,0.5585337882425768,0.5699156219121777,0.5585934673594263,0.4479837184423399,0.44088901239997,700,541943_fnca,0.0100000000045239,0.067989177520375,-43.29916658315731,0.0100000007047463,0.9041598675406934,-43.17685388437147,Declarative,-0.1223126987858478
545345,0.5072738887305254,0.5105205243309112,0.4580745828469335,0.45864518749508754,0.43161894915676124,0.4811342233644995,0.43861567607968655,0.5583822435220295,0.5472376518790467,0.5375607022957057,0.49938528876591853,0.4961433096267124,0.48412876421511286,0.5420395582397672,0.6419091199821976,0.49798015041224886,0.5494063583985425,0.4729441513857909,0.4912725310364668,0.5194774173611081,0.5523500228137233,0.5533658925372834,0.4181659103223291,0.4146196058840882,450,545345_fnca,0.0100342397238112,1.999999999740069,-44.38797114253757,0.0100226867789851,1.9999999989641233,-45.77357495896512,Procedural,1.3856038164275477
547046,0.5577900186487683,0.5174142415972571,0.5075405147748719,0.4816084069801929,0.45149725211335195,0.5021723884342988,0.49556150598959264,0.589848363720579,0.5895636992298876,0.552076482032505,0.533094184550864,0.5365653044813572,0.5038184943989529,0.5844822456692351,0.6332228508043986,0.5586418517882067,0.5965113511827568,0.4903937962693994,0.5242224184245877,0.5679063577276121,0.5910789613454417,0.5733001468284161,0.4697916192216385,0.4438855351260685,271,547046_fnca,0.0100439578596281,1.9999999996628657,-43.78065236889667,0.0100174999574498,1.9999999997595863,-46.05763904400583,Procedural,2.276986675109164
548250,0.542261318101232,0.5298015281504083,0.47169524762908815,0.4688190641787203,0.42470263578472034,0.5215448886546454,0.48172260951241797,0.5506480793828007,0.54866671371184,0.5618840572839359,0.5180317734187302,0.5264584520390659,0.4732403784456777,0.5542269512342589,0.6630347945577161,0.5233300634675386,0.5831519465956793,0.46422211967455096,0.5126713556432374,0.5421731991337119,0.5527663639131292,0.5775659390390987,0.4058008066403945,0.4058880730220533,741,548250_fnca,1.363679081791209,1.724598188681792,-38.87919188929806,1.9095501715322405,1.9999999999944795,-38.97523979698649,Procedural,0.0960479076884297
549757,0.5504879293480027,0.5363902987237892,0.4792751785954172,0.4742583994006137,0.4416529454824979,0.5897860318808913,0.5067972920572744,0.5589239446000233,0.5614597004677685,0.566657240103835,0.5345142407026738,0.5037967592159811,0.48870766835266466,0.5793435933974188,0.670083884788239,0.5279266234365674,0.6126234194080298,0.5015016234826163,0.49926442673850796,0.582807723038654,0.5959909131531672,0.5957203918096485,0.4360656848029262,0.45530855982278723,410,549757_fnca,0.0100461669558065,1.9999999991062631,-44.385763428176745,0.0100204807507718,1.9999999998576805,-44.290694304632936,Declarative,-0.0950691235438085
550439,0.5800688509584283,0.5307779151740631,0.4535049840612924,0.439054997239571,0.4389474324724815,0.5617198657547027,0.4729593015360114,0.5653557397372495,0.5573970911179806,0.5052625104090886,0.5398601006060249,0.4726683567147696,0.5146867499669109,0.5534306097039116,0.654403552409929,0.5454347168007293,0.5718052845365741,0.535742352275201,0.4787227393850562,0.554233400593078,0.5519429346652067,0.5376794102324598,0.4066643190901987,0.4256378541572979,156,550439_fnca,0.6730992935958547,0.4538300247538015,-30.18851709515499,1.5871366533845148,1.9999999999373987,-37.430505617121426,Procedural,7.241988521966437
552241,0.5906522415509887,0.5865329343443826,0.5079325253472182,0.5080183865713417,0.47063751409630805,0.5726253769373357,0.5070320080534869,0.6065934811073699,0.6033452899710051,0.5952156301576114,0.5681748838105903,0.5336446242832852,0.5191913605695007,0.5895807879272413,0.6799846774645104,0.5511213286342788,0.5804973076820897,0.5514286962158846,0.5613105686932017,0.5881929783094266,0.5970781262876828,0.608169250219228,0.42062144994801043,0.4522470742263652,903,552241_fnca,0.0100015572902777,0.0990412817204463,-41.83760352317001,0.0100460205825025,1.999999998370344,-42.17615484243627,Procedural,0.3385513192662586
553344,0.5642751041168519,0.525599383707689,0.493827310093179,0.4910099933304666,0.4581017144753831,0.528096149946182,0.4911663219950988,0.5801187367077021,0.5897669198427234,0.5347007076047954,0.5452101575161614,0.5109305141416676,0.5439294476291568,0.5740757815168566,0.6858768655229336,0.5439519017585822,0.6013044509737849,0.495948022927967,0.5193186001407395,0.5705032568314605,0.5864651442160022,0.5826066737512667,0.4348366198781304,0.42435354243353496,862,553344_fnca,0.0274101482613552,0.3807405278205362,-42.66872777964328,0.547610035884598,1.999998276993427,-42.40999880706949,Declarative,-0.2587289725737847
555348,0.5251107154214473,0.5272462738731928,0.4903703639472998,0.4597324814105735,0.46028645085782555,0.548270270901706,0.5085618387864017,0.5651940545398636,0.5655318000078369,0.5670390826997171,0.5466498328903195,0.5209834332592004,0.5142225620430709,0.5824264833818669,0.655615250644195,0.5065057705973163,0.5852757042145571,0.48841081026932953,0.5099308552209176,0.5623221759265895,0.5624357781820969,0.5617523044566737,0.42015498366594733,0.4225684116083775,341,555348_fnca,0.0243270491707594,0.290852166016519,-44.00013255693806,0.7993939717824757,1.999991128329029,-42.649836117821565,Declarative,-1.350296439116498
555651,0.5339398600514857,0.5167493352131722,0.4615490894790447,0.45203826392489815,0.43395736903211973,0.5359777122375998,0.4543647462383816,0.5763815580759684,0.5626143746459338,0.5192120267139331,0.5022634118077262,0.4801479183437393,0.47572011574761014,0.5676404571152075,0.6404587752681666,0.5236321415565081,0.5683685387237515,0.46729846086585725,0.4675097311820584,0.562627102731392,0.5678484685069533,0.5546055358679387,0.42384461149026703,0.42637890767302267,274,555651_fnca,0.5285188424381682,0.9625741076572074,-41.481526326661225,0.4063119981558537,1.9999988228295364,-43.74330657033238,Procedural,2.2617802436711543
555954,0.5208880726782322,0.5260248135599944,0.4521764532158618,0.4450772040702262,0.42994334978017223,0.5470716207709332,0.4508668696950017,0.5573482819350563,0.5334353300273866,0.5195522117377525,0.5234058577999301,0.48733516679348443,0.4978280274078242,0.5689285956796507,0.6409676057639604,0.4968765649061908,0.5706399098802312,0.5092461077181607,0.4597143486107507,0.5460199872017923,0.5501375473814769,0.5634281449377871,0.41156756888407964,0.4510070622276166,256,555954_fnca,0.0100000000700784,0.0690820832797218,-43.888252360575954,0.0100385256957288,1.9999999997103757,-44.43836091760063,Procedural,0.5501085570246786
557857,0.589105578099429,0.5418571831441484,0.48774677106789766,0.4774213145593302,0.4659790547744275,0.5737111645815512,0.5088383785437451,0.5586357039161753,0.558685452958796,0.5693602613380874,0.5366451902238747,0.5231940145823336,0.5094447683037849,0.5475052009865787,0.6693645911482337,0.5559182704780997,0.5922620268862029,0.5034500451489405,0.5120231036149889,0.5792063040572588,0.5697612101599726,0.5854143224193274,0.4287592839662873,0.4561363295255774,261,557857_fnca,0.151557340208653,0.4635110772329808,-41.1329046410313,0.1418813957013919,0.8902166744986628,-41.85581650592403,Procedural,0.7229118648927297
558657,0.5539557304119782,0.5331528898325514,0.4624091382400386,0.4526787710421317,0.4698188655834686,0.5653353588899408,0.4792992915446165,0.571889289923109,0.569705603445113,0.5141242566853674,0.5155162702524322,0.483477034489102,0.5080557079894578,0.5763905959732116,0.6222131149271732,0.5410335397528959,0.5710954327942939,0.5200193655873291,0.4702212626485366,0.5556254207261929,0.5472602352919873,0.543416178283595,0.40700285782416584,0.4355479745670817,752,558657_fnca,0.0100000000116226,0.0775911182371308,-36.535823430688055,0.0100000015332845,1.5764550912445667,-41.65792712837627,Procedural,5.1221036976882175
558960,0.5735085924227189,0.55257480316282,0.4544898962059756,0.446009070353563,0.47549623774251254,0.5453853032439576,0.4880062884972463,0.5612452816484683,0.5566799752849405,0.5020717432544197,0.5513295586433512,0.4909775289978111,0.5456234936597456,0.5857157887113725,0.6627087309515838,0.5754535111338401,0.6058244305008181,0.5476941684699318,0.48913753181509073,0.5753793160924808,0.5892240051904821,0.5658229877771487,0.4267003948401594,0.4411220733097511,275,558960_fnca,0.0531662102276477,0.3437621075267725,-41.527520717104494,0.010000000090594,0.3582989175090119,-40.06472459279752,Declarative,-1.4627961243069765
559053,0.5526482787066713,0.5269488978743164,0.4794161837618923,0.4780560713494254,0.4539267893363115,0.5630742798579216,0.5328088161957948,0.5816520804908476,0.5833879800647127,0.5513430749904856,0.5501101058631916,0.5113147532852921,0.5207266977773528,0.5805947935887152,0.6771530701826102,0.5334186862212268,0.621778837546017,0.49461095055156357,0.49167615664226505,0.5640222669794921,0.5729892595924709,0.5824555693600153,0.4398330397648301,0.4422511835232281,199,559053_fnca,0.0139797003275854,0.5994114294375402,-43.60565568842235,0.0100000012972607,1.3934892718667735,-43.36485802422951,Declarative,-0.24079766419284
559457,0.5148105248330088,0.48125595968315765,0.4423825606354013,0.40469897380731806,0.40885914436784515,0.5170705820776337,0.45509624957673267,0.5123142812659058,0.5310759473511649,0.47658371109062053,0.5053999320576289,0.4552831334495129,0.46983947716551566,0.513586980742584,0.600743203521035,0.49737310402276125,0.5272145269843795,0.4622233001357204,0.43793197961067015,0.5134540726026705,0.508150223644428,0.5235042506206732,0.40907644061121873,0.45597768770704555,771,559457_fnca,0.0100453154279339,1.999999999547167,-44.41706152479307,0.0100092166089264,1.9999999993995152,-45.54284372711167,Procedural,1.1257822023186037
561242,0.561558355686198,0.5114514500467341,0.48522787338258033,0.48811214653936097,0.45496247426692404,0.5737511523928718,0.5289457000752175,0.5255725853224084,0.5378209618696466,0.5851325601366711,0.5363847180151324,0.5535910742730663,0.515738037517259,0.5791844544269875,0.6761544590124734,0.5493284596102452,0.6053355764491753,0.4687706622457227,0.5057492236913923,0.5890413119734347,0.6101647581560722,0.5853045491441629,0.441109296850996,0.43536621912209994,989,561242_fnca,0.0100620526935005,1.9999999991392272,-43.670441652804136,0.0100465387854186,1.9999999983968224,-43.906658921465336,Procedural,0.2362172686611998
561444,0.5402876247116167,0.5009161701553129,0.4588527715514855,0.4289263553132001,0.41006532639235244,0.5153956408948891,0.4901316691696046,0.5623941294624134,0.5441636780709717,0.5464409071135543,0.5311391648215631,0.5175036440972002,0.5244090143576384,0.563745353199662,0.64535443957978,0.5305490081452819,0.5952264108061782,0.48907433818369106,0.5024997039504817,0.5633687434754924,0.5687215600794948,0.576166005900367,0.45758732509567485,0.4509148957697387,947,561444_fnca,0.0100438103159213,1.9999999998820264,-43.6678026897626,0.0100055139150352,1.9999999989348232,-44.17640744779419,Procedural,0.5086047580315878
561949,0.5775373701462388,0.5653661049683293,0.49482935426415486,0.4628603913283139,0.4434334252623934,0.5800112060557041,0.49470577297251267,0.578186717005017,0.5778585976625173,0.5389889109737317,0.5324981331218357,0.5004008569752658,0.5010935347746046,0.5892255529929384,0.6785164265202979,0.5706121579688983,0.5939148721778449,0.527249444847288,0.49566610937624334,0.5633914998175004,0.5887656704781522,0.5731710964290133,0.4467865934487461,0.4540171735707588,252,561949_fnca,0.0100000021495452,1.3161721457252664,-43.66593196796077,0.0100338537229343,1.9999999997451952,-44.02294443952605,Procedural,0.3570124715652767
562345,0.5333564069337712,0.4930592983437314,0.44463495261305647,0.47743150001233625,0.4487926476699677,0.5343124296734821,0.4853201866264359,0.5299625733841435,0.5278727526979154,0.5524285285466075,0.5283863516078321,0.5078501718915075,0.49399911355349935,0.564145885396885,0.6596303639061591,0.5336092663649611,0.5710957461408006,0.4669978761641726,0.47530357995690653,0.5471121127349583,0.5739485594110222,0.5815256417810768,0.41217005513189325,0.41704142080206225,347,562345_fnca,0.0100003449039127,0.1599575117015019,-43.960394522795696,0.653328453365106,1.9999999991501527,-44.06707423806659,Procedural,0.1066797152709
562446,0.5581194819187509,0.5324518692873983,0.4938218611934677,0.4652704701212928,0.44933136369154114,0.533768836422673,0.5225333146296124,0.580697594705774,0.550094926535947,0.576269254703191,0.5250292552477505,0.5204954096266803,0.49451018574468214,0.5778146559957762,0.6549464420365717,0.546732424335607,0.6095935636192727,0.49596227493003475,0.5498897301610066,0.571892260603325,0.5924422284904497,0.579037427018592,0.43922485339621703,0.4363837646204012,430,562446_fnca,0.2122776195265193,0.7224950415765767,-42.59422243500518,0.4551003735566943,1.3920906281006504,-43.29218265732705,Procedural,0.6979602223218677
565452,0.570250259639121,0.5456809870190374,0.4806423728641637,0.4743592516003179,0.4591159478503763,0.532175144794581,0.4911571122819071,0.5737929750925381,0.564916436253717,0.5295440767807419,0.5229903500926798,0.4926301489656606,0.5146103726771859,0.6054525227416626,0.6536600509868474,0.5512250351512924,0.6148629822707545,0.5055249583172536,0.5019478038001727,0.5833306596442207,0.6042134948046421,0.595807571399553,0.42713120466892923,0.4508011624932533,215,565452_fnca,0.0100000124950842,0.7490091613955624,-42.939208252168825,0.0100353540355558,1.999999999902767,-43.038779679807504,Procedural,0.0995714276386792
566454,0.5606587731099367,0.5238390503838352,0.5015701815877887,0.48391119474449856,0.45339660306026486,0.5697062810034612,0.5250394095824548,0.5720958410992779,0.5567657708543795,0.5544599815009168,0.516383298813521,0.5107669785761667,0.47822008039320807,0.5775421788675271,0.6461558837483959,0.5863697166264623,0.5929879828261229,0.46609483362373433,0.526010969278273,0.5637256398032328,0.5707042862769884,0.5760044931596492,0.4506957144981023,0.45487575584194856,220,566454_fnca,0.2096968785471216,0.2924494300824858,-38.93504679371238,0.1611276417382564,0.385110642477067,-37.93940855892986,Declarative,-0.9956382347825184
567052,0.5479538545955509,0.5134621462214893,0.4671597816387651,0.46339264900879296,0.4302955200078849,0.5193315105510128,0.4487466300628485,0.6116518510670502,0.5888870863649658,0.5398611653229298,0.5243322964776478,0.5058434201922758,0.49829157861468837,0.5736280340647818,0.6483216646648483,0.5198477138478997,0.5910862678498158,0.49868265557299873,0.49886043082135245,0.565539291936841,0.5896034011107014,0.5836359731810167,0.4490370913392635,0.4489741614162609,189,567052_fnca,0.1314695863452591,0.2862795650050569,-41.135264289813534,0.0798811765510663,0.9710498238630962,-43.52358923005101,Procedural,2.3883249402374744
567759,0.5354188088617527,0.5062582013686617,0.4652505159563116,0.4609078000903265,0.4269065833953431,0.5298781082148788,0.4877630452675438,0.5581717557436054,0.558527156242491,0.5585858918893558,0.5146749880557699,0.509601262272251,0.48749455488725535,0.5581945269560138,0.643661115468925,0.5354945093186385,0.6045354708409101,0.4771907202952914,0.4963934237943314,0.5488536711897667,0.5470853245348998,0.5723080570774708,0.4279137906116934,0.4355706451852817,557,567759_fnca,0.0100434699258983,1.9999999996289115,-43.69523789943813,0.0100057801564834,1.9999999990598176,-44.999017761591965,Procedural,1.3037798621538317
567961,0.541413901110282,0.4928224054543865,0.4765834425836891,0.47067333449757615,0.4277947832676379,0.5140320413152875,0.48635646809784844,0.568955486247303,0.561297200083365,0.5633059525840644,0.5120364143619658,0.5135778334772372,0.4900003418015262,0.5650996732287585,0.6340877271540325,0.5355093756532395,0.5663931512516072,0.4441435514413641,0.5013236016338068,0.5404402629217223,0.5666186783410921,0.5746422005224121,0.40681102072029296,0.43731591184639035,465,567961_fnca,0.0100583341249419,1.999999999836084,-43.75139464211242,0.0100121692812101,1.9999999994339597,-44.51380132622656,Procedural,0.7624066841141328
568963,0.5652938443600278,0.5101892101672907,0.4782140302623315,0.46998228226406047,0.4362399706851533,0.5279558493250611,0.502754087568064,0.5723072969496712,0.5774302629340742,0.5454563225308168,0.5162114498038701,0.5249896751080919,0.5183338677594171,0.5634611973997697,0.6457770090817384,0.548924609436737,0.6046181169193301,0.47092731317778225,0.5090995337245414,0.5554404085428043,0.5805384803330871,0.5848984908420061,0.41390478099182154,0.4151343628154291,48,568963_fnca,0.0100001203894972,0.6690473065985205,-44.32489829280713,0.0100260933178376,1.999999999401392,-44.26613176959993,Declarative,-0.058766523207197
569965,0.5159643880870529,0.5035590826176056,0.4258606815812863,0.45162960125230156,0.4287662482429995,0.5616518982422776,0.47058401860539634,0.5425666709015932,0.5346309317863256,0.513671718634078,0.49924968551828364,0.485723131605389,0.4787145789225715,0.5645067437241839,0.6343730414549593,0.5446814303411077,0.5668247353247482,0.4819509737038606,0.46061815889149893,0.5343079793186982,0.545106671283174,0.5560871889224807,0.39538642688019915,0.44375462013009553,434,569965_fnca,0.0381716053984574,0.6067503384904404,-42.70259693397569,0.0100000010396394,1.939580169559146,-42.61248264647859,Declarative,-0.0901142874971014
570243,0.5643363486676758,0.5070775196909614,0.51537302595364,0.4592535006675887,0.4386078811461016,0.5402541025626878,0.5470179657122624,0.5745713244222729,0.5791962399086921,0.5466002277560242,0.529478344655365,0.4942333232590564,0.5103887840225562,0.5421616618122993,0.6563888515173849,0.5492861522375134,0.5834804149715926,0.4785325612763645,0.5230244466025112,0.5633539081355877,0.5660559262610237,0.5670418812969155,0.44670964379831885,0.42695681566808247,922,570243_fnca,0.0100467592010861,1.9999999985637984,-44.39795014722025,0.0100087561650484,1.9999999989746935,-44.596348193242946,Procedural,0.1983980460226959
571144,0.5221746768657719,0.49771074948303934,0.44114561947956427,0.46495436265689427,0.42775640353765515,0.51393503579846,0.4785791750107899,0.5442341762605392,0.5109139372085857,0.5218455225774641,0.5119565064521869,0.495381892124207,0.4703027535438176,0.5514612250283168,0.6552998895491612,0.5061736074366618,0.5778418376290548,0.4777781181892532,0.4690924497403345,0.5057971481332605,0.5485840658625031,0.5536495418276539,0.39068665839540473,0.4205541203410433,0,571144_fnca,0.0123991717198709,0.1372342697356675,-38.506248199955586,0.0100000014422641,1.3452989245185452,-40.75989409553738,Procedural,2.2536458955817977
572045,0.4972708408302505,0.4952349749516831,0.4626708865486129,0.4193506832491129,0.43194264171583163,0.5247725278241976,0.4749389167127615,0.5211911880916631,0.5312216211644383,0.4808777242692919,0.515615482552495,0.4556151491097249,0.4853530842004221,0.5547788242430852,0.6218357903835579,0.49234112435566585,0.5333094946697433,0.4833862563937362,0.4586656932498505,0.5492099104847238,0.5359414755572101,0.5151967763413974,0.41157354606670205,0.44678761618228563,937,572045_fnca,0.0100465581963635,1.999999999258294,-44.45539002409485,0.0100196425638853,1.9999999995788285,-46.91576972051202,Procedural,2.4603796964171707
573249,0.6165042976888941,0.5543128597479724,0.48234083163829544,0.4878562746352443,0.4769535215907092,0.6097056753276309,0.5463477468677564,0.5846601016250683,0.5864004692209767,0.5762178175494251,0.578926870928671,0.5162072981596516,0.5411994165515713,0.6084878467978634,0.6881934675428835,0.5482072194292364,0.6386917035521216,0.5469780171334151,0.5165255699326675,0.6030670972636641,0.6010805303284138,0.5952467001962186,0.4499687704013027,0.484173745961794,881,573249_fnca,0.0100000000403632,0.0993742154220547,-43.31513955433146,0.0100078056134866,1.999999999045128,-46.24565499650961,Procedural,2.930515442178148
573451,0.5654155586976717,0.5524020575026715,0.5055820710992724,0.4439764863493525,0.4643261665078142,0.5625925857440105,0.48763464871809203,0.5747283439981061,0.5749257067148035,0.5167184696761878,0.522182291473128,0.5142796981951112,0.5216808146074665,0.6104195152875066,0.660915829046038,0.5508235671767081,0.6157224789418393,0.5374279523196464,0.4873686692335052,0.5807865546595897,0.5849178054755004,0.579710075785857,0.4284917382954185,0.44281131463048085,375,573451_fnca,0.6808396558150394,1.048346993077087,-40.204289288276165,0.9639860758982004,1.9999987703732311,-40.945194999360034,Procedural,0.7409057110838688
576255,0.5100853809935821,0.5166665156401584,0.4773947314650823,0.4382246040253534,0.4341722131671769,0.5161144294327328,0.46254869742594457,0.5456154016356733,0.5364716666779618,0.5084703138682444,0.5092076913080663,0.4938931823054087,0.5038560154076178,0.5651035824772382,0.633135616792518,0.4832544963728857,0.5693584871718514,0.5035653401646446,0.477795885231726,0.5450526802412076,0.5526065586327777,0.5474757474447377,0.42528321610703734,0.41469112010272163,317,576255_fnca,0.0100405825466992,1.999999999192546,-44.385919882781906,0.0100101686974301,1.9999999989368904,-44.74026108132682,Procedural,0.3543411985449154
578057,0.5283414597799956,0.48881661268429083,0.43472942077255744,0.46122862432694217,0.4279161349340415,0.4970599226418375,0.48921435625112075,0.5478330862131545,0.5459644526516538,0.5333140994675205,0.49847365050500536,0.500468091860893,0.4808933603175964,0.5494776604458828,0.6327030690663638,0.49328399143200996,0.5664286303874932,0.45044655437073816,0.4951671880390912,0.5350501317679117,0.5631163259163511,0.5566338755807465,0.4388427860656393,0.4249781685292718,150,578057_fnca,0.100804759237541,0.3055051441003629,-42.94250754678504,0.0100000010133611,1.5390493472751017,-44.13409132312049,Procedural,1.1915837763354489
579665,0.5773102166535833,0.5605155626296328,0.4946966702007903,0.48678086858742803,0.47547899335967825,0.532867138627145,0.485820419309265,0.5867872128318837,0.5760402133066401,0.5444148102758054,0.5380336296413717,0.525150265887524,0.5211548041016171,0.5733822614665371,0.6674961157471985,0.5526659440770316,0.6047527538507523,0.5272700237691105,0.5101411457369599,0.5745111357094352,0.5921366006597464,0.5820222709627303,0.45190756627852013,0.446322583803271,757,579665_fnca,0.756315679927129,1.999977842752528,-43.453921430155034,0.7739758976843095,1.9999999998156868,-43.34054391166639,Declarative,-0.1133775184886474
579867,0.5403012405449185,0.5216497495647009,0.43838916435800324,0.44920224839015543,0.4522360692057721,0.5518460781962988,0.5128127436478791,0.5527665808013521,0.5268436763399147,0.5353596704636587,0.5414113677744227,0.5077399337647892,0.5062714554204296,0.545493089779451,0.6664010716919102,0.5161995706974597,0.581060200630888,0.4907753295804303,0.46149840782857504,0.5508923907223134,0.5610794882706566,0.5683723473020922,0.4110136633496626,0.4287463418844528,211,579867_fnca,1.3238560869740983,1.99999642570862,-40.84450046668645,1.0996759176995408,1.999999999461368,-40.94460353853486,Procedural,0.1001030718484088
580044,0.5808227956624742,0.5416746926743474,0.5156639383767928,0.4849567328546279,0.4596267783274452,0.5811645119691788,0.5225323482107214,0.5834719633779083,0.5798236037498308,0.5803694904325113,0.5499330700297643,0.5325869870699753,0.514382707214383,0.5702301219157218,0.6978657772595765,0.560585751056647,0.6295579424853761,0.4991149771595522,0.524699067578592,0.5805740131056986,0.6080313254475189,0.6237816845660799,0.4530001874444504,0.4701746458709068,426,580044_fnca,1.2720276574361875,1.696483484391443,-40.07850617993925,1.999999999584775,1.9999688096707031,-40.37437236009024,Procedural,0.2958661801509947
580650,0.5354029931278049,0.4985375470671428,0.46895742346565455,0.4270797905428988,0.4658628667936021,0.5219543218972311,0.5063399362661298,0.5487520718074428,0.5495343796800143,0.5040715970454291,0.5345038924849993,0.46564290555735555,0.5049744903550455,0.5405370722369397,0.6202792302806435,0.5419620428359846,0.5583768907325825,0.5017667425471677,0.49085026556088546,0.555430291617445,0.541372371119743,0.53771529732053,0.43910465592443965,0.43381502689449875,996,580650_fnca,1.5806384806709703,1.999996716856879,-39.46129972986071,0.282821155788888,1.1450887715111362,-42.72015099088575,Procedural,3.258851261025036
580751,0.5089781569985635,0.48754286867032903,0.45904028230901384,0.4274953805564454,0.4202921273427201,0.4962460096237219,0.44034665393883055,0.5651918380845955,0.5471081721217792,0.5389675666036142,0.5491702679362872,0.5055022841376476,0.5126703918315803,0.5722900504408609,0.6459563549013194,0.5041776065169814,0.5722649001872456,0.4712498586937728,0.45592382008961413,0.5426924186270294,0.5619382336915281,0.5619721475390235,0.4158501596364821,0.44692803108995655,330,580751_fnca,0.0100420487288249,1.9999999992726016,-43.68535430797955,0.010007040278592,1.9999999993511008,-44.21093177899564,Procedural,0.5255774710160921
581349,0.5567053592925604,0.5224301912574214,0.49083072244143233,0.4721915496914048,0.46621518496373343,0.56266544528979,0.5293682319786132,0.5682780210738546,0.5762942817347478,0.5445914984239557,0.5448468705847589,0.5135068251186149,0.5005310737337719,0.5656953129874959,0.6543485124255547,0.5038628724168802,0.597902182192373,0.48290780881681544,0.4980688512220397,0.5684055383204365,0.5628969227653258,0.5973660509121494,0.4249725872498715,0.41146585219891685,847,581349_fnca,1.129279115655957,1.9999950913586504,-42.614520562526,1.362255271791582,1.9999994270446095,-42.39844465576484,Declarative,-0.2160759067611621
581450,0.5611815481837676,0.5142119870177019,0.44372965361846295,0.4189225639431848,0.4422646221403126,0.5530733132443114,0.5045542828298379,0.5419823848032302,0.5373730680765418,0.5127594452803493,0.5517114879778368,0.4804527289279018,0.5108262363209661,0.5322255857436096,0.6371759693281467,0.5508785610153313,0.5471592054488766,0.530030404603595,0.46416679497311436,0.5345565234710893,0.5362378148112447,0.5528050731565588,0.45922902978326535,0.45804215474146076,974,581450_fnca,0.7027240826775919,0.3153487203664347,-26.237055693196034,0.2106139060215379,0.5973292846187138,-37.71489035350606,Procedural,11.477834660310023
583858,0.563632178300969,0.5230360023343877,0.48356300781990214,0.4796894867176404,0.4587509687739184,0.5549864668464232,0.4887763311008135,0.5581622238365961,0.5743920928693806,0.5573385273731161,0.5447896786141644,0.517749199078409,0.5187979592762934,0.5669987094993804,0.6618245059222244,0.5435239045204093,0.6018031670924155,0.5034368977024113,0.5267700476388868,0.5651463845288699,0.5698307180000554,0.5944606103832207,0.4534787235997868,0.4339952075571111,80,583858_fnca,0.183586313252967,1.0220145305980726,-44.152475964551165,0.0919183903901308,1.6182158532518618,-44.21778804187208,Procedural,0.0653120773209181
585256,0.5774232990449081,0.5481649316564324,0.5139812543571455,0.48674462793752177,0.46554899133252936,0.5943161381052923,0.5378941553708259,0.6047007779887515,0.5913299492580972,0.5623262288412331,0.5543786067427882,0.5342540196070265,0.5174764273376834,0.5974067532963285,0.668677063376322,0.5629254816567952,0.6154428133677738,0.5402920227087722,0.5405743259503686,0.5883561556590544,0.6147814463917688,0.6368331336503621,0.46177614639792663,0.44856575112339586,214,585256_fnca,0.0173768644505937,0.5365904434950198,-42.94104187713802,0.4247690603147495,1.9999953571015137,-42.44629447770702,Declarative,-0.4947473994309987
585862,0.5723846698423467,0.5435621708158006,0.487181821044564,0.4891000405233564,0.45160176426930954,0.5590572175517963,0.5086665221890283,0.5740692746898708,0.5707496395146504,0.5610699678089294,0.5271127708285795,0.541910476852724,0.5210960244043065,0.587088768782295,0.6842083646027665,0.5798673588840765,0.613633220718146,0.5084053294255881,0.49887436684880254,0.5764072434607515,0.604805633782563,0.5848142269063243,0.42759145340842714,0.4498902217714042,692,585862_fnca,0.0100558299797032,1.9999999991973931,-44.38617373878551,0.0100046726510418,1.9999999988573565,-44.85691116560459,Procedural,0.4707374268190847
586460,0.5544741342106935,0.5192451968627524,0.46476433606981454,0.4789677457407152,0.4502621599485658,0.5339312057985565,0.48447120752081024,0.5783404976261766,0.5687272605340999,0.5672630257925854,0.5261316706363863,0.5399720996462666,0.5070058008253436,0.569980929060845,0.6563489187322602,0.5180578115762634,0.595252078509551,0.4783294945983186,0.488613197368332,0.5619369513934374,0.5731259092714426,0.5872254225181711,0.4472749722502737,0.4421748646995941,163,586460_fnca,0.6159313321813632,1.991143118866249,-43.56018131942861,0.0159508207935856,1.6861546859139371,-44.14953708286925,Procedural,0.5893557634406363
587664,0.5539142280651316,0.49744578019170094,0.4749829891729853,0.47869193866832416,0.4403552781440392,0.507843388802708,0.49323881171579503,0.5475094518438708,0.5415446020316611,0.5641142627345177,0.5220965061825198,0.5063972391108787,0.5135196888991852,0.5529188008158542,0.6359229944660544,0.5462926741795155,0.5824856011085453,0.47318966093875725,0.5064349984428224,0.5491220227274396,0.5652442618284287,0.564529788180514,0.4055807940218218,0.4255814197763218,712,587664_fnca,1.425481089134568,1.9999597149436656,-41.85648862748731,0.0100018297460507,1.9999999982622567,-44.01529716027098,Procedural,2.1588085327836666
588565,0.5331907415849566,0.5088750889940311,0.4623169884658573,0.45487011178908304,0.43705769184796656,0.508260366636075,0.4625654671786308,0.5325673299052727,0.5388493785266594,0.5372990229085657,0.5093055977840596,0.5037843328168854,0.4698043369086753,0.5348585593029554,0.6255033227940751,0.5272556979430407,0.556401549689169,0.4583056784154314,0.4930893081529563,0.5349364216703517,0.5447428802779889,0.5558017970599,0.4186692566567269,0.4272516571738663,636,588565_fnca,0.0100470771706758,1.9999999984056775,-41.629343440349245,0.0100220584593449,1.9999999999247593,-42.22029509982367,Procedural,0.5909516594744275
589567,0.5609785596922688,0.5209019284825881,0.4909513829567884,0.45074236779061655,0.4382913062532311,0.5302914541171447,0.46887495062452667,0.551637441615156,0.5700372906927762,0.5287795352315922,0.5305733249210042,0.5173271805259176,0.5316684083640223,0.5585540300848852,0.656436705905309,0.532059888073034,0.5786982449534112,0.5101908613594205,0.4918173702051606,0.5519496709038871,0.5486185887893845,0.5558986312113504,0.4106386405332263,0.46773187827751533,363,589567_fnca,0.0100000000028816,0.098887145084845,-44.21461449812887,0.1215723405748586,1.9999999996989692,-44.43407323372632,Procedural,0.2194587355974491
590047,0.5380850323595312,0.4954209930237063,0.4632265816939896,0.45120150890854693,0.42847308217920976,0.5472822351046019,0.48281529256656375,0.5568907743786152,0.5317814437749478,0.5360224541513879,0.534671123081546,0.5065656347230564,0.49626798529403005,0.5554867524618369,0.6502827087556026,0.5346378017626494,0.5890701673053065,0.4822856049309807,0.4773772110443862,0.5475977119345283,0.5724131740733139,0.5472728629910241,0.4171195348241165,0.44393648519733986,623,590047_fnca,0.010000000003893,0.077106585750279,-43.614100932485734,0.0100151611804742,1.9999999998577296,-44.14391852155423,Procedural,0.5298175890684931
592455,0.5555108834438903,0.5136272475927769,0.4460219009868397,0.4613011708012701,0.4458206109610439,0.5473253434376576,0.4698135103628948,0.5592339347739673,0.545156343603965,0.5410991847041867,0.5025205082940238,0.5146550186114554,0.49312935288553744,0.5532477721141107,0.6611766187247009,0.5402022337876781,0.5983274724632835,0.48128907002374227,0.49589520354125904,0.5572823149660989,0.5749259585147084,0.5857815567371478,0.4400591457015471,0.46459510532754195,44,592455_fnca,0.0100000022906245,0.1815511097647267,-43.63251116333889,0.0100097810980761,1.9999999989543111,-44.08167369331694,Procedural,0.4491625299780466
594156,0.5297120763992658,0.4966288894223346,0.43392298197092444,0.4595489133867908,0.4039872435706707,0.5023347124837462,0.4453569353826704,0.5245526357881161,0.5250891354887893,0.5310831438321734,0.4901147347065164,0.4889173042417636,0.45908843793942233,0.5454123677392656,0.6341759554668669,0.5121419028021735,0.5283163834365752,0.45180565095996267,0.47346391655625036,0.5304038286138612,0.5422276636324043,0.5336784774384942,0.42019195970067047,0.4342763006697339,652,594156_fnca,1.2398214591521175,1.999999999972116,-42.54904282276605,0.0100270672183985,1.9999999998264488,-44.13640076894127,Procedural,1.5873579461752243
597869,0.55792441574803,0.5229039272099051,0.4470801487244167,0.44508513187362675,0.4435310026851355,0.5539652319077227,0.4844218339119572,0.5607357946452094,0.5507291049092278,0.5442906873230418,0.5335361675542089,0.49656283847047084,0.5033280117815255,0.566638460728561,0.6596492283337557,0.5372791024859616,0.5844416643786052,0.49669836106387694,0.491105897881701,0.5650282506857138,0.5881299049440423,0.58107881813186,0.4584289700915939,0.4638939158608888,664,597869_fnca,0.0100000000013646,0.0805986607695641,-41.36628908998006,0.0100000000389295,0.7352965452243814,-42.48737053927779,Procedural,1.1210814492977337
598568,0.5749860281381324,0.5289255179341036,0.49483034723325586,0.44146465065371815,0.4668720729052221,0.5170711582625516,0.5271350724382875,0.575349424652995,0.5877638740579623,0.5273487714412808,0.5352547381843946,0.5191738189738815,0.5074149765299721,0.5687847151737454,0.643747189102673,0.5493947224702075,0.6007629765553666,0.519412228877446,0.5285547214723787,0.5671490946455677,0.5976789924872928,0.580768257386019,0.49535989938071795,0.4566302268824042,690,598568_fnca,0.0100347557597761,1.9999999997257176,-44.38203647173057,0.0100357917716434,1.9999999992370667,-44.95885652822903,Procedural,0.5768200564984554
599065,0.5400398216337162,0.5013028202771534,0.46808814186919334,0.46130701097460686,0.4287874932056799,0.4974086844173266,0.47242902178354007,0.5839965477517023,0.5748167491863656,0.5400107342784206,0.5057405978310235,0.5000688886846845,0.48210879102866017,0.5540126912778947,0.6413820825257328,0.5239525147618632,0.5592189036249464,0.45441142380378013,0.47721262194222264,0.5490581565183655,0.5432010290199936,0.5551299814083595,0.45875310900379096,0.4591241588860786,328,599065_fnca,0.8030050218673521,1.999999999999917,-43.855994104600086,0.0100266587149155,1.9999999999998397,-45.45663414849469,Procedural,1.6006400438946071
599469,0.5293946618345657,0.49820887481775644,0.4496145286198234,0.4434589400180035,0.44559845451711183,0.5271466095584776,0.48624412036198633,0.5676475695460117,0.5459333526210767,0.5179150254762374,0.5392163449476244,0.48387387440459767,0.4861090471866494,0.5467456881450254,0.6176782180331307,0.5338261382456646,0.5779360054180386,0.49447814828145453,0.4631490442170461,0.5430340926611332,0.5635595224722032,0.5441657136570185,0.4206702196985374,0.44817775720619624,135,599469_fnca,0.0100429467596002,1.9999999992046409,-44.49013824745867,0.0100118604388784,1.9999999997212312,-47.86201687020206,Procedural,3.3718786227433952
601127,0.5802652767768796,0.5267474873611352,0.48012298341195453,0.4490425082880607,0.4478086371658453,0.570843326468299,0.49057159528884114,0.564239183366663,0.567571080403105,0.5482753782743984,0.5479277621227336,0.5176679582783699,0.4968746343030346,0.55977206275453,0.6396725321601253,0.550850150267701,0.5925822889752151,0.4861500745689517,0.49218013823106527,0.5653330341194868,0.5754241780110819,0.5824665262874987,0.4441362182753442,0.47548133032589485,470,601127_fnca,0.0100430906068154,1.9999999998828952,-44.42195977799274,0.2204098732014902,1.9999999990083352,-47.47373206730341,Procedural,3.05177228931067
604537,0.5131594132504278,0.4847569876396646,0.4449287582591736,0.4340716446022678,0.4042014599521624,0.4975289819681867,0.44533155315189893,0.5290481467714618,0.5200059766506641,0.49333058626552173,0.4913307258999802,0.4632863764605559,0.46583818022610807,0.51283668852628,0.6191723644440384,0.5096354724593679,0.5235839447275532,0.4399967277611008,0.44149620319955785,0.5169261053932175,0.5100896036969743,0.5207757968125191,0.42746930021525614,0.4333625081405998,722,604537_fnca,0.0100464704741934,1.9999999992039497,-44.42767618055397,0.0100160124490344,1.999999999862908,-45.17370470531291,Procedural,0.746028524758934
609143,0.5454563596270833,0.5358969228924999,0.4740774255885992,0.47033856749718356,0.4497862426892666,0.5643055883262139,0.51448315459537,0.5494818518915917,0.5605330685378482,0.5353502791411868,0.5688823280418953,0.5126474320769858,0.5323595900151764,0.5780856216750311,0.6618688254621887,0.5339315630176966,0.5977107995705456,0.5279283800318034,0.4655108443495083,0.5373914876611944,0.5732822553246628,0.5786301101120459,0.43398578556152445,0.45343547943607865,882,609143_fnca,0.6244847412099973,1.999999999449687,-42.889085425630846,0.3582781606401384,1.999999999634838,-44.848590474297794,Procedural,1.959505048666948
611938,0.5623530201291895,0.4999957986787596,0.44722507173610054,0.47392484403208873,0.4551375829626143,0.5501280680579722,0.48874291534762676,0.5653783727162469,0.5374768099734957,0.5389202717572441,0.5244287489161755,0.5163347692470279,0.4999308044164146,0.5581359728955124,0.6683135843364016,0.5426131446042648,0.5905306918645014,0.47108418097244287,0.4988056222969285,0.5567984579297601,0.5859041560852014,0.5522413820879782,0.4366821536206825,0.43656207199577485,655,611938_fnca,0.3025759739243885,0.308826631693042,-35.66190693784048,0.3695363492210038,0.7676074329210573,-38.16437260399072,Procedural,2.5024656661502434
613538,0.5751633731036353,0.5257050831081094,0.5039451765512037,0.4960027991928375,0.46395456026805254,0.5541841141453737,0.5134792716004669,0.6062811898860558,0.592670603895423,0.591840875620316,0.5320722453139392,0.5564284864889055,0.5214897028833634,0.6029685778644179,0.6960704563783143,0.5930606110973414,0.6191813364455048,0.4801299251136007,0.5394831361160433,0.5815178967341492,0.594144708487476,0.610047576680785,0.45439502715197305,0.4602476110798384,766,613538_fnca,0.010046217349565,1.999999999208355,-44.47971495503189,0.0100165678341073,1.9999999995217357,-46.50733919742678,Procedural,2.027624242394893
614439,0.5398928907795126,0.5131687691844933,0.4369280403331356,0.44217293320117756,0.4233109072249978,0.5444585768072616,0.488346268730813,0.5430952502542763,0.5399872992797864,0.5075894482110127,0.5091819606372755,0.49422950893038936,0.4965752815897885,0.5621924788690295,0.634473536793788,0.493826664805609,0.5730142816435552,0.5148538772513336,0.46234602086083787,0.5401077343044731,0.5538670623925385,0.5485123290395839,0.3938211187758449,0.4109475483918406,991,614439_fnca,0.999734897152046,1.5561451685509269,-41.495025467048094,1.3292687809590382,1.9999999999789968,-41.13237243719383,Declarative,-0.3626530298542647
615441,0.5320197370585125,0.5283886067838184,0.523823354778918,0.444897306865648,0.42677358755239325,0.5168040670337493,0.49695574452147384,0.5583225091523563,0.5667530466212416,0.5832773877058679,0.5187547917314571,0.5455259968574334,0.5037429042752961,0.5589694811286161,0.6480168849820916,0.5371782038647046,0.5945800563875099,0.4896058023880656,0.5524210937797097,0.5590208453682696,0.5717857453629889,0.5806353945786019,0.43427701858508627,0.453360541520461,188,615441_fnca,0.0100000033527954,1.3338263073329475,-43.66330245588505,0.0100480104648487,1.9999999991110036,-43.816214053291056,Procedural,0.1529115974060033
615744,0.5577251567379564,0.5356686828925515,0.5292266833857532,0.500471748555805,0.46401203293846555,0.5536449282499477,0.5177522825281646,0.6151826629613817,0.6071504829273573,0.6060063318674341,0.5415496618926607,0.5638064242118248,0.5206079885284073,0.5843465767047994,0.6814528715460249,0.5006170876221794,0.5816036891199421,0.4936234308371114,0.5322568212541441,0.5609067799550445,0.5994979464683966,0.6355509340884306,0.43574596425764833,0.44368649241085395,234,615744_fnca,0.994918040610903,1.235459341286251,-40.54071718285346,1.5463776884128024,1.9999999999625195,-40.1471728016143,Declarative,-0.3935443812391597
617748,0.547814263861953,0.5460888306448556,0.4652645519427817,0.4372021677502934,0.42143572781964844,0.5642388404240148,0.4675991049360859,0.5716979814943741,0.5575662067754105,0.5175847857996938,0.532031766758171,0.49466618598400913,0.4990029073505011,0.5660198837461023,0.6403615932399762,0.5580933537764483,0.5753610805551934,0.4892754460434534,0.489559070017977,0.5595536416661226,0.5713653020785412,0.5766833286273433,0.4440137361573042,0.46213245317276763,265,617748_fnca,0.0100399639021655,1.9999999982798349,-42.99695857623466,0.0100348008667586,1.999999999583382,-43.303951805904454,Procedural,0.3069932296697928
618952,0.5854907370177568,0.5178371694965513,0.4778707159522109,0.4498141054543558,0.45400422578437954,0.5836486263438568,0.5326188234394605,0.5799624765743931,0.5714868149569401,0.5274782304174305,0.5384024291645425,0.5061079378081993,0.5207377507012175,0.5805305927492255,0.6374629262801859,0.5573775474669316,0.6036671278903154,0.5265621537304022,0.4933990897608722,0.5951689182352997,0.5901515262410922,0.5627077403092388,0.440027391123257,0.47213937198944755,831,618952_fnca,0.010031518346668,1.9999999991417776,-44.44022836266087,0.128453146105599,1.999999999304152,-45.177441723288105,Procedural,0.7372133606272371
620434,0.5584487504195591,0.5381052473092779,0.5210919897802703,0.4792251444589289,0.4640346784042674,0.5723629468747728,0.536068731127496,0.5614735680522125,0.560004254264875,0.5737759394548307,0.5507914238295547,0.5109443043756564,0.5027197585868681,0.5796569940872733,0.6810914258458516,0.5642728747513532,0.6259132472475615,0.5131025946028785,0.5364347858941527,0.5865426466183639,0.5973020494137993,0.5904541489242932,0.4568523425437004,0.44355239133467367,673,620434_fnca,0.285440653999488,1.999996584808188,-43.48432073652839,0.0100304534024771,1.9999999997204827,-43.09459844980893,Declarative,-0.3897222867194614
622236,0.5427748925330689,0.5070961906196778,0.4952510687812811,0.45164559499910084,0.42684759488457025,0.5391104028296845,0.47705401733961167,0.547644028309934,0.5419799494523503,0.5274852915040834,0.5076233517084117,0.48331216476940414,0.4979106544485961,0.5582460622777371,0.6521143051248796,0.5155965171344215,0.5569453635919467,0.4660106418011417,0.4809124417771607,0.5567568481714581,0.5588934047381633,0.5444487498646893,0.4061877645153954,0.441210368978558,327,622236_fnca,0.4729555555975757,1.4196777545167167,-43.34694446044579,0.4557086627409317,1.9999988705576863,-44.39262280445859,Procedural,1.0456783440127992
623844,0.5507888251878109,0.5004080786051539,0.4433926181873387,0.47191565221582704,0.44436360739606234,0.5115585921176897,0.48788759046640906,0.5678653025459424,0.5569241804103838,0.5335090304333764,0.5166557879577889,0.48182168123201713,0.4853485093657548,0.5746202941337097,0.6567790949423263,0.5439185193925141,0.5540506922150051,0.48815560858459006,0.5025634671327697,0.5753666861936907,0.5512893683620079,0.566390251536975,0.439389756703711,0.4188777246620393,550,623844_fnca,0.1907711728486885,1.0193746816743656,-43.15996340222094,0.354514533486808,1.6984248621275633,-43.01566914146379,Declarative,-0.1442942607571495
626648,0.5659622565375906,0.5167457011937444,0.46800665837096567,0.4633218301891187,0.4612835738583424,0.5589289926022026,0.4975064221272013,0.5561422606365521,0.5549988358007031,0.5463680353212257,0.5510322304637032,0.509247905002018,0.5163996690996092,0.5708242018198754,0.6690761872100598,0.5477500020708943,0.6127478489988374,0.5066750114352626,0.5042697487267866,0.5820624314982699,0.5918260230432321,0.5767529356008566,0.4188615213693506,0.4434323561006133,293,626648_fnca,0.7559791592766824,1.037241429627805,-38.7021466733915,0.3438391745020254,1.999999999944992,-42.770917263052034,Procedural,4.068770589660531
627549,0.5412002375984231,0.5014708623564882,0.4558328078235671,0.45383069598126996,0.43331598119788667,0.48494964476820357,0.46747579929963856,0.5641617345540899,0.5548839002302624,0.5311396717903879,0.5343210406248106,0.4927078224558668,0.4893726591839387,0.5471625979788998,0.660361236053054,0.5278009620793241,0.5753343092046955,0.4646799155591376,0.4890366782645703,0.5424487053356132,0.5744331394734867,0.5707139768409902,0.44212324411142945,0.44065296902893103,941,627549_fnca,0.01000009008213,0.7336832706736213,-44.33550220406356,0.0100259129774996,1.9999999997601936,-44.58680748509265,Procedural,0.2513052810290901
627852,0.5748479571216916,0.5222343537207371,0.47485219660545264,0.4590871576239075,0.45786094100383423,0.5578566652169615,0.530121707280043,0.54689920669618,0.5311412175784878,0.5594124021672968,0.5755239832926013,0.5128762376812205,0.5496499678599506,0.5701846138201346,0.6600758325079086,0.5599137400279366,0.5829952821462032,0.5230838042256795,0.495967123212284,0.5747653725810509,0.5679531772767159,0.5609330985643327,0.4668946245652074,0.45550961341896185,255,627852_fnca,0.0100524926442825,1.9999999990500816,-44.405121941585286,0.010034076434607,1.9999999997435147,-44.649763275392026,Procedural,0.2446413338067401
628248,0.5694200344975084,0.5111296024579681,0.4545928852761309,0.48722944862844053,0.4550928617374428,0.5523804593128767,0.5136653370146684,0.5618502341291975,0.5541740066050378,0.5514736440365433,0.5328227411795151,0.510781648001576,0.505206646385929,0.5539671982801313,0.6580430146556192,0.5559220623827443,0.5991661096596503,0.4774125241761568,0.5194363686373179,0.5775031198011777,0.6027356986402496,0.5928209370694207,0.45532390099985215,0.4567177396477096,704,628248_fnca,0.0349466117505057,1.116814344325617,-44.24779729815008,0.2223027647019211,1.967195074554473,-43.969022105248726,Declarative,-0.2787751929013495
633847,0.5348327159607497,0.5081332269156709,0.5083932564351074,0.4896329274713038,0.43726646396010227,0.5133756329480326,0.4795752425877498,0.5726423280669539,0.5772360814300534,0.5487957061847243,0.513287005530387,0.5085712396735197,0.4965812653187449,0.5657400103261349,0.6524960218152401,0.512661331135385,0.5955150880534722,0.4605625159213432,0.5194857968923506,0.5462511687705355,0.5651403182437571,0.5585098117453232,0.46264337872148054,0.42094168893710177,475,633847_fnca,0.0100228145439614,0.9415858968291588,-44.326949790453064,0.010012336700739,1.9999999997667384,-44.51282385134334,Procedural,0.1858740608902778
634748,0.5232590587103639,0.5008045840066724,0.46376068240931473,0.43665471349808044,0.4199138657473287,0.49151697426420915,0.4648095405420273,0.5378639619809082,0.5603453025053157,0.5342991199428218,0.5062975366706453,0.4889505684721885,0.4817532384598948,0.5659554590754636,0.6350924506046609,0.5028036510329019,0.571586302315128,0.4500158437579654,0.5055824192761057,0.544196232633546,0.5601921569152498,0.5639175910849166,0.4094515569576707,0.39305710345900624,675,634748_fnca,1.0952381720887971,1.8798171557980417,-41.98524242654863,1.999999999571458,1.6590330404583746,-37.74863996814869,Declarative,-4.236602458399943
635245,0.5690215575645469,0.509634852194215,0.4656768669059927,0.45010814825336465,0.4510943909678064,0.5192042777103218,0.47867439406182394,0.542356979420957,0.5602664078423275,0.5060160291931284,0.5458800440231112,0.4642380784725907,0.5138755080857653,0.5440404580234245,0.6338551189713354,0.5454418813016385,0.5785080209597145,0.5331573058907587,0.4688294983685075,0.5516607834694132,0.5445990573995195,0.5439992580633524,0.4421059174756612,0.42239225692533233,259,635245_fnca,0.6706629024717763,0.7632663698205105,-37.74908193429077,0.4580248447269306,1.8259855651743964,-40.22691208956074,Procedural,2.47783015526997
638049,0.5223313342393859,0.4963787791475947,0.45248263099508756,0.4602658744515641,0.45213811585450336,0.5160072093785922,0.4814391848905417,0.5616756554889488,0.5540473182081199,0.5238394455456405,0.5184203135524171,0.4943463547481655,0.49215769415357274,0.5706623132211261,0.6278342331998246,0.5314123725311115,0.5836881894884254,0.4712707877377754,0.45603586968920967,0.5429886209993918,0.5606297428525743,0.5516368881849834,0.43359963127226686,0.4417275391089888,733,638049_fnca,0.6181773250769378,1.4775790233608324,-41.96348712214956,0.0100000007047463,0.8014866098426013,-41.39940721592329,Declarative,-0.5640799062262687
644044,0.5469838200376969,0.5021109380074531,0.5029839023422965,0.4675150524523748,0.4464946571114754,0.4982105433466688,0.48818617027486527,0.5685623771982188,0.5793545700946726,0.5542540340648633,0.5162098671826645,0.5099467047251838,0.4970587627280082,0.5535924820183544,0.6539879571650326,0.5136903856727499,0.593360054942583,0.4681955633286586,0.5244016689362803,0.5508453873804519,0.5882965241222411,0.5899897141835608,0.43158408784529534,0.4444427057821522,112,644044_fnca,0.0302254818646997,1.182621904895765,-44.33595856491185,0.0100423323976963,1.9999999994924629,-44.36940358881931,Procedural,0.0334450239074612
644246,0.5435990019530744,0.5200972594888325,0.4691673803103318,0.4616052469749903,0.458779693149338,0.5400518743499615,0.45553550324393827,0.5769113104892704,0.5720353064416994,0.5037977833913864,0.5365464158690786,0.4802931329877911,0.5114232590608221,0.58623523954127,0.6234093737300891,0.5163281744370345,0.603432330657339,0.5114885698317028,0.4713305870667767,0.567990131663617,0.5827481418881786,0.5642283464918765,0.411614831282806,0.4716731453343654,887,644246_fnca,0.0281974657390064,0.2301633391164247,-41.14867083713241,0.126257016833995,0.5672418424646944,-41.559260397880216,Procedural,0.4105895607478089
645450,0.5577303421476655,0.5169364246802907,0.511449020319902,0.46477180292031156,0.44105848811124326,0.5045575801579533,0.4891180537632126,0.5757501873437232,0.5731575211620257,0.5683537289738841,0.5371366132930965,0.5256447971303869,0.5012590747210784,0.5659552225454011,0.6497179661047302,0.5654903410316412,0.5812993113525448,0.48610582092210136,0.5378044085983761,0.55813909983744,0.550127086620991,0.5594021666973014,0.46313126430516405,0.44293756765551895,535,645450_fnca,0.0100451982666115,1.9999999995455489,-44.44336698912928,0.0100200772563293,1.999999999761663,-46.3918513191175,Procedural,1.9484843299882184
645551,0.5193211362138382,0.5125662649540634,0.4461866099132045,0.4677057440127653,0.4194902320768167,0.5248896678175684,0.4617191570569748,0.5680994656917362,0.5489833157582239,0.5546695990293664,0.5077456400913917,0.49970932451487016,0.47348379258122164,0.5668870439713385,0.6505336340194549,0.5298100383326501,0.5744036274832827,0.48121777877650923,0.49671154117950694,0.5616412323461691,0.5694527887017408,0.5577743939055284,0.43134581437591124,0.4202822376137641,165,645551_fnca,0.0100472200969762,1.9999999984017605,-43.00207735686399,0.0726003595050144,1.9999999982039351,-43.152845677259634,Procedural,0.1507683203956418
647858,0.5733267127243831,0.5222296779688552,0.4790189987308995,0.44431365252765237,0.4445989086948495,0.5688706534043108,0.4863662112294772,0.5834864288138611,0.5691702300263204,0.5495900500976304,0.5423144188103908,0.5087299884002826,0.508619908078431,0.5739936411697082,0.6553100901401695,0.5370422611808854,0.5973356143869126,0.5130726126937503,0.49634722737354925,0.5637822421521225,0.5670047879323321,0.5590768996420402,0.4645725237154308,0.44234800071552627,374,647858_fnca,0.5748818743296327,1.9999999999998817,-44.22649556403988,0.7423185849957269,1.9999999999998532,-43.42396155999668,Declarative,-0.8025340040432027
654350,0.5683496771471593,0.5187936585804982,0.5147475384434603,0.4783949219202332,0.45203470745779156,0.5033389303380642,0.49171403423099314,0.5508551253679319,0.5512368051179083,0.5788680845344879,0.5482295249129675,0.540865291650815,0.5139182517252417,0.5527235411478,0.6435256254748144,0.5635863379453934,0.5827607108718941,0.4887127728445593,0.5476834451264699,0.5563087407140036,0.5765088975402684,0.5786271695509128,0.45759113886557196,0.4479556159520604,472,654350_fnca,0.0100607983371609,1.999999999744135,-44.39488226917949,0.145744892457732,1.999999999843365,-44.598245614244654,Procedural,0.2033633450651635
654552,0.5531410045291375,0.5312669798861933,0.48327520231105253,0.4464993237152827,0.4210534411536515,0.5314114794332956,0.4807372609862032,0.5743728376505657,0.5674685151072243,0.5562429263946754,0.5422416453726961,0.5338269352115174,0.5049261100297516,0.5804475793872882,0.6534328409793705,0.5471365695277755,0.5828584141212532,0.48212217725184425,0.4784054977506135,0.561184402928544,0.5640476885074382,0.5693989667473788,0.42757927710503196,0.45295231384410406,914,654552_fnca,0.0100466796365258,1.999999998456535,-44.39242723411442,0.0100196385611638,1.9999999998571905,-44.96755243553036,Procedural,0.5751252014159363
654754,0.5363119240813783,0.47981791316921824,0.45804786414721155,0.457040332787958,0.43871334079764346,0.5098981163128727,0.5000792411635743,0.5692215372796738,0.56864061902326,0.5279120939720717,0.510589399900115,0.49722794589445873,0.48365801987357054,0.5649072120652189,0.6443643758630612,0.5406920562197587,0.5955598402185527,0.4743695854066115,0.4858595508699359,0.5462793153037034,0.5753032369131929,0.5874307469512763,0.4269741696286014,0.41491025281752775,530,654754_fnca,0.0100358375074479,1.9999999993312831,-44.36806974763452,0.0100106372135841,1.999999999515086,-44.465958213464795,Procedural,0.0978884658302732
656253,0.5602610873644314,0.5836342245573938,0.4318409759164917,0.45653399494707997,0.43457069742936516,0.556859242280786,0.47463299233790907,0.5367068402814198,0.5185875731900805,0.5561602160456924,0.5433489338593229,0.525454402173212,0.5046713901630661,0.5517297774121037,0.6753096151416017,0.5367063832949897,0.5882396192824113,0.5174784685092942,0.48118099379870427,0.5395478605656138,0.5587998054338957,0.5698766859357034,0.4492072616286135,0.4399415788775611,458,656253_fnca,0.0100462108553233,1.999999999188759,-44.41710392911769,0.0100102947074227,1.9999999994033597,-44.86795245868168,Procedural,0.4508485295639914
656657,0.5396487356487628,0.4928934081256541,0.44604725522787503,0.45440736641304325,0.4345186566123555,0.5149337141742383,0.46107592133508063,0.5647023392111187,0.5488920675921324,0.5053440487706258,0.5016855347160144,0.47307879417226617,0.4648886507280332,0.5246865882784083,0.6256507554074724,0.505853966738604,0.5347141860096124,0.4540658232428645,0.4809520905002933,0.5364466381514297,0.541580084053837,0.5456409786795666,0.42048073832583205,0.4204847910716623,520,656657_fnca,0.0100464833270688,1.9999999992526696,-44.48145431208106,0.0100240337856852,1.9999999996272877,-46.85129866232029,Procedural,2.3698443502392266
657659,0.5479434171545258,0.5031193051476586,0.49881207054699217,0.45745560838132737,0.4239574643259905,0.5504470844376183,0.5165083184785572,0.5792889194191567,0.5786326093876728,0.5298243714543684,0.48205696415284033,0.5052391960569694,0.4838583388616096,0.5882856985779807,0.6472098879112796,0.5160261042626165,0.5824821959048052,0.4653601302672936,0.49200905941169604,0.5779959168017136,0.5706875022005441,0.5911659689922609,0.4118453128245666,0.45446655735139346,406,657659_fnca,0.5354198156711795,0.9861661956991268,-40.82340491155635,0.5433291175652994,1.5048388330188422,-42.06379905975424,Procedural,1.2403941481978862
660951,0.5533948684463731,0.4945098872229088,0.4594980667510738,0.46301911536916784,0.427784677831241,0.5298009763573162,0.5017099005845773,0.547818124117345,0.544853487804478,0.5229560424297494,0.5085708648921835,0.5263988125017659,0.49913822009285225,0.5496407723974364,0.6417995081723086,0.5366245232698917,0.6096942891087204,0.4893067513949091,0.5035282810698465,0.5490878717614072,0.5707279567215281,0.556677509764404,0.4263359966395664,0.41020841961430626,361,660951_fnca,0.0263837082359504,0.7235608054476748,-43.348869916678126,0.0100325544998629,1.9999999999769096,-43.9258359417419,Procedural,0.5769660250637756
663755,0.5726885958854124,0.5170170987232187,0.47193719909379245,0.4570452838276975,0.44924737860859465,0.512207018651627,0.48733933616454683,0.5608196248854574,0.5712090489531937,0.5439826015342583,0.5400726188842515,0.5095094402981649,0.500255550685761,0.6135561611626418,0.6917829100762564,0.5545968838018188,0.6072076721988534,0.4937694241082449,0.5143642739413956,0.5818578995883903,0.5967742898917311,0.599278723319454,0.43049796777108584,0.4331867353153559,612,663755_fnca,0.0998421457869102,0.5542222995986473,-43.23713716248416,0.0100000022643257,0.8719183423324929,-43.67388332208118,Procedural,0.4367461595970212
664757,0.5647868454010417,0.5171282726774727,0.502875211653014,0.48409262057587604,0.454556101142638,0.5207421532151084,0.50207688345252,0.5768607408831687,0.5664795929048039,0.5667009700805918,0.5511448222173609,0.5389666570846492,0.5307333474015206,0.5805611718390757,0.6666156683596651,0.5480634776692438,0.5988330325483328,0.505329185303054,0.5234011911998006,0.5717236277023967,0.5823285427731723,0.5780965935773309,0.4654953235737755,0.45662310139015005,781,664757_fnca,0.7651239828377907,1.8859799931226435,-43.04795846765096,0.3343239952073377,1.9999954160926596,-43.69195506658711,Procedural,0.6439965989361554
665254,0.5743012516479604,0.5491427284375264,0.49975611897559413,0.5091189295878502,0.48412894012995733,0.5540450891684848,0.5252797842395092,0.5853363577637017,0.5701910192970233,0.6040762869233107,0.5792481420692449,0.5393981420354405,0.5190532288112913,0.5566365109454807,0.6952686590721592,0.551029885635307,0.6250934690666753,0.512280248851188,0.539314520827391,0.5803938581812313,0.6027159785394376,0.6188445233931525,0.4569798436207953,0.4464621019580373,988,665254_fnca,0.5865710273052468,1.842119951896405,-43.37253717487464,0.2668566415117691,1.9999988782403664,-44.424151273004,Procedural,1.051614098129356
667056,0.5950269930044524,0.5404402753998437,0.4896762497764405,0.49192214547840435,0.4860030556001684,0.6130104493852992,0.5755748333092783,0.5679632770129022,0.5527338987880261,0.5635701471347483,0.5652454575712192,0.5219161605866641,0.5330173775334487,0.6022466088551282,0.6714434513801031,0.5797140893265965,0.6124272190550798,0.5315670830157607,0.5142427956895935,0.5992343900856408,0.595181156257669,0.594171911403337,0.44098691827852776,0.4526287072812634,354,667056_fnca,1.2303664032485109,1.933155630928835,-41.5794583039876,1.1757848805503617,1.9999999999999325,-44.1395183988583,Procedural,2.5600600948706997
668361,0.5762218029780946,0.5452161797604318,0.4920484428768001,0.4778255162281092,0.4482855892554218,0.5489815338557817,0.5173555478091147,0.5526592706084756,0.5542949428104329,0.5412498462443367,0.5396243083416692,0.5116873557779956,0.5244091764649755,0.5615313477071517,0.6450322740420371,0.58581948488736,0.6141873053292295,0.5097593112671406,0.48649949774446016,0.552238484424147,0.5705165169637654,0.561464779661665,0.4439052411287941,0.4802930524238171,289,668361_fnca,0.5003554402421659,0.7435198895173993,-38.09675061913481,0.7154609563706686,1.9999689073133704,-38.59308958070757,Procedural,0.4963389615727607
671855,0.5553569376310685,0.5267756819857703,0.4607146105945629,0.4744238360409759,0.44782843977767683,0.531367444787129,0.48798173008798607,0.5752100389464221,0.5698638072346973,0.5436397392036288,0.5181840502103792,0.5022743884029682,0.49889014178700564,0.5623208959465699,0.6515672755970336,0.5053706904037072,0.5941538748923042,0.4774406954908488,0.5155042748270761,0.5690254896939371,0.569131045560296,0.58339130821258,0.4210507652963173,0.4193066901256419,298,671855_fnca,0.4740255703537328,1.9999999996028612,-44.03101486159025,0.2137260751431409,1.999999999999826,-46.498325467479106,Procedural,2.467310605888855
672756,0.5614717970473753,0.5278332977475254,0.48200693157907226,0.47999978176049674,0.45450172476786377,0.5851720834960539,0.5134638679224163,0.5754620442934139,0.5634659341568959,0.556241031965908,0.5645776659700966,0.4980469506054068,0.5081258907402186,0.5795733140495019,0.6549174098639527,0.5478101513899286,0.5975957470874171,0.49320967692490614,0.492189809221696,0.5710610430199098,0.5937865373381022,0.5795645248084932,0.46140167115308656,0.45976177364362103,319,672756_fnca,0.0270619007082155,0.1265519404691942,-42.30926574932047,0.1891693025608444,0.819939579322235,-41.67736356006315,Declarative,-0.6319021892573176
673455,0.5755329398329233,0.5333334406950998,0.46493528873199247,0.500037039220549,0.45719076698990224,0.5901644921927258,0.5347301020187099,0.5875235391217231,0.5673953754120189,0.5566955149119452,0.5356256177253581,0.535827597436297,0.5031724462077491,0.5704770562773,0.6499144837854871,0.5355252007073535,0.6172361402677041,0.49328988397000034,0.4887820321239971,0.5814060759306687,0.6066739103372017,0.6219471064903241,0.43031475785823775,0.4362885860906317,202,673455_fnca,0.0100000025320401,1.4150751227540697,-42.958893410522585,0.0100083425470373,1.9999999992751716,-44.15468749507185,Procedural,1.195794084549263
675661,0.5801490753332509,0.5104992598614906,0.4372289857639294,0.46437488970327145,0.45501876835545163,0.5908934630218424,0.4940360396752361,0.5665155969064793,0.5696859598920075,0.5271139421401935,0.552732635089359,0.5061412345087288,0.5114890203903272,0.5864791798130192,0.6456189165923089,0.5555900956228207,0.6001429424555393,0.523872136337349,0.4543021361956695,0.5661385914774055,0.5764604150319089,0.5477757780712473,0.4455908812818416,0.4700279560514872,478,675661_fnca,0.8265123226224305,1.3783435311157106,-41.66591564734063,0.4574138719400534,1.9999954564126416,-43.533360397864534,Procedural,1.8674447505239016
677766,0.5449738042222985,0.5227577100758477,0.4724186964983884,0.45489715985754514,0.4495731862762564,0.5559009403473156,0.49066840522929944,0.5516203804090604,0.5385807731135089,0.5336015722881832,0.5602193271560116,0.49606130391541453,0.5179774111381192,0.5413667810939727,0.6553562786504563,0.5116766314068587,0.5846561218133921,0.5027709472888264,0.5042108899074942,0.5310408839490787,0.5616720837286863,0.5724442043817026,0.4377717489654316,0.4756840405084511,899,677766_fnca,0.0100468517375781,1.999999998432633,-44.504840198498776,0.0100078216101493,1.9999999996626991,-45.691217421683135,Procedural,1.1863772231843583
677968,0.5495279366866923,0.5498139350620315,0.48868207875067393,0.46568303819508194,0.4673368397649853,0.5743860680996292,0.5132658433467379,0.5610196066560406,0.5454944538452364,0.570126284505039,0.563837947056016,0.5221491118202423,0.5275637509386278,0.5640328350706794,0.6616131255782343,0.5175850207273203,0.598632147370719,0.5068570920685842,0.5032294459710481,0.5774413854154319,0.5547082532401687,0.5493257123853796,0.4523100517295402,0.4600598107072081,15,677968_fnca,0.0100424218889415,1.9999999994246072,-44.37630658838017,0.0100553452815693,1.999999998457928,-44.57479124743975,Procedural,0.1984846590595808
679568,0.5652855341407598,0.5517135109412609,0.4893635768755928,0.49299391628338607,0.45591787794226873,0.5521821795716386,0.49607645046088344,0.5670235677727997,0.5599519319623473,0.5695630218656261,0.5326468556339939,0.5233607126697835,0.506073428118275,0.5943734979306946,0.686792036321682,0.5161459753439805,0.6215660823472995,0.5114477515072565,0.5152326408594841,0.5809845253854784,0.6022983087110098,0.5915498487953204,0.4337313005275141,0.4411837910653545,543,679568_fnca,0.0100416977212701,1.9999999997690847,-43.67562184621953,0.0100386082452973,1.999999999194026,-44.11368369700689,Procedural,0.4380618507873635
679770,0.5965423716402986,0.5119745785309459,0.456409464439458,0.43771783903797273,0.4523469752555551,0.56146739537545,0.4918581636357432,0.5372776645934177,0.5362237523552639,0.5179623764099354,0.5485668724550542,0.4775380843951515,0.4997666632967286,0.5685736694507791,0.634432699204805,0.5789191463571651,0.5668234980278991,0.5176767515646985,0.47860654180095524,0.5480718244612867,0.5430921486722023,0.5479133326414112,0.4304302121440939,0.4674147798200516,371,679770_fnca,0.3888120786384675,1.999999999783611,-43.209289081887185,0.156657204655872,1.5414080119087523,-43.1065923040843,Declarative,-0.1026967778028833
680250,0.5320679122249965,0.5297793535928668,0.4648858500087099,0.4890450119022174,0.43580360332521,0.5094205101430385,0.4546032958147868,0.5530689965895729,0.5259614802925396,0.5462008293363053,0.5117223568204796,0.5263807765471626,0.5021166901715438,0.5685399622309194,0.6417650400804402,0.531007757290756,0.5772601046904474,0.48004224886314356,0.48675749170124866,0.5365495692199951,0.5510678347217888,0.5705338654094093,0.4311622502145232,0.4550735276513236,348,680250_fnca,0.6823941974063623,1.5816061668764474,-41.84210040645611,0.732215006163079,1.99999667550978,-41.70286811022445,Declarative,-0.1392322962316612
680452,0.5306725042170654,0.5123494317264017,0.45285553309895915,0.4395512637238657,0.4491865460773419,0.5265776551903624,0.45670476759758993,0.5566433791581276,0.5671025079039952,0.5159265522567857,0.5467132817648273,0.47643951407948487,0.511398521443274,0.5430207974843616,0.6230585487496332,0.5267767975946351,0.5569033198661111,0.5189248646848785,0.4592888158933631,0.5518717000290351,0.5627560008968898,0.5451982644647283,0.4086841209801738,0.4504589912158032,788,680452_fnca,0.0100467110488993,1.9999999984445664,-41.6314037838371,0.0100302396391603,1.99999999996844,-41.928315914991195,Procedural,0.2969121311540945
680957,0.5215375787327888,0.49884596354857924,0.457090362118793,0.4640370938030398,0.4498308732155904,0.5577672127839756,0.486891116045151,0.5706351916097391,0.5609175625787413,0.5421235171975924,0.5297941715293915,0.5157309656385212,0.480285918331496,0.54264589037508,0.6617072231880846,0.5422903120891448,0.584484859540772,0.4702843085884604,0.46984448221521413,0.543967425169857,0.5683876664223636,0.6064669065251552,0.4030503763832347,0.40473186327674626,946,680957_fnca,0.0100581560789465,1.9999999994709936,-44.41520496696277,0.0934390068134678,1.9999999987840953,-44.91043242996438,Procedural,0.495227463001612
683256,0.5555285269835496,0.5521141579522117,0.44923054206494556,0.47438901946206,0.44690120518434673,0.5618915909572357,0.48962085712436804,0.5536445020135051,0.541737060717654,0.5535144906379778,0.5635170042937566,0.5334129457430724,0.5435641322808391,0.5636306044066515,0.6522960492120504,0.5637513330457016,0.6077410912017169,0.5182874455390579,0.4910553398127102,0.5654816486544905,0.5805462216301732,0.581314781657613,0.44057754667670956,0.48737717116756224,313,683256_fnca,0.01554182684826,0.0485080936418922,-37.56384775222727,0.0100456453308557,1.9999999983986436,-44.17027897010234,Procedural,6.60643121787507
685058,0.5567114464592525,0.4966365793412521,0.452610631226814,0.4580074939507054,0.4258685352142227,0.559270310028014,0.48548439856767195,0.5630412838953702,0.5782569999600501,0.5446553303347157,0.5192075751072975,0.5170512889312383,0.48985140722194115,0.5672332379698215,0.6503131492061374,0.5686943073921583,0.5958145967252478,0.481871089729904,0.500170587550751,0.577060540638034,0.5730469249122364,0.5772254381758914,0.4308124945180986,0.453110928012079,110,685058_fnca,0.0100014019052733,0.095535605644546,-43.05223048411274,0.0100000004846426,0.7336381066127508,-43.17205537037635,Procedural,0.1198248862636077
686969,0.5294823699370038,0.5085447084024932,0.47268563003989755,0.4715761093790516,0.4466489790517392,0.5532157899500943,0.47968392096561063,0.5835766120822923,0.5885423761867451,0.5126061893307302,0.5078388173671626,0.48693795139059476,0.4961108750153078,0.5534023259444765,0.6371078649619656,0.5084231540275036,0.5744869538502099,0.45748067299794803,0.5030159594957505,0.5367412383623751,0.5528193500487074,0.5739154851520817,0.39593381719225235,0.4177658798450291,795,686969_fnca,1.386973628482554,1.9663828426248904,-40.562577691771565,1.530283005804996,1.999961929496852,-40.91844268603174,Procedural,0.3558649942601732
687163,0.5659868984398726,0.5297784589529151,0.5046705531592669,0.47581585990663194,0.4461399922020135,0.5544833063157847,0.5094619475961302,0.5642266294292955,0.5515884829345609,0.5608449779386302,0.5354149098297216,0.5171145026048847,0.5005024275353136,0.5745122797555999,0.6507085435404868,0.5661761289592311,0.5771683280459474,0.495966598454271,0.5225263592662038,0.5659831540700456,0.5703953502727185,0.5844844830871376,0.4480788862169225,0.4579236924075515,828,687163_fnca,0.0100632860369515,1.9999999984497472,-44.53915249757416,0.062681786253675,1.999999999531904,-47.85935577376016,Procedural,3.3202032761859996
688569,0.5669310470978262,0.5450688162470043,0.4882180819546253,0.496334344719723,0.45807003662477563,0.5414782212781968,0.5129301549792806,0.5982821700814125,0.5920440900632808,0.5704016940433223,0.5488425301058186,0.5304150958537938,0.5090800947678268,0.5710816940667162,0.6571309122924397,0.5382730631273238,0.5968959398584,0.50191025043369,0.5153766490440973,0.5693374482739368,0.5760410104770389,0.5842853355860125,0.4736345131279892,0.47439234332735625,243,688569_fnca,0.0892445322363296,0.9798304675102302,-44.053119543516665,0.0100000013131935,1.9584707077865615,-43.85859135641646,Declarative,-0.1945281871002038
692964,0.5901306056270854,0.5128651326111011,0.46243484911963617,0.44521012627708345,0.4617448632259412,0.5573476951222154,0.4957537261914324,0.5501719202697394,0.5444329725031402,0.500357157892302,0.5555844763422444,0.4623801576740867,0.494881639110615,0.5586001091854422,0.642920200061074,0.5728749058005831,0.5671430922719111,0.48434532089650406,0.45209268394460445,0.5469898820636642,0.5623198331538501,0.5513090601235549,0.40712413566261846,0.4446445383945013,146,692964_fnca,0.0100005942505549,0.1231265677822288,-43.096943351848736,0.0100000008103034,1.2984831223439102,-43.65754439629692,Procedural,0.5606010444481839
693461,0.538724207399743,0.4907055085751156,0.47800144329750455,0.46583743362655805,0.4482443864387311,0.5282938985358658,0.5059028614956993,0.5383518458682977,0.5364510881204863,0.5497066774299573,0.5093173015606336,0.513588777188239,0.5075961330456084,0.5386143612119798,0.634354340491444,0.5360036652293337,0.5884891602689294,0.4759630130070808,0.5160092328047461,0.5589012897713365,0.5546443355113475,0.5534145835882103,0.44835119910604343,0.4127389551020726,136,693461_fnca,0.0100000000041776,0.0552288443956938,-41.95163287047998,0.0100000004385313,0.6261413669828362,-42.63194482371859,Procedural,0.6803119532386077
693764,0.5485090831380929,0.526580339948166,0.4707241871020148,0.45729750292503907,0.4344721056386585,0.5367866205759685,0.47263862104204923,0.5437156204884773,0.5333316537512083,0.5411161178260849,0.5198878988514685,0.4872273270522555,0.49664278429220987,0.5380318335218843,0.6598384154976706,0.5505123810444745,0.5683480241957017,0.47395118573816286,0.5240268943760942,0.5575922777947463,0.5373507433183575,0.5656967180854299,0.4290409284910958,0.44586665249183505,152,693764_fnca,0.4668693731788653,0.4667908744181646,-37.750467044741704,0.237144042171715,0.9598412255267262,-40.25745615117821,Procedural,2.506989106436506
694362,0.5610316907939871,0.532107770679724,0.49422810200261125,0.4545399268774887,0.4689089329871312,0.565670608746883,0.48814437637026864,0.5674690847923598,0.554225139862668,0.5280590638736872,0.5483533389368932,0.5136455186753666,0.5309667781545615,0.5835041097126438,0.6508017381039112,0.5453926857463423,0.619251947902991,0.5354675061791191,0.5043944978231927,0.5779504839607956,0.5906854564075639,0.584208379251751,0.44236213704937294,0.46111102234833723,549,694362_fnca,0.7093058962506814,1.2494951752456211,-41.26211837326394,0.2829813715814813,1.1932754277383215,-42.32476313598626,Procedural,1.0626447627223214
695768,0.5754348552729802,0.48253000949410607,0.4995085720676219,0.4855867594848018,0.46201588369286045,0.4979362118406276,0.5325964230689063,0.5849869348215168,0.5751777118433113,0.546382540313401,0.5337842843956274,0.49127100922456945,0.5093095607374252,0.5746721224640394,0.6472618910095433,0.5420723073262278,0.5879715035448762,0.49692538308211776,0.5327673246072784,0.5682463391797821,0.5853052347746884,0.5670756072604555,0.41753489164994656,0.42048634992528294,593,695768_fnca,0.7546887438815695,1.2085864992716284,-40.30675146156749,0.4653159423124323,0.827453367153917,-39.26505835448383,Declarative,-1.0416931070836597
698168,0.522432300354916,0.4837819098381988,0.44606764192423454,0.4250386812918098,0.3973717696337946,0.5104107087974303,0.4977102732106063,0.5271705766175673,0.5216025740694806,0.5108426514792388,0.5053805875699247,0.46913060606232426,0.4634166601956838,0.5350027229125647,0.6229935277747577,0.5332234210038856,0.558940777500561,0.4515648758438132,0.48467852151212604,0.5218895998818052,0.5497778606360131,0.5374386442524524,0.4153066179066293,0.44981487538400267,65,698168_fnca,0.2457029738134828,1.5517983220469307,-43.37433621890365,0.196254237443289,1.989726954913216,-43.57222435045431,Procedural,0.1978881315506626
700634,0.5233241560463271,0.47909386887360617,0.4749237866969092,0.44648472521654237,0.4270315850158633,0.49081190989061907,0.47166616700635994,0.5359127524948343,0.547156621537071,0.4978888829883605,0.47591489982815466,0.46188441556648846,0.47097508625725404,0.5135636466779502,0.6299905042583331,0.5101172109532572,0.5277548823246403,0.45643998611163517,0.4948898344780232,0.5242073234780252,0.5201454491169608,0.5390966632615313,0.4154794201137797,0.4040931153638697,401,700634_fnca,0.7291386615511367,0.5905860257700901,-34.25849264275938,0.8001407012094339,0.6846463087599968,-34.53263773911687,Procedural,0.2741450963574934
701535,0.5704248112726322,0.5580392917296598,0.5052638631151318,0.4648657344239545,0.4494543738532576,0.5707429871424504,0.5162176757865653,0.5631344361603435,0.5415931241370074,0.5459689577112169,0.5247841913272719,0.5277217156714186,0.5078703706014458,0.5809618948224484,0.6537447450266572,0.5394379015175371,0.5872863683012646,0.4914469906180973,0.5026985458124594,0.5963124357291255,0.5823606919643032,0.5837470274615189,0.4341879282306759,0.4658236679638207,779,701535_fnca,0.9706363572670776,1.158866593154266,-39.57194919925638,0.2698600287148429,0.9059033305307932,-39.03678522367488,Declarative,-0.5351639755814972
702133,0.5825203525334662,0.5620249987156196,0.5044532953929269,0.5009583988295392,0.478931915991631,0.5530210890146656,0.5241162685113454,0.5921389009802364,0.6037551978038672,0.605455171455452,0.5830668543375911,0.5574827650016272,0.5398566179425994,0.6044578728993698,0.6878852736010278,0.5485424819166862,0.636505717725626,0.530745823686004,0.5562976535858716,0.5923991254352745,0.6269825857724577,0.6069058685798758,0.4460932282291941,0.45837088238538287,649,702133_fnca,0.0100525173460885,1.9999999998249256,-43.02060899544937,0.01002607131538,1.9999999992955897,-44.80871961149018,Procedural,1.788110616040811
704238,0.5604418325798707,0.5334096521364371,0.4830301946186853,0.49041038817511967,0.44139778323799933,0.5386238264802343,0.479986465055182,0.5672224886943557,0.5702732040823028,0.5549950971859673,0.5063523596996002,0.5300837810611867,0.5067460816793747,0.5452563961360003,0.6740668172439964,0.5015190391711414,0.5868185921865022,0.4887954839912007,0.5053045621259511,0.5494727240563333,0.5845580451076665,0.5961501517596234,0.4281004118673121,0.4275796850342259,850,704238_fnca,0.01004563106396,1.9999999995851192,-44.50171019301061,0.0100149922266317,1.9999999989384527,-47.28883001527164,Procedural,2.787119822261033
705341,0.5303018010322759,0.499845664780225,0.47486102454575624,0.4859080027982824,0.43801711585137715,0.5496600080747226,0.45280001142613535,0.5288777830145325,0.531289457639469,0.5636929337605816,0.5100244655544554,0.5297753119982995,0.4908833754998739,0.5340208143988563,0.6470789293530693,0.5415945868768337,0.5722581198269495,0.45511883639394407,0.5013305138324858,0.5369273025523402,0.5624059251714602,0.5738664261976306,0.44260712211690106,0.44454021400052485,710,705341_fnca,0.9616777143874868,1.2754995928445685,-40.746601674433784,1.06360185035649,1.999967492389072,-41.87665538293913,Procedural,1.1300537085053437
706040,0.5560390916501605,0.5415694450354325,0.452427414353038,0.4713273516461171,0.4308851385933245,0.5601765849387733,0.48682998068300853,0.5871597384531427,0.586164137004117,0.5557882989069154,0.5406147207183324,0.5287794267539592,0.5037105934082873,0.5968411930601395,0.6550838018668651,0.5468229562067882,0.5819535871627808,0.5090228838495536,0.4872678885435032,0.555065820930677,0.5755680222620431,0.5703516624846372,0.4017914062984444,0.4363598220876775,452,706040_fnca,0.2518178113991011,1.999966115046528,-43.429458791118776,0.0100053016231352,1.9999999988272417,-43.31904982585639,Declarative,-0.1104089652623869
707749,0.5644890481226716,0.49476086770297184,0.4820089782293529,0.48744869667876256,0.45447382190834623,0.5123327522909701,0.5088312282091909,0.5944488763858441,0.5773056149042403,0.5443492582017891,0.5205982204012618,0.5083336961482499,0.5121640602074656,0.5637944178756209,0.6586566031002425,0.5275252721711922,0.601355062059152,0.475197685365495,0.540490108202263,0.5673063196894844,0.576645233896331,0.550092572248214,0.44241686255897017,0.4352335561486234,181,707749_fnca,0.2241680674633099,1.9999393746370997,-44.34198833585528,0.010000000912698,1.8542652183686883,-44.08582450256082,Declarative,-0.2561638332944582
709551,0.5696666299842645,0.5182615804330201,0.44683160287575796,0.48450738906331886,0.44310678424788913,0.5238195876412879,0.46569494395121525,0.5856123606101069,0.5501337238452239,0.5536516590697267,0.51838526911861,0.5096442377157784,0.49622967966659565,0.5595573705448569,0.6618623638886726,0.5419258660965078,0.5874004692998023,0.47566164581327164,0.5049827659387648,0.5779075776776303,0.5739345528760713,0.5675505430683778,0.4300114798070132,0.44781251376544856,308,709551_fnca,0.0100459714086559,1.9999999991274888,-44.450724285168775,0.0100124625815877,1.9999999988982229,-45.7836913385457,Procedural,1.332967053376926
713239,0.5483094463439561,0.544436280181079,0.46973675149206995,0.46390514604793426,0.45091944695347186,0.561992717448419,0.48778180097155077,0.5456711933593652,0.5292973125433922,0.5332015492016845,0.5183798774733576,0.5009563418572811,0.4943612437470605,0.5751744217764039,0.6458722489011843,0.5119174311074763,0.5900377861673846,0.5094022187319571,0.48060908623019377,0.5627269202702389,0.5774442240809641,0.5590031951466227,0.40728653156919903,0.4166976685614779,484,713239_fnca,0.0100464600096367,1.9999999992425608,-43.819987624201616,0.0100203392111189,1.9999999999168665,-46.868390691086205,Procedural,3.048403066884589
715041,0.5349032928410554,0.4810534993002245,0.5001235618936697,0.47234579070959043,0.44122447907531864,0.5065688899335522,0.4889197818886765,0.5599987358164302,0.5456656075723161,0.5402790411438247,0.516094956971081,0.5079647642093896,0.4948052268654465,0.5269224757979462,0.6516203088994926,0.5045152877694157,0.5660698843763576,0.45206801837620697,0.4776687802236971,0.5576242496314222,0.5299681123688597,0.5650209566832401,0.4090891921298293,0.410109820385936,99,715041_fnca,0.010046604244561,1.999999999256448,-43.014498734106695,0.0100269305672254,1.9999999993238553,-44.06721758555392,Procedural,1.0527188514472243
715647,0.5578148960796223,0.5123495882942216,0.4888039902887418,0.5023834504803573,0.4578145201369226,0.5404857807191839,0.4675994900721453,0.5822359253168208,0.5665483104609315,0.555642916675565,0.5268387357563848,0.5124704490070823,0.5047247466086093,0.5577186650164778,0.6678904113958395,0.5339264520569015,0.5968870023622295,0.47996147833912667,0.5352914303759753,0.5729040499031783,0.5763197481592086,0.5818222285496496,0.4356835317320897,0.42538730266711317,64,715647_fnca,0.0100461772245693,1.999999999203212,-44.43801447548774,0.0100179728405719,1.9999999999798657,-45.55360526499904,Procedural,1.1155907895113018
715950,0.5595533530134744,0.5804595154639502,0.4917012316380424,0.5024572991012873,0.4500571856095408,0.532955964702593,0.49566293429524655,0.5818767899096025,0.5914587045032021,0.5679730244675912,0.5390197785174025,0.5426890884794492,0.5369209982635694,0.5829470390011782,0.7022881794865004,0.515187025084577,0.6193302463542264,0.5021040549338367,0.5230196574935502,0.5709581157176042,0.6095887968111794,0.6187298397632413,0.4191685011136891,0.43152543647092484,501,715950_fnca,0.0100618559462698,1.999999999928936,-43.714898455997776,0.1934155095398314,1.9978450277979485,-43.66181168011151,Declarative,-0.053086775886264
720337,0.5692682454816488,0.5349156777825297,0.4866568535922028,0.4715213538734798,0.45780841552185814,0.5275146536060905,0.4547382510527191,0.5576112021809114,0.5516860682151083,0.5480671182480732,0.5004463262725591,0.5011361405637677,0.48801815840025925,0.5612403562680217,0.6680226091046373,0.5129431319280556,0.5747692237490513,0.47314538804215917,0.5042973248711909,0.559289230080787,0.5535238467956609,0.5681050436901512,0.39057924533569927,0.41401072472229106,852,720337_fnca,0.010046151121643,1.9999999991985136,-44.432660615234326,0.1338979103947585,1.9999999998533744,-47.383224265933315,Procedural,2.9505636506989887
724446,0.554074334761541,0.5432869537103905,0.4749931554964143,0.4217444449580972,0.4253536341813108,0.5368445920028162,0.48020550585412786,0.5625714483724399,0.5632521977082855,0.5231922359981822,0.5078075517379452,0.4948004057843265,0.5063333227506623,0.5774033764557618,0.6276458688235784,0.5376455003925293,0.5846586187308851,0.5071769740898633,0.4885560585312728,0.5784507155019323,0.573547792904866,0.5725717882887078,0.43231250060814813,0.46190015268451284,613,724446_fnca,0.2675484023458289,1.9999999999999096,-43.52823753040301,0.2471338636085539,1.9999995209150312,-43.809980342686075,Procedural,0.2817428122830634
725751,0.5779149866670662,0.5112403099169728,0.4622026970788076,0.4771443199582255,0.46123034358727877,0.5734951720222726,0.5042992659004881,0.5797718116068802,0.5798499280920846,0.5661698156751561,0.5416270588946347,0.5304233339368534,0.5365142569974916,0.5769937811067787,0.6635717312940628,0.5472313711397191,0.5936296656362571,0.5026014549131265,0.48568859471783227,0.5606165818317139,0.5844962526585104,0.6081893352546981,0.4430800941244282,0.46070508012321765,222,725751_fnca,0.010045893329635,1.9999999990504496,-44.4148693084816,0.0100268623965606,1.999999999957705,-44.97348713259938,Procedural,0.5586178241177819
727553,0.5401606213700999,0.5338871945435659,0.47507830267372,0.4961644577288927,0.43196627131339177,0.5399224042630791,0.5017451038961678,0.5848298579136711,0.5857353993875164,0.5724579810702266,0.5375197859594574,0.537742460867424,0.5214965403063129,0.589570019705152,0.6735631228908758,0.5147410089676487,0.5964790780936113,0.49392979825841876,0.4964673087933844,0.5623206123556157,0.5971060444569699,0.5927868907414724,0.4422322962942981,0.44323340491236657,639,727553_fnca,0.0100466632616508,1.9999999983825751,-44.40491211659885,0.0100000003369744,1.999989417070354,-44.835023510831626,Procedural,0.4301113942327816
727654,0.588679582140007,0.5541371609201923,0.5013184992851052,0.5059360349231106,0.46636000860814975,0.5976698742203459,0.4998209577099317,0.545592695572452,0.5428804432898388,0.5570585696215803,0.5658648199992505,0.5166034642841874,0.5213447433030711,0.5854450164627035,0.6183096883737474,0.5516307241444293,0.6190261492207327,0.5245771364358848,0.49552354110935626,0.5826234338840927,0.6046732704534408,0.5759376674399312,0.44987375962978654,0.4893037591323782,366,727654_fnca,0.0100649218398783,1.999999998386922,-44.39383189820032,0.3091067643055428,1.999999234945517,-44.37401288883216,Declarative,-0.019819009368156
728454,0.5714014542038409,0.5402197266682297,0.49688010229364304,0.480238667501008,0.45740846992697615,0.5591919930747643,0.4958796571801159,0.606844801130691,0.5885999983131771,0.5504693411754855,0.5485179408148977,0.5251046999209643,0.5198888784936723,0.594448304635889,0.6678469114899661,0.5724872385957406,0.6203525002642457,0.5065105546902182,0.5310482922956498,0.5792180650515513,0.5897112538052001,0.6207345610072863,0.4111735492903452,0.460292269820657,909,728454_fnca,0.0100000000248085,0.0961861303861591,-44.00840169136416,0.5277516227257674,1.9999999999999112,-44.47849139732902,Procedural,0.4700897059648667
729254,0.5610231900582509,0.539302081007458,0.4930115502867744,0.47503895331666457,0.45688519664521066,0.5623096710524261,0.5169234778979991,0.5847202486653217,0.5843585674320334,0.5612145126079323,0.5657641098515177,0.5179705935361578,0.5261149968687764,0.5893891119690541,0.6554795823784736,0.563524171624439,0.6159410378045737,0.5085662481612789,0.528636581811229,0.5900249124889274,0.578083695559218,0.6105886888666353,0.46963124751013735,0.46612558080114147,525,729254_fnca,0.8587080366237761,0.6733463764229697,-35.46529678009121,0.4701979599119316,1.9999999990925732,-43.4086485017043,Procedural,7.943351721613091
729557,0.553645982971747,0.5069681916386286,0.4994032573541736,0.48109232978562533,0.45289399227284877,0.5397989833203031,0.5001303826014254,0.5637371213630139,0.5546252188773785,0.5424785207197297,0.5408743252145755,0.4972852263401289,0.5078132450756382,0.5572518184818285,0.6692109054316923,0.5451866368118782,0.5851451296004703,0.47565602577029686,0.4956302001788082,0.56435039958029,0.56933342595749,0.5790837632913406,0.38947733883503177,0.43139981042724607,711,729557_fnca,0.0339692193127546,0.8660574758617878,-43.45344695621563,0.253427992309669,1.9999991854761976,-43.27386992726671,Declarative,-0.1795770289489198
731140,0.5544225783083239,0.5082597199886691,0.4471074259916298,0.4523970356462643,0.46080247658397455,0.5495204403965652,0.4783168505439026,0.562715812223389,0.5610501624609243,0.5531925283573133,0.5556475494743823,0.5225344808516471,0.5224914893945979,0.5700435924151597,0.6539024973104175,0.5254084596500833,0.5891719457686652,0.5029233300220671,0.4560490845729199,0.5673258191316706,0.5734387622313204,0.5665360640780498,0.44256316831097736,0.4574293196224635,762,731140_fnca,0.0100449361954204,1.9999999997143647,-44.44279227046047,0.0100117956046019,1.9999999995879028,-44.90784254109751,Procedural,0.4650502706370361
732243,0.5326566867850712,0.479699747580215,0.43826592007242704,0.4507782334534208,0.4618012258454005,0.5533354030185451,0.5098112609289229,0.5827392403738887,0.5703523095179536,0.5527957508532274,0.54957643593183,0.5133397294549957,0.535317610554089,0.5935419851061626,0.6657538882679834,0.5058847654641347,0.5866696833727942,0.502702489056338,0.4905641375725901,0.5616223108601955,0.5707931913718071,0.5707971770043855,0.43363441051578777,0.44115278559448506,807,732243_fnca,0.0100005815147992,0.1792680274848223,-44.0085475599297,0.0100244591486841,1.9999999999393965,-44.23017944844359,Procedural,0.2216318885138903
734045,0.5945333634794239,0.5421278749736426,0.4977249736529547,0.47737209762932514,0.4574471964308471,0.5958875474956001,0.5186110172524326,0.5578456865460678,0.5486745343122051,0.5688316124473819,0.5575071658252777,0.5231338938069018,0.5120580789073919,0.5822284701799035,0.671839255315099,0.5477080998355786,0.6012349989568562,0.5388246597800568,0.5199242523852959,0.5761465734822316,0.5792932941716472,0.5991114059468196,0.4398623685536829,0.4651353834705347,20,734045_fnca,0.0100404326892467,1.9999999990226969,-43.677168985040325,0.01000202538347,1.9999999982640912,-44.413700056095834,Procedural,0.7365310710555093
735148,0.5444406104409395,0.47054139694721003,0.4574584981983269,0.44403108159870003,0.42787791170351963,0.5297082546067302,0.49202991832877685,0.5676789672175814,0.5564271646617348,0.5126771382625172,0.5024843737986017,0.4793057297598719,0.4839362537181467,0.5587414754204992,0.6479938905070116,0.535282221847629,0.5509838606419754,0.44743603096761214,0.4542224219208629,0.5505219189386856,0.5454405018365915,0.547930111911205,0.4038232379577317,0.4319281119393596,497,735148_fnca,0.4389715815736163,1.9999556801897236,-44.24625315404703,0.1036546378935925,1.9999997877633595,-44.43639054689896,Procedural,0.1901373928519234
737960,0.5446365208325703,0.5279489145182572,0.4951227883167706,0.4820034867195583,0.4573641308453555,0.5493707280334514,0.4846651521282851,0.5709243478989882,0.5679105382626171,0.5674846622468082,0.5448663560127723,0.5200016018670914,0.509949448311032,0.5517309056535501,0.664342595796549,0.5173899614538345,0.6058388179291111,0.48852198008762476,0.5220878355545697,0.5550202954817699,0.5887609663926258,0.5841318516270912,0.4395910134843718,0.43169104463061436,107,737960_fnca,0.0100001104387425,0.6510804286030335,-40.18124566062271,0.0100222044078852,1.999999999571144,-40.44098156135632,Procedural,0.2597359007336166
742549,0.5284914493044215,0.4957329274486718,0.4378234273519444,0.4628547390756903,0.4245274610383667,0.5205620722655907,0.4656707143908052,0.5619012048760879,0.5426529682640677,0.5329394519408946,0.48712475834580304,0.4972385643381315,0.4824978269084745,0.5367790013815308,0.6309955373930192,0.530963441956288,0.5542594620886748,0.44717718138630813,0.471565568549328,0.5515605766501069,0.5365346505844393,0.5567714464595115,0.4114462313628068,0.44486194101265264,162,742549_fnca,0.0380874842136886,0.1514641632476626,-42.59260740506265,0.5722178985366275,1.999970168810692,-42.90072759869896,Procedural,0.3081201936363058
744553,0.5557131257483774,0.5452234809632792,0.47619499096564205,0.4718620025965599,0.463434523051221,0.5479345802782144,0.514023827217314,0.5772112738033548,0.5699518026820733,0.5314936103322766,0.5298793446757973,0.5195913753819554,0.5145398726020713,0.5785438283258424,0.664357731719549,0.5421960160375353,0.6042726386508163,0.5318865522290628,0.5104400351171096,0.5715367403909165,0.5958250049618666,0.5812982661862793,0.4160083825888413,0.4510447076897986,591,744553_fnca,0.0100621096623327,1.999999999940662,-44.3809789749069,0.010019044855081,1.999999999878572,-44.546299945688126,Procedural,0.1653209707812237
748258,0.5595777727660641,0.5679826896916303,0.5049504208788551,0.46317020825771765,0.47029712900764875,0.5529523130082761,0.4872650992354165,0.5839428846770516,0.5788615808774793,0.5580923241935065,0.54341464234896,0.5329346879443593,0.5381721146614278,0.5911961955726719,0.6833217286478636,0.5250627421605337,0.6047097401017694,0.5230975519750463,0.5249453186705862,0.5836441657806043,0.58979384819636,0.6046876931405945,0.44097826746789326,0.4670032479127169,768,748258_fnca,0.0100457223867138,1.9999999991709083,-44.52897330308525,0.0100166284870246,1.9999999999317268,-47.10379874227347,Procedural,2.574825439188224
748662,0.530504725287409,0.5383733327807493,0.4743990267062314,0.4711207367647768,0.45124117340722153,0.5415048124116906,0.46427143508661756,0.6026375468350502,0.5894917650066838,0.5408452507128987,0.5340312814952701,0.5001388672743817,0.5077254451060123,0.5784020115476997,0.6774324015508938,0.5280734862752557,0.5978794206188787,0.4888831140844541,0.4986989528631613,0.5726777052085881,0.5764949880341935,0.5808641862473642,0.42257885241998694,0.44172251231772003,642,748662_fnca,1.461888252242719,1.9999999999999152,-41.49986937971873,0.0100322058647961,1.9999999997228304,-43.329964811781785,Procedural,1.8300954320630536
749058,0.5469009343152366,0.4960750018060185,0.4846986420031015,0.44894713365740885,0.43154122810004203,0.520546862309487,0.48577845201271147,0.5571700241079539,0.5575737874422599,0.5192069583307489,0.4848794164573308,0.49608287190042183,0.4830574001670781,0.547536876061575,0.6483783052528339,0.5321150744567538,0.5858357055737609,0.4545511531827142,0.4856200901122144,0.5378099654483306,0.5560696472544856,0.565718384722151,0.4428715736726048,0.4056585468373214,750,749058_fnca,0.0100466009757867,1.9999999992555249,-44.42255230581593,0.0100361762760482,1.999999999044335,-45.682127224853424,Procedural,1.2595749190374974
749361,0.5640686399524736,0.5203248115278791,0.5178103559857746,0.5073344865589151,0.4595851999125508,0.5335069781908369,0.5141333080778098,0.5774581369623102,0.5575732413597604,0.5755465572349199,0.5385834696500713,0.510105122279468,0.5047794655393063,0.5580622534644973,0.6444202684712442,0.535338563296302,0.5696273917018203,0.4907792372414074,0.5463954224706729,0.5604484380620306,0.5595652250169313,0.5706004985343269,0.436967859920301,0.4424097704379007,592,749361_fnca,1.2489863217006711,1.9999999991345592,-40.32760320991533,0.3580537188414733,1.999985071929436,-41.3303429411214,Procedural,1.002739731206077
751348,0.5692205672497843,0.5497668312863773,0.4687890362310506,0.49077015557848147,0.43853456645932226,0.5516054903759539,0.4718503425645173,0.5727804778944822,0.573054314201931,0.5687855877617224,0.5415806955980939,0.539894846094644,0.48754250811913413,0.5614998589348238,0.6667745938115397,0.5550334407752007,0.5835976398894424,0.5086798300135862,0.504071593434693,0.5529699724317171,0.5708290110279569,0.6024994291781458,0.45046132707511716,0.4489155883363434,113,751348_fnca,0.0100405875827613,1.999999999137238,-43.050415684596985,0.0100018843939309,1.9999999983152543,-43.51449268344944,Procedural,0.4640769988524553
751550,0.4984767693873018,0.48595884306696135,0.465637709222388,0.443817784556824,0.43070778680055966,0.4688448905074442,0.4790940581907875,0.5631649139319403,0.5446070884229068,0.5176810732846024,0.5087086954714979,0.4917139871139699,0.48800403284863625,0.5439701749918571,0.6225458351866253,0.5210564817420965,0.5851745672590389,0.47249518363898635,0.5009439995722568,0.5134964023330769,0.5550478750748785,0.5477898612147639,0.4259320542819502,0.4192975834137503,619,751550_fnca,0.5106510752523227,1.2010668744947035,-41.777438690429726,1.1202829160899077,1.9999999996369304,-41.27449883910917,Declarative,-0.5029398513205621
753150,0.5883176054512816,0.5516962853095272,0.5417636953485929,0.45489914960603905,0.4760564756826723,0.5617626419323958,0.5157686449137925,0.5571770869720206,0.5599294579132199,0.562081354887436,0.5922373707059009,0.5151589826851639,0.5371510072218665,0.5687011023739423,0.6565959073937687,0.561238746085196,0.59047126276599,0.526010459950533,0.5346274399309497,0.5781345413309269,0.5770094409456509,0.5808272179921012,0.4735886704553986,0.49077771445309426,586,753150_fnca,0.0100422383628808,1.999999999723092,-44.47610874725714,0.3331938932784611,1.9999999999999345,-48.534386819798414,Procedural,4.05827807254127
753251,0.5525904611982313,0.541800317930702,0.5052242710440311,0.4642421625384816,0.43061442162223346,0.5273986283078851,0.45722222950875063,0.5776118787305703,0.564043664048079,0.5561962482607886,0.5267076406388528,0.5372212628260633,0.5172296309721268,0.5682112279789423,0.6646918492332408,0.5454632062652827,0.6039936889051085,0.5037188417039768,0.5223998174943489,0.5630698576206927,0.5846727050588842,0.5757247211842148,0.4245118501420826,0.4326972523892628,19,753251_fnca,0.0100439650963625,1.9999999990398256,-44.368527833997135,0.5721971820513636,1.9999999686533336,-44.03796976359095,Declarative,-0.3305580704061839
756055,0.5523519990596139,0.4993462337953003,0.4699183037165007,0.4777447120005823,0.4399770571024221,0.5224238974223947,0.5004318892542962,0.5200355296111113,0.5006888519122349,0.541688963369187,0.5180353416288368,0.4949376818751864,0.484419789219754,0.557663603646194,0.6301160297895767,0.5612644306610552,0.576703020991746,0.46425994899830414,0.498006053862736,0.5437256307324322,0.5578450702583333,0.5525862879405977,0.44775781079590926,0.4247769845920841,310,756055_fnca,0.0747664494366112,0.7538941158775427,-42.92652629284768,0.0100000007924643,1.6417404448334296,-42.915019792709586,Declarative,-0.0115065001380969
757764,0.5360201180547811,0.5312005065732714,0.4375756444331857,0.4697278935131534,0.44235683637197293,0.533401844766693,0.4624081156517367,0.5800792072787719,0.5649016428448499,0.5409164369324779,0.5247559240827563,0.5138222301913715,0.5127895237051345,0.5703214781996806,0.6595492591886444,0.5208477930803298,0.5897620549842024,0.497491152087569,0.44021705401459427,0.5533027218210494,0.562128045266809,0.5614145017284801,0.39906530099322796,0.4288817103018063,809,757764_fnca,0.1370725346416798,0.2996864229324187,-37.96596675877393,0.0100000011935902,0.6454590733919336,-39.725719407628,Procedural,1.759752648854068
759869,0.4973433895635889,0.4766393397715559,0.44114601190743613,0.43028623672794053,0.4121032164386642,0.4972546402448527,0.4699383270676226,0.5299311394481879,0.5231431518214126,0.5025948852037417,0.48420968042790846,0.4629783210392146,0.44934561958287955,0.5309256842457711,0.6113834306589858,0.5055035086359564,0.5349626923319198,0.45022933543525384,0.4684745780634376,0.5222224385765063,0.5275596560423695,0.5340144110255117,0.4044204958074611,0.424683885267285,848,759869_fnca,0.0100465633047654,1.9999999992451212,-44.41349557668428,0.0100052729048428,1.9999999982826933,-44.631104658668434,Procedural,0.2176090819841576
760551,0.5519544243797382,0.4999250920531633,0.44189856837181374,0.47657320910191736,0.4538299390743761,0.5258035128882572,0.5009502499532384,0.5796787065053285,0.5680095829111457,0.5600944018501188,0.5101831379566163,0.5313782210445657,0.4909480035140043,0.5611750370354509,0.6214977685572068,0.5607736400827996,0.5754349763541152,0.4929870913258796,0.47362984331229335,0.5533275236230911,0.5580949546013879,0.5744047247407071,0.4151807599200859,0.4480966809368314,115,760551_fnca,0.0100442194518094,1.9999999997525055,-44.42413631241328,0.0100245975481047,1.9999999996723337,-45.349518242079064,Procedural,0.9253819296657824
761957,0.5475952291176239,0.5097516891212356,0.500105524430673,0.4784693248454536,0.4434331130473912,0.5201243764613442,0.507541064522654,0.571775109821461,0.5795147384196505,0.5758084494577175,0.5403312505781982,0.5153992441777123,0.49804031659722875,0.5670258230583198,0.6604656212896827,0.515046490105782,0.5894715052310393,0.4833158337463333,0.5183380773376105,0.567833088604288,0.5632219417368114,0.5719091946073026,0.4288304906808953,0.40595457877021895,248,761957_fnca,0.0100464936531832,1.9999999991986992,-44.437478242489554,0.0100095350070294,1.9999999988839476,-46.129251812507086,Procedural,1.6917735700175314
763557,0.5810485354894384,0.5795541290664663,0.4803417779063557,0.49355215124162016,0.46691293171476517,0.5971383479121668,0.5096905564043126,0.5759080968147137,0.5611011975643546,0.5574824581296656,0.5622079319325427,0.5164117013582441,0.5334628275233277,0.5756078279769593,0.6553132624992386,0.5585843188138647,0.5683611010317862,0.565566627511258,0.4937962293659093,0.5797500191895549,0.5817319951564791,0.5750807639636267,0.4303149582667168,0.4521836224343352,137,763557_fnca,0.6632748202154153,0.2151944948564289,-22.073894993784343,0.1418013821900909,0.1620643884313847,-28.749900690834497,Procedural,6.6760056970501545
765056,0.5530703250922787,0.49753330838374965,0.4414678692351118,0.45120716743492134,0.42991083720692735,0.5171718754593507,0.43301416020744843,0.5577778028847298,0.547986256314753,0.5238951323716802,0.4990383918819558,0.47947936880614006,0.4550348139213247,0.5422726225832153,0.6040714622646576,0.5323504507767401,0.5376787729838428,0.44680440500805957,0.48368557706116766,0.5374696795314566,0.5200338766433504,0.5464958136351732,0.4156662396843264,0.43959896276118954,235,765056_fnca,1.4006142727749775,1.9999999987042856,-42.78047299626072,0.3213077364836587,1.999999999999916,-44.89333317981331,Procedural,2.1128601835525913
765864,0.5352963147118059,0.47306916582001796,0.4781051712189351,0.46270446914701097,0.45027575554439225,0.47631371507158504,0.47883016496844094,0.5411842944950525,0.5298491639531612,0.5417491118657572,0.5191461391447126,0.5048110830158502,0.4989721915209922,0.5489112606973154,0.6276982818429134,0.5333272270620576,0.5670361571877691,0.4711262135195171,0.4967993937143183,0.5416140760701282,0.5440569441930863,0.5411971178272806,0.4579202173706723,0.43460972478110305,684,765864_fnca,0.818261867724932,1.999934501517442,-42.13735495438305,0.2119748345825936,1.999999999999944,-44.417149881466635,Procedural,2.2797949270835858
766563,0.5747126234636358,0.5475334689644216,0.4625707145169975,0.45023373938824435,0.46009078161997025,0.5801386012465312,0.5214976874257093,0.5921123397388199,0.5702059286335168,0.5246203657596782,0.5461801626589267,0.4944634834701507,0.5165437612837762,0.5736415215371402,0.6489957503046193,0.5414607413019787,0.5758964205997438,0.5384198396588126,0.502656362144406,0.5539454886399464,0.5763018891582085,0.5714860817028246,0.46959968790339635,0.4511905526809409,35,766563_fnca,0.0100000000032557,0.1438886370385208,-43.39015367752944,0.0100244561878564,1.9999999997968132,-44.117991527437546,Procedural,0.7278378499081057
767464,0.5608448664649557,0.526443471006378,0.4655433102630934,0.4911782134509151,0.4823746394896712,0.5615090265368895,0.516630761889616,0.6101660562654657,0.5814172794031354,0.5602513683622561,0.5310959434433842,0.5435305785811907,0.5073091513346575,0.5841927600454656,0.6854238478419887,0.5130433213902742,0.6130217215897222,0.5218843079914518,0.5062441859264074,0.5873980712052087,0.6005002260495452,0.6123146696586123,0.4071639183874929,0.41313366831091164,793,767464_fnca,0.0100410177211221,1.9999999992123132,-44.461004118857346,0.010008819048444,1.9999999990287096,-45.97078642058467,Procedural,1.509782301727327
769064,0.5335485751276847,0.503581231324015,0.4716315465606109,0.45982026574247575,0.4341579047947366,0.527903906595999,0.489528621961191,0.544734514449109,0.5313936180299543,0.5209207022785143,0.5214072278419092,0.4875981391499958,0.5004910550017979,0.5421019237005477,0.6655093644877488,0.5120865385554226,0.56502119477581,0.48279474498602587,0.4908205748225293,0.5432881056221619,0.5498978582576737,0.5491840443618574,0.43388359329954374,0.4402743347441338,148,769064_fnca,0.0524330665701391,1.2035650161208988,-44.33066391532525,0.2236059710233581,1.989588701262284,-44.30456218567553,Declarative,-0.0261017296497243
770352,0.5743135097344512,0.538565324871434,0.5318746124038524,0.5219760634047456,0.47640694637379705,0.5537570988625771,0.49849736591049393,0.5727147300485246,0.5787819306765946,0.5938549860186899,0.5354990489904377,0.5378549661618361,0.5142703605771998,0.5872388063571858,0.6482326987323924,0.5602197265595705,0.6334658747137211,0.4946010700554942,0.5204172417714918,0.577289451114167,0.6030352685618138,0.6058900740910435,0.4834077616681514,0.4523845875095864,545,770352_fnca,0.0341678614645019,0.188761292405037,-40.93441434921252,0.0100000009547959,0.9709735283772594,-42.47748891799211,Procedural,1.5430745687795948
771354,0.559021579250463,0.5194361413819809,0.45004708805197213,0.4686151087282628,0.44245500922788666,0.5135473367615419,0.4699650596721872,0.559674863678893,0.5618247019454691,0.548222294218333,0.5215908264375139,0.5039537764607268,0.5095146454563559,0.5931593230023094,0.6554410050771982,0.5347315967693009,0.6075803381224457,0.4732851222027661,0.4920225225444178,0.5618783675710445,0.586972199868294,0.57823111601485,0.43774747027934935,0.4393563061777765,895,771354_fnca,0.0100410688554277,1.9999999996999032,-44.37272532358621,0.0100496721894607,1.9999999995340272,-44.40538454218339,Procedural,0.0326592185971819
773257,0.5384738721005718,0.5196255414509018,0.43407171936496225,0.45087411230311253,0.44480743262535194,0.5474345265298504,0.5187901135188211,0.563470549218395,0.5540228841327722,0.5297456320786794,0.5478340736778179,0.49297427800089816,0.5164082307182299,0.5675966700816418,0.6568693557279185,0.5323770677681581,0.5956517585564898,0.5195839933650724,0.48362942886142285,0.5506682176168284,0.5761270811173472,0.564766681163307,0.4365491889789702,0.47778536282464384,888,773257_fnca,0.7679212267249403,1.999999999717449,-43.87882413224394,1.3034595574529326,1.9999999999998648,-44.1314078226163,Procedural,0.2525836903723615
774663,0.5643857627861477,0.5329355112439856,0.47456163433808135,0.47009530950464895,0.4196794269947358,0.5349296727795214,0.4883718226711723,0.5613531555844848,0.550041250605683,0.5637375529392171,0.5068876714970808,0.5256736188055694,0.48810655538843517,0.5745620986488934,0.6376675850845861,0.5485587616336624,0.6196216455945736,0.49271728804934667,0.5118996530784868,0.5776104663386294,0.5698044145216185,0.5857648495893593,0.450941531179993,0.4691048301695519,748,774663_fnca,0.3936968600302792,0.2979013332628344,-29.49295227144038,0.2071398232611018,1.031395866507847,-39.41365213862608,Procedural,9.920699867185704
779370,0.5426559278290845,0.5277511846389592,0.4666951483870933,0.45696164909015907,0.4212758251193947,0.5283149841070985,0.46489352721296134,0.5649421562319795,0.5491471001209106,0.5498599893363304,0.5405598134531672,0.5174179459894337,0.5156207735991296,0.590777172159303,0.6648233159475416,0.49734098113254155,0.5979461128214949,0.48514697197218465,0.479967203042205,0.5698082643630696,0.5880815584273654,0.5805775585854465,0.4408403116889328,0.4588785702887738,277,779370_fnca,0.0100462997719559,1.9999999992251825,-44.419484713903266,0.0100254958919964,1.9999999998106013,-44.74305713284079,Procedural,0.3235724189375233
782561,0.5433663690427346,0.5145942679083818,0.4785987250030558,0.4720999326163258,0.43333151523337143,0.5226786720843054,0.47074664041051867,0.5661451312990213,0.5649584810076413,0.5530423063429479,0.5044520488560525,0.5033789583058818,0.48243696893883736,0.5637669291235138,0.6524105359553941,0.5384143024712356,0.5800511175308624,0.43117475254088455,0.47458033555096796,0.5508322427315808,0.5820295596030501,0.5786234038688913,0.41067017804795725,0.41185646244382296,783,782561_fnca,0.0100577543582455,1.9999999993383788,-43.66835020593798,0.010034276367668,1.9999999991422992,-43.73640664459111,Procedural,0.0680564386531301
783462,0.5481888501652209,0.5010325333024682,0.47031837635044704,0.48812912704012396,0.45210793693197787,0.48160469585005683,0.47527929814195424,0.5672131802226444,0.5792693009967096,0.5587884101253696,0.529938711152081,0.5201880943382534,0.5025624698624387,0.5680567637972248,0.6495019353789737,0.5511275044542391,0.5749061469251014,0.48352000415053115,0.5303555379993579,0.5541356776319146,0.5479547232858559,0.5561239482757646,0.44704935903210974,0.4405104083983948,581,783462_fnca,0.6617771922651765,1.6398698184796432,-42.99993376782458,0.0100106070583783,1.999999999557278,-45.33868701487472,Procedural,2.338753247050142
784565,0.5563971968201245,0.5361182174325159,0.5114546653823675,0.47970856633227027,0.46226060051057444,0.5639471836077544,0.5075023389948887,0.6052541676286064,0.5873280924355334,0.583226258246822,0.5716384282900087,0.5379343309574889,0.5376138794464977,0.5928613613101875,0.6841929451562049,0.5555485727930156,0.6098569621704829,0.5075158431342077,0.5361557905547503,0.5769495484330802,0.5787445256040048,0.5874590608570575,0.46012548110890755,0.46258146993649907,973,784565_fnca,0.311933683243407,1.99999999990828,-43.88477441972853,0.2640076120864525,1.9999998993897192,-44.65540237651977,Procedural,0.7706279567912375
786569,0.5780547579371521,0.5124231166830407,0.4811470522096036,0.4757637460308592,0.4554006368660663,0.5347398831713339,0.5191193747546946,0.5855577601122524,0.5783907275442783,0.5597193987130836,0.556025894280822,0.5197157337278148,0.5297231542725404,0.5748549383070933,0.6629126618460908,0.5544626102172012,0.6100687413566752,0.506849766868462,0.5377086034274161,0.5703182208189116,0.605932040017412,0.5878894893832772,0.45647075502233414,0.4462990317712902,560,786569_fnca,0.0100000000042354,0.0749129603054854,-43.48088578463831,0.0100000023327897,1.1893606215931976,-43.56894609638197,Procedural,0.0880603117436606
788674,0.5384612103894224,0.49709738542644044,0.47850183497192306,0.43033588800599126,0.45917642900303585,0.5160613801092727,0.47819275128619365,0.5515499312620327,0.5594379514504247,0.5186449948186939,0.5676027629568898,0.478410470856202,0.5265601870393626,0.5420111263034694,0.6271641827173987,0.5229664526584584,0.5697564925748368,0.5145300905527612,0.4816622688274327,0.5615134640653915,0.5558736440939058,0.5547856702437466,0.4180042810654313,0.406439285014834,815,788674_fnca,0.7480893679888716,1.9999999997081248,-43.37561120602815,0.2310932315266639,1.434795221423665,-43.75635136417757,Procedural,0.3807401581494218
788876,0.5707214773019927,0.5250206007169017,0.4842803673154376,0.48728255328068715,0.46339186213731465,0.5828091544566801,0.532759822831759,0.5843785802003398,0.5890783318285726,0.5637156403005875,0.534406287700392,0.5272599561521428,0.5235574200074933,0.5822494897699824,0.66671137227045,0.5524227985956783,0.5955674892798994,0.4979561308780965,0.5046099234506801,0.5781082864814819,0.5710344107868222,0.5876948783673119,0.4324250004092516,0.4705296972439615,169,788876_fnca,0.1009948891355524,1.9999798735054153,-44.263153767389795,0.1146345927113618,1.9975874527420945,-44.54785766469136,Procedural,0.2847038973015614
789373,0.5188475036539903,0.485886460709961,0.42599418758657626,0.4377044364716452,0.4201857296908363,0.5175592763190279,0.4699879266394404,0.552078163462318,0.5267543079900754,0.5167466140743998,0.48787458336831263,0.48258201345688145,0.4627918599945223,0.5300374360073026,0.6275234484795058,0.5002659750975799,0.5685441970442138,0.4677032171532808,0.4462281681614452,0.5174806560715193,0.5347976566385896,0.5534033323488557,0.404106330298788,0.44272542899843825,468,789373_fnca,0.0100006052020539,0.1809899537108106,-44.045333436327425,0.0100288363877281,1.9999999994434363,-44.168768345039354,Procedural,0.1234349087119284
792564,0.5539245319251327,0.5416289294423783,0.49739232398630706,0.4570458888270403,0.4601052260121783,0.5875982665854876,0.5195495949259769,0.566675675122069,0.5560705479244772,0.5493064003009345,0.5619993000877208,0.5216152119241243,0.5356187095817245,0.5874696578810548,0.6518780572121645,0.5524371738619722,0.6210861480553799,0.5057336054450754,0.48405104680439637,0.5914925753235031,0.5998957003606877,0.5905716516882143,0.43898475207710796,0.48569035000110977,409,792564_fnca,0.0100568546881901,1.9999999997634856,-44.379449639488534,0.010018241866056,1.9999999982957184,-44.55631658594577,Procedural,0.1768669464572383
792766,0.5322836516628854,0.4811508292027982,0.4417681079997749,0.4349602527985131,0.4241142979567073,0.5322298694537801,0.48187895160001354,0.5818744273158958,0.5690040419006483,0.5189229225169496,0.5221786354624369,0.47142596470269466,0.49552749695247333,0.5450825429862737,0.660405618577742,0.5269224865546699,0.5724198277373991,0.46599864965284027,0.44900282614563325,0.5390674897377514,0.5645631372718118,0.5908103965278654,0.44605085999220956,0.46745836951995096,584,792766_fnca,0.0710211622394498,1.9999620833529717,-42.813096304387734,0.0100254484860024,1.999999999500524,-42.826763214170285,Procedural,0.0136669097825503
792867,0.5669744285237749,0.5492067223573193,0.4997845501436061,0.44373520766090435,0.4679437164277563,0.5438441695476061,0.5239519525500157,0.5605778578302926,0.5665820741709369,0.5284578510621991,0.5625741421698376,0.4863477447675974,0.5410039295817919,0.5709492431239443,0.6479523102289048,0.56024438493988,0.5809040370940517,0.5530072309431586,0.511788461936102,0.5688873055680363,0.5725089297532193,0.5561779113739279,0.4604287718570695,0.4554201278509103,27,792867_fnca,0.0100399849146906,1.999999998786378,-44.36638847658928,0.0100241438199675,1.9999999995014015,-44.813067969036794,Procedural,0.4466794924475152
793465,0.5525766508786379,0.5351520611677322,0.4926538339887181,0.45221209609121593,0.448978576591619,0.554137075429289,0.509812887613927,0.5833499298684752,0.5920108580268932,0.5367425661560151,0.5511270673863717,0.5082614313134253,0.5396268023804008,0.557658275050456,0.6597184620817425,0.51447201215656,0.5930398483745457,0.5525551212103912,0.5000625435587052,0.5456095869020587,0.5719904098327419,0.5855661196478166,0.42307120257222436,0.42802380127926176,977,793465_fnca,1.0002329394777767,1.110799155821442,-39.40938074152201,1.3194122363155356,1.9999999999468192,-41.088772353254136,Procedural,1.6793916117321288
800941,0.5668013751555435,0.5245579650941989,0.48911896548563993,0.44013602220167813,0.4661705208183269,0.5509677399169431,0.5029288545787242,0.5908288923630427,0.5734286569513682,0.5214768598490109,0.5286853976851581,0.5037713478406356,0.5241395076047727,0.5798659578019383,0.6668135207155517,0.5350832748442307,0.5921619679407336,0.526691450728762,0.516890081125105,0.5559198694070084,0.5636698770946791,0.5942977658283831,0.4731620579720693,0.46734286690576143,539,800941_fnca,0.010000000007276,0.3917560552882659,-43.5907287609525,0.0100448925926329,1.9999999983748775,-44.096548207805,Procedural,0.5058194468524988
802844,0.5621973015962706,0.530219078292166,0.4913402574090455,0.46659428611751125,0.4498946386368704,0.595928703173722,0.503781374701312,0.5915547946955507,0.5596548266958409,0.536982419706257,0.5146233286882675,0.489995778936536,0.48218976623051935,0.5774037880972847,0.6505634965755144,0.5434551320896351,0.5938753945110022,0.5234448817092372,0.4935262617128263,0.5830007931173489,0.5812644714127427,0.5523960496565935,0.43310365813404306,0.46012151833579246,826,802844_fnca,0.0100591091495465,1.999999999718568,-43.68352121793538,0.0100379664655585,1.999999999208228,-43.768690185541665,Procedural,0.0851689676062861
804646,0.5767091831647178,0.5231574371090116,0.5392645527966643,0.4875458907302749,0.4572286023132216,0.5609738442200186,0.5262234673008004,0.5783227118610668,0.5823594387313055,0.5665694447210621,0.5193724082903309,0.5445006170157701,0.5242414753252086,0.5836556472942159,0.6881649770020272,0.576530659360252,0.6271121593500724,0.500455366666248,0.5386395653990054,0.5924417920736623,0.6075461321041545,0.6057876673448717,0.4518096486547941,0.4686196527503091,512,804646_fnca,0.184237444642129,0.8009434152058089,-43.051479651459296,0.1947666340900818,1.990257091661331,-43.53272762808347,Procedural,0.481247976624175
809252,0.5533396928054684,0.4984482254749618,0.48334967978025917,0.4529240251559045,0.4340755074305379,0.54419196601168,0.5226702321221108,0.5651382236542803,0.5556933981478612,0.5514862027458407,0.5419425876092832,0.4957016039829697,0.49876568231833684,0.5710993110069511,0.6424268576322488,0.5573908341622326,0.5796750418322173,0.472539462826964,0.49696856749428137,0.5559238558113017,0.5705834198444742,0.5684744309557486,0.4635561030460795,0.45493686493977875,994,809252_fnca,0.0100454550804226,1.9999999991035864,-44.40512693448813,0.0100049780052942,1.9999999989954311,-45.76991301762082,Procedural,1.3647860831326923
810439,0.5628974067407352,0.5244466025907957,0.5054805627201948,0.45895101791541754,0.45461137954092296,0.5560415687406266,0.53589641440626,0.5534579952787112,0.5761381174991363,0.5253763967764185,0.5440639456382682,0.4771101624261771,0.5271132736228699,0.5594169334138425,0.6289771663579923,0.4599667444350494,0.5830039227313794,0.5328919982529293,0.5234183220159851,0.5646381441172774,0.5714975257078955,0.5399431336737548,0.4168111860654084,0.4250750183288234,898,810439_fnca,0.0100313211791556,1.9999999989273152,-44.400413666256334,0.0100423605946026,1.999999998576958,-44.63240211844226,Procedural,0.2319884521859236
810843,0.5301723153305022,0.4915364312862859,0.4567370627791943,0.45967476752807246,0.43227179690809187,0.5092269434246631,0.47766498645575495,0.5628756229772359,0.562441836294837,0.5268131799231539,0.5119162201226994,0.4919310110851626,0.49144358625254303,0.5562404014317568,0.6332212675893574,0.5036540983323871,0.5885739070739828,0.46603889495752104,0.47129238546111013,0.5295482288520708,0.567677956951004,0.5732763741862863,0.4212433996945948,0.4291331577952148,854,810843_fnca,0.0100537396627744,1.999999999219061,-44.4187753362446,0.0100193808528114,1.9999999999835327,-44.91696798620163,Procedural,0.4981926499570264
812746,0.567421138373219,0.5527142488923623,0.4999583893169202,0.4490445313873099,0.4454670412894402,0.5775348687372827,0.5004391104673744,0.56058995601378,0.5528337872064456,0.5248992409630874,0.5540516602965945,0.5004504229384122,0.5257845708998391,0.5740201763782935,0.6565301443700939,0.5535780027088353,0.6099839681625876,0.5302120068094335,0.504611610650535,0.5804895745525287,0.5906452838536579,0.5735126314191277,0.4482459997567822,0.4469838312531753,688,812746_fnca,0.0100452272106348,1.9999999995248825,-44.46185170856896,0.0100170728428883,1.9999999998661857,-45.67187241721639,Procedural,1.2100207086474342
814548,0.5412462033476065,0.5310325816049013,0.46211550881589614,0.4585460247617737,0.47407157311571224,0.5541895855809984,0.5034643438313158,0.5814675282649808,0.5678200889288884,0.46975110976314743,0.5177060279184394,0.46427478098027486,0.5183534774373407,0.5496713039949921,0.6391324104169154,0.5318383951955428,0.5795046018602741,0.5297168301982123,0.47675558332769247,0.5534353241103465,0.5645038404217622,0.5576687823902007,0.3910381915225244,0.4268527012029682,950,814548_fnca,0.5029498998183081,0.4648165746356447,-33.84544905967829,0.4922135602343472,0.4318265133426732,-32.75662781142854,Declarative,-1.0888212482497508
814649,0.5695805112068278,0.5001719637866909,0.45583775840149415,0.480188870506609,0.4526441040801448,0.5409787908525434,0.4931201195020812,0.5720319703579306,0.5723568637478611,0.5677698256436906,0.5526702244193634,0.5486071671011584,0.5410128258127791,0.5929449885014343,0.6677950507681093,0.554550774189096,0.597814248837961,0.5009823034999856,0.4812109721638731,0.5605824738414239,0.5883001624617665,0.603112405613502,0.43778974469950194,0.4497680641153993,370,814649_fnca,0.0546669596194209,0.6010235505355113,-44.17281734729479,0.0100000020529791,0.9269489804892938,-43.85954461167209,Declarative,-0.3132727356226965
815247,0.5409072270465369,0.4957064415970591,0.4708257649873002,0.4538332096933786,0.43385615586558957,0.5241047180142387,0.4886090186736999,0.565910426713448,0.5652393528342329,0.5385368311468628,0.5211075292186432,0.49185753207317495,0.4920088739129267,0.544630687008567,0.6299458859353231,0.5393302266418862,0.5784179794698979,0.4555739488587293,0.5073664796589175,0.5566110347592143,0.5511499100641452,0.5463660792952643,0.42612345634117205,0.4311540621850697,877,815247_fnca,1.5627314442533673,1.9978904288768249,-37.96317370706556,1.3416347352327005,1.9999999997600095,-40.81438622710451,Procedural,2.851212520038949
818455,0.5423995888670341,0.5342434805641009,0.48054383873710516,0.49441415658313614,0.441093517018241,0.5263297442867175,0.5068081205182187,0.567339332289878,0.560645314487754,0.5851346971760981,0.5445051927659379,0.5563243235967801,0.5401211356968423,0.5617818607913735,0.6726438273317639,0.5274737325324881,0.5954774379229508,0.4927482816038141,0.5103112192799221,0.5458937016632806,0.5923147412246061,0.5847318415304231,0.42655978366920516,0.4320663350571202,962,818455_fnca,0.0100463836990908,1.9999999992368351,-44.422775230401186,0.0100083711245768,1.9999999988618116,-45.62599208714279,Procedural,1.203216856741605
818859,0.5437376116678398,0.49893234243192097,0.4534407886245318,0.4661010111876166,0.4288237998686957,0.5279893611484833,0.5068062584144328,0.5447308793470671,0.526288362214519,0.5296680621633428,0.5031113046095556,0.4895652069192108,0.4618349550949135,0.5636625495656843,0.6337368076825051,0.5595142633190587,0.5662860559493151,0.4784807954242648,0.4872631700114246,0.5591660562367582,0.5508290786526419,0.5443027523894548,0.4486555934605642,0.4552049585794109,916,818859_fnca,0.0100000000024292,0.1935218936235785,-44.20499653906657,0.0100144958355046,1.9999999995584752,-44.53718718045033,Procedural,0.332190641383761
820745,0.5415958366240357,0.500832673347841,0.46887766156655325,0.4637254375147509,0.41839604295377625,0.503321527013403,0.4799803890955709,0.5693795267962557,0.5535023415186395,0.5661370530366446,0.4962601237894384,0.539201670755703,0.49647955232360497,0.5605554698836184,0.6499133312343709,0.5362258980508083,0.5723898551733051,0.47348221337297663,0.5018447184512138,0.5593301966110837,0.5754716953494811,0.5507990832039181,0.4315299540373715,0.42926785551550056,589,820745_fnca,0.1331957513492442,1.999992444643898,-44.32001903709614,0.2219067728425856,1.993873784666444,-44.12650871984943,Declarative,-0.1935103172467052
825048,0.5387116162636952,0.511335591234264,0.49248983873885605,0.47508954511540885,0.44277294987869864,0.5306049792549079,0.4908753469148077,0.5644684522938725,0.5499214221111651,0.5615340882120579,0.5235385149827745,0.5346060247852751,0.5134696199985005,0.5394660262876054,0.6250036931415284,0.5289377997844649,0.5651448776759589,0.4706923143393511,0.513094140540478,0.5512839852113791,0.5557345482133971,0.5569871805010117,0.42966355764658476,0.42113133044924084,504,825048_fnca,0.0100473141942147,1.9999999983778176,-43.70901686208004,0.0100174771439414,1.999999999839925,-44.03244249661547,Procedural,0.3234256345354254
825553,0.5528176294848602,0.5213389519399343,0.482890745274006,0.4786073294124754,0.4299960977191415,0.5516670573802888,0.5195635610836082,0.5637101338181906,0.5733741165974763,0.5766038289231967,0.5276914120095427,0.5088974837533833,0.4952585095030572,0.5524946035072769,0.666173098476755,0.5765294080464382,0.5976873606808932,0.49454391042214185,0.5424637813903389,0.5708848977830956,0.5848156772091064,0.5707795825408098,0.4673022958315449,0.44929651093245704,342,825553_fnca,0.2754717679388224,0.8580119516554848,-43.89527073547457,0.1930556430656259,0.6595958560849278,-43.645931149087154,Declarative,-0.2493395863874141
825654,0.5430343538727476,0.5240977336542294,0.5275838531671382,0.4726084279812532,0.42473613997230963,0.5270726302810183,0.5110129172131308,0.5139900635239616,0.5311132753515087,0.5652041345487243,0.5180557121187294,0.5149117215293668,0.4903048093401445,0.5629343679105155,0.6618516412847129,0.5428701715873251,0.5717657869927948,0.4645330533064197,0.5195532196123805,0.567276208459534,0.559397510261108,0.580567002431092,0.41315011954022396,0.4541001432949976,637,825654_fnca,0.4967693565123377,0.4824841026733397,-34.42529485472922,1.0926221355293158,1.2042749601294112,-35.37708542068512,Procedural,0.9517905659558964
826353,0.587050469440229,0.5467735342714426,0.498852083676639,0.47995415240321276,0.47503249443097495,0.5612322652593436,0.5175298195629197,0.5822209627352716,0.5634637807820031,0.5596033567290642,0.5593029213582874,0.5408221502885909,0.5387009440500702,0.5609324163770748,0.6471174458329593,0.5448349897275494,0.6002408879145098,0.5304512425072461,0.5023935259213939,0.583800689799032,0.5902151350747795,0.5973794180443663,0.43149156726956583,0.4714362508482812,286,826353_fnca,0.0637643409078027,0.2266820685281673,-40.20794710427832,0.027200348517377,1.999999999375814,-45.368213524610056,Procedural,5.160266420331737
826454,0.547670184828021,0.5230964975592804,0.4602021064266681,0.4817309305219119,0.43903769633676215,0.5625568507074004,0.5041901004092103,0.5864287432575752,0.5818017730103168,0.5594845695774676,0.5213086854827477,0.5422283775911945,0.5028274033198955,0.5742829600295818,0.6588147444125947,0.5640328530749625,0.58907713835629,0.492770822152493,0.4961887759815272,0.5681125800034437,0.5882729994593199,0.5858252049300394,0.43526236528001616,0.4484231037017032,992,826454_fnca,1.080144432689503,1.999936464041427,-48.30676334176004,0.0100157966768142,1.9999999996904576,-48.91417351240838,Procedural,0.6074101706483432
827052,0.5623969652448726,0.5435639694354222,0.47381205679465227,0.4705535188382365,0.4544127931259506,0.5345300640050816,0.4842626646597247,0.5765020107808947,0.5787046929211462,0.5292008734239668,0.5428969598017709,0.4966375185447001,0.5295591314619277,0.5799089306990142,0.6514491101061273,0.5495380856026235,0.5902707061592696,0.5213015653826438,0.47041365682926506,0.5710895683954395,0.5650137838491532,0.5602321209536265,0.4149582875804533,0.4710405620693525,932,827052_fnca,0.0507862529545949,0.4901351353517187,-44.00648557507971,0.0100000009512105,0.559122618031246,-43.650516276016766,Declarative,-0.3559692990629415
828862,0.5530357107274014,0.5268871544630713,0.4577089208326106,0.46660355325496666,0.47512352100953575,0.5580308652322613,0.49405630237565284,0.5773888485312259,0.5752871737323318,0.49959687284985077,0.5413127989874529,0.48885230527022633,0.5322387678516495,0.5887814586174169,0.6511334905769952,0.5404153981166974,0.6068860561631839,0.5422992695636197,0.48019389215172376,0.5649476758936978,0.5739426648282536,0.5702898193899333,0.4348692796163674,0.427648305332188,416,828862_fnca,0.0100347193945192,1.9999999990634216,-43.71863231128509,0.0100328766264904,1.999999999841845,-44.2106302703738,Procedural,0.4919979590887067
832651,0.525259156123085,0.4806587759164013,0.4216132781770668,0.4305902460491364,0.4227388881884327,0.5218241805695283,0.4608668197977851,0.534398897591665,0.5260926862865214,0.4971914571798524,0.4959823711827572,0.44745078756569456,0.4482615093749316,0.5257342673181128,0.6002472752509446,0.5185669843064017,0.533332549113595,0.4513985808763051,0.44232401896228934,0.5034073985284757,0.5063047083988979,0.5181303394907343,0.4151537241443829,0.4296173108662935,648,832651_fnca,0.0100470395964249,1.9999999983744423,-44.39138995302004,0.010037639152331,1.9999999999947264,-44.45454906874136,Procedural,0.0631591157213193
833148,0.5644582961030014,0.5121799824795094,0.5155728242468158,0.47484414907216016,0.468065664995875,0.5334960994413559,0.5063672679919793,0.5537641924061167,0.5399960790033531,0.555340356725863,0.5427719233042346,0.49271564509035054,0.48517750207583044,0.5498658314099931,0.6518789925700519,0.5427658863036263,0.581153225523102,0.4727287346920427,0.5152401120372161,0.5605873464302717,0.5650310254058849,0.5634517529469004,0.433318365388299,0.4100927909262662,707,833148_fnca,0.0100436255633653,1.9999999997380793,-70.57074199370484,1.8555192928698243,1.9999999997195264,-49.37784007315599,Declarative,-21.192901920548856
833249,0.5699675421071092,0.547724020368547,0.4284536413211624,0.4674476699582382,0.43277068257440227,0.586473078046761,0.4912049274772805,0.5556777274889853,0.5542423067493637,0.5423969959662209,0.5317734379122253,0.545074483117885,0.5310354734367405,0.5861654983075143,0.6968235872073961,0.5498668554231897,0.6139655978465666,0.5017080981478456,0.46974698986878866,0.5803341937831586,0.589764511471966,0.6081186141965358,0.4238031711296014,0.4637557546540068,129,833249_fnca,1.427401360831479,1.999999998515184,-41.569105677349306,0.8981232856441482,1.6875160976755146,-42.76383254567702,Procedural,1.194726868327713
835657,0.571241212566137,0.5360470778597195,0.4746422182848564,0.4582479454700267,0.4486652578549264,0.5692720133175126,0.49621166425235286,0.5721226121914245,0.581140077767233,0.5525849315126089,0.5366775210689076,0.5393792568751882,0.5216630702491614,0.5895425013863718,0.6502319466490427,0.5727901338366549,0.613597279365745,0.49986133309581154,0.5019577529478358,0.5887565972028418,0.5864222844499681,0.5816245921907877,0.4708672777098666,0.4201397722952803,433,835657_fnca,0.7169275857061981,1.6855759615773775,-42.76535242868865,0.010000000668442,0.9970319283321744,-43.044227559772864,Procedural,0.278875131084213
837560,0.5613739746448432,0.5086331751595651,0.4882214643047748,0.47841874903155024,0.44601513174172114,0.5421810101241923,0.4850343308140779,0.5549559114787841,0.5574604227659546,0.5374499336666108,0.5202999353532577,0.49724222556334113,0.49189827814236126,0.5484094354891381,0.6480655038344879,0.5430188531448082,0.5916611209964221,0.46311485429314053,0.4671473575617111,0.5615635167426979,0.5716240413604036,0.5686384880609381,0.4044725243529633,0.42286387481461496,506,837560_fnca,0.3526821478295672,0.6039362805656983,-39.50565356468345,0.2409029265296527,1.1042853547116145,-41.36629160845859,Procedural,1.8606380437751395
837964,0.5709709308446328,0.5313626808975157,0.4690311590212598,0.4907193136653861,0.4545408340694571,0.5691639537448508,0.4763456841483799,0.5516660436065675,0.5448734347913479,0.5403236601343099,0.5134184325285394,0.5041399444601958,0.4826276562642113,0.5769329215309277,0.6560758993878183,0.5434740967793329,0.5734340567743683,0.48704919677203895,0.4773861115220717,0.5754155442824029,0.5787271985370093,0.570026496895357,0.41003782457912835,0.44737347230687063,98,837964_fnca,0.3248455361164965,0.2829828519762976,-31.56140116118093,1.0698775449814315,0.9978680659881888,-34.5806474473283,Procedural,3.019246286147371
841349,0.5740780200879291,0.5339971741480033,0.5007862247878028,0.4808679701440962,0.44624714252322584,0.5302621348835086,0.47220250995331065,0.5499862086372084,0.5658612726938552,0.564523120562207,0.5344146584300805,0.5412729417474059,0.5227400511462114,0.5628028760238588,0.6758345123685484,0.5235329209280504,0.609035368614413,0.48804075821053755,0.5281091429877772,0.5630328113952268,0.5603187299133933,0.6017570712481037,0.441682872534344,0.45614650902609033,714,841349_fnca,0.0373021659378672,0.3964178623520469,-44.04297302565923,0.010034589751421,1.999999999785627,-44.13617779295786,Procedural,0.09320476729863
843151,0.5673416652117286,0.5198982502694744,0.4717451401519686,0.42773281870088153,0.44486893842645964,0.5388038454497943,0.4939406470574595,0.5648824341255462,0.5526183200678181,0.5346066585744446,0.5299843097794894,0.49837446519059303,0.5102383989679768,0.5731862792986931,0.6475905628644107,0.5255308773677613,0.5650436294414312,0.4912830482717571,0.4945443008800943,0.5487658005770715,0.5652634295155026,0.5679393923687607,0.4523592388266401,0.4545232569345724,191,843151_fnca,0.076557837219332,1.9358639064062904,-42.9681887870352,0.0319174784610953,1.9999999999715188,-43.19360790022266,Procedural,0.2254191131874634
844961,0.5610634788031327,0.553431235567962,0.4828776679424791,0.5148108325802041,0.457502200738887,0.5623521491954578,0.4966077370862677,0.5798809804930396,0.5603759400433259,0.574604835366425,0.5141311083760945,0.5607900713578918,0.5159820856607756,0.5815168116483201,0.6995098969215663,0.5019682039319666,0.6025917726647052,0.5133964386277002,0.506012323170726,0.5697351021304038,0.5897332786144023,0.6010179443602627,0.40818750667415926,0.40262451292759566,563,844961_fnca,0.5530269347012157,1.8874784574031016,-42.78310753683295,0.0100000015257929,0.5045634361987602,-41.27918573964879,Declarative,-1.5039217971841623
845458,0.5186919431516772,0.49503051849075197,0.42546335187537565,0.4583748073499276,0.4182687985158292,0.526508557469937,0.4597531910434205,0.55230572606972,0.5375370166776268,0.5391215353683854,0.4809731128159903,0.5167041250343685,0.4770571471169243,0.552170530524288,0.6446127887047992,0.5252313755393052,0.5493738395867773,0.4455610960817868,0.4532483113945001,0.5235673740377507,0.5509717600423096,0.5495147224527407,0.4320667766004212,0.45236218946848444,840,845458_fnca,0.5832185748386761,1.9999999994757431,-43.79780559146143,0.5352526264017999,1.9999999974059337,-43.99650975602018,Procedural,0.1987041645587481
849264,0.5442586692962508,0.4933254026651277,0.4702637136417684,0.4672784763063848,0.4335951196371286,0.5637986962330319,0.5171858939817748,0.5428358243604386,0.5337850252603868,0.5230282996984333,0.5177641736088063,0.4882029302694298,0.4886525735515916,0.5400483650843186,0.6460767592185954,0.5349594118097264,0.5705959918383453,0.4674815961290988,0.5092668186141078,0.5431946047421219,0.5520446169354674,0.5703156012741526,0.4171597147973119,0.4025648843418212,201,849264_fnca,0.0100463003664253,1.999999999226714,-42.33162663603434,0.0100175827712826,1.999999999317853,-42.872473976783375,Procedural,0.540847340749032
849971,0.5954357035690396,0.5438791949457196,0.5093922973416077,0.49775393536249224,0.4611623756926295,0.5517611777774851,0.4806326741295013,0.581623686150784,0.5823026683073538,0.5803268708004142,0.5534896694115511,0.5326876291426604,0.5212429172762254,0.5858243314923477,0.674277210196945,0.5539234616750638,0.6219083186225949,0.5058257099852781,0.5402118715238498,0.5834765078825029,0.6028848578180949,0.5912169929622696,0.4626818223930684,0.4437751840582044,18,849971_fnca,0.0100439839360372,1.9999999998438376,-43.694619741621,0.0100018527957688,1.9999999982726553,-43.95796239582302,Procedural,0.2633426542020203
852455,0.5446687517644028,0.5383894740132039,0.46812657856221795,0.4750371756919721,0.4564988070109217,0.5471002839389737,0.48802313796917784,0.5593393833925561,0.559684631647147,0.5459306844857164,0.5502037501404375,0.51421820784506,0.5268875905500251,0.5763089625331492,0.6665763688594565,0.5311427077324895,0.6135709157966786,0.5047606699882653,0.48999562211345926,0.5584407192662421,0.5963913423365869,0.5917765543245421,0.4344577892044173,0.44960877221487777,396,852455_fnca,0.3546126875060737,0.140285118469358,-18.19174286708572,0.0979963647480158,0.1472522247026216,-27.938646794850676,Procedural,9.746903927764958
856463,0.5353346815395508,0.5402784087971702,0.42595625390709557,0.47661993307751116,0.44610964084784327,0.5204706958177719,0.4720566168978074,0.5398251037945061,0.5221830295788614,0.5719468903022626,0.5270518925415694,0.5300311851453117,0.512571825991258,0.5600635730476696,0.6612278914083842,0.5290091472570702,0.5868067517848929,0.482593052531259,0.4518187540058697,0.5442298470204537,0.558657393794252,0.5767568883733859,0.46412906334819304,0.48300207074382706,716,856463_fnca,0.0100298163121719,1.9999999988254908,-44.37156458288175,0.4754590105940476,1.9999999999999545,-44.5854727171892,Procedural,0.2139081343074451
856766,0.5447943376170603,0.5164929613721637,0.477417680384226,0.4673904620009131,0.44236332504693765,0.4944734105825885,0.476551507444063,0.5796742015386221,0.5735255117301193,0.5159077048939729,0.49394798866298517,0.5184010221217116,0.5009658729907347,0.5464374727216336,0.6518266780629602,0.5330057888844223,0.6009465049303014,0.46045850754591444,0.4876108979873582,0.5521391649192907,0.5716582000544946,0.5857201382018623,0.40232168909582144,0.4061214810244769,703,856766_fnca,0.0100407545470627,1.9999999990020307,-42.98147618330262,0.010010996276832,1.9999999992151665,-43.25913589231975,Procedural,0.2776597090171293
856968,0.5413105358557875,0.49239426830259353,0.46841393302051837,0.4489604326198691,0.42264531969394503,0.4974644224520985,0.47099828701711116,0.5501534009117585,0.5542554173258037,0.5358419603316584,0.50933622671951,0.512187068021096,0.48912073267094236,0.5616725963602048,0.6549660181586878,0.5254146138804465,0.5837252025693727,0.4926303795975203,0.5098174455233175,0.5528093535661884,0.5519399939234709,0.5747141372187243,0.44538572520779257,0.4283946813642773,326,856968_fnca,0.53904671552734,1.9999999996926552,-43.82211765152197,0.0100113077633299,1.9999999993777888,-44.86658078430008,Procedural,1.044463132778105
857263,0.55388368330813,0.5290752305875622,0.5190533787509424,0.492655399733323,0.45767248245538483,0.5225024186150208,0.47991934398603037,0.5520881717445971,0.5445067187837767,0.577577240280674,0.5556643245857725,0.5189458620044219,0.5055676985506671,0.5548856694158377,0.663404346325457,0.5348914952632129,0.5852332146625558,0.4869202848128485,0.5270625959359133,0.5575463779422791,0.580671210481788,0.5836599001432663,0.4661317404119228,0.4479460179499894,813,857263_fnca,0.3072961416374719,1.9520925538017204,-43.247006487454854,0.5183097712540211,1.9999974962138571,-43.53726401293131,Procedural,0.2902575254764556
859671,0.5460861737497001,0.5242687251606352,0.4809772397037728,0.46454803637553055,0.43695757509522165,0.5304941559893268,0.4968977381978806,0.5523522747082561,0.5556706929495535,0.5780598592670371,0.5516801391879901,0.5337857844190864,0.5351862811880579,0.5578237823453873,0.6648678759780631,0.5245457633263754,0.5674227221348969,0.4852879056075664,0.49483414219196137,0.5520491606752856,0.5513247921345424,0.56521450942795,0.4437174792479673,0.4313482573343946,677,859671_fnca,0.0100003559168553,0.0533327333904575,-42.984132178706474,0.0100000014262712,1.4142666815607008,-43.87219225374831,Procedural,0.8880600750418353
861456,0.5619566942037801,0.5295648394237542,0.46916543973101327,0.4752818734275707,0.45230975739205426,0.5252277201729297,0.4922349951688529,0.5759657165183463,0.5736702107170494,0.5611530877522275,0.5467016581926272,0.5457299074303481,0.5303560210704092,0.5949712416066434,0.6817629787520041,0.5585236102028652,0.5930340303508883,0.5091503275830606,0.501293494605764,0.5745611207651075,0.6033509650589854,0.5965315335660596,0.44882054060350945,0.44617403363855507,486,861456_fnca,0.0100469317439041,1.9999999984392929,-41.70039678442976,0.1742198666223433,1.9999999997711015,-42.4127270284621,Procedural,0.7123302440323371
865363,0.5787355144894238,0.5235883813451673,0.47652247293355615,0.4985835812963056,0.4487888031940719,0.5449388960283104,0.48975646417955354,0.5579351578257267,0.5626530363065313,0.5638549991395737,0.5387936715464945,0.5137267017966383,0.5048300938838878,0.5599945354964764,0.6828634441493253,0.5534163457215573,0.5941021071275143,0.4726198580177873,0.5001792294520508,0.5692370392801821,0.5726883182141561,0.5774353839965863,0.47243775038787617,0.43008024064149486,630,865363_fnca,0.6663625541768888,0.403808178062238,-31.32919553072446,0.2731348092071615,0.9827362802457628,-39.57505721861301,Procedural,8.245861687888553
867468,0.5304259158307495,0.5348859283200464,0.43816641871164635,0.451992140150309,0.4433598293876718,0.5286558832948967,0.4903344928740716,0.5429560668288336,0.5284617021399979,0.5241311609412137,0.5419186897311227,0.46510649846880314,0.48265154555690926,0.5410384158451006,0.6423702110115492,0.5537083613514716,0.5546888210438099,0.48968461458642315,0.45672750467354917,0.5379851662432815,0.5416357291522165,0.5333304165463439,0.42824076514750703,0.463566872218972,249,867468_fnca,0.5557512416808781,1.1600772257539849,-41.63352333853022,0.1555600314427541,1.999999999471352,-43.93502796345166,Procedural,2.301504624921442
869472,0.5510544624613276,0.506411942573382,0.4829389295073742,0.455763650425099,0.4346388095280637,0.5479031488185757,0.4974615238944999,0.5658996752935903,0.5528832593456113,0.5402943066427792,0.5197927373080884,0.5081389360914922,0.5021833327746567,0.569096229775881,0.6410542152789099,0.5328857358736668,0.6045505329197906,0.4732380096035974,0.5157647686606491,0.5340452172490475,0.5840795551926015,0.5606316152174418,0.42773522076237713,0.4180235812378573,842,869472_fnca,0.0236877595891247,0.2474888638697679,-42.28140943659807,0.0100000009647815,1.6210918004223116,-42.59275117339798,Procedural,0.3113417367999105
870861,0.5270787936891759,0.5061605186355521,0.45936327305723834,0.464946064888288,0.43111043025577866,0.5136839612452931,0.44955527916425964,0.5599632148991119,0.5670769859645058,0.5255007412526614,0.5019019328016873,0.5129664244483985,0.4879038934722615,0.5274041490349044,0.6464489333475134,0.49736635683781705,0.5712937652761698,0.4703133450091782,0.4920171404399899,0.5391448559236258,0.5475621066483434,0.5406721519231222,0.3898680629215426,0.3884969089476176,429,870861_fnca,0.0100417667310169,1.999999999257892,-43.67480338728606,0.0100419175609915,1.999999999833642,-43.637940212008544,Declarative,-0.0368631752775172
871762,0.561309487659845,0.5179792952917314,0.4851475952568507,0.4864914427185268,0.4514964294590621,0.5424297649603304,0.5236927599638863,0.5883141893293141,0.5760668346783773,0.5602525325358024,0.5293625088469178,0.523402101009061,0.5083469378193152,0.5728201990659663,0.6529148483937243,0.5469716038525488,0.6021018312848472,0.48969411318786044,0.5483936556430412,0.5624219121013788,0.5825417268176604,0.5606121435983391,0.4090802162421259,0.44386585278254986,26,871762_fnca,0.010041673603263,1.9999999992367683,-44.36771603840117,0.0301169878360797,1.9999999995759037,-44.53054602644352,Procedural,0.162829988042354
871964,0.5516454047726091,0.5213235302588415,0.4409761812907743,0.4563208691741032,0.43709775657560135,0.579113540668936,0.5165010701406971,0.5358302176196215,0.5218379531466018,0.544059946319296,0.5341934553758121,0.501455164255081,0.4921242233393879,0.5389386880989957,0.6673442868140725,0.5167563703097638,0.5799983200620097,0.4905661485111144,0.47136183705317014,0.5372272464688961,0.5583343305493628,0.5983785809367161,0.4245312487599336,0.4227476934476823,386,871964_fnca,0.0295793884739232,0.3981444825622328,-43.354541243548326,0.0100000012934209,0.4423828437856048,-40.58740252298653,Declarative,-2.767138720561796
872562,0.551818191792124,0.5073469985602768,0.47337550758742075,0.4806968371851956,0.4347153202490713,0.5446596504489837,0.4871240584168352,0.5567854845424229,0.5648306290024429,0.5533842735243342,0.527634308893881,0.5133874197259644,0.4851917250420521,0.5590731650226886,0.6554331698732007,0.5520853024292952,0.596777006005957,0.46872132021479457,0.5059848015322309,0.5634306327024706,0.5705647943991018,0.5852456801208539,0.46248527162660513,0.46863446508813555,381,872562_fnca,0.0138888722404864,0.0988178100280456,-41.24773748867052,0.0100000007442397,0.7559953379456223,-41.96629957207903,Procedural,0.7185620834085071
872764,0.5384280199478539,0.5236011685312452,0.46538787330342557,0.4576581504716573,0.44571602133025373,0.5394379639599525,0.49115197227200985,0.5543100806791159,0.5637959386594562,0.5432331433297843,0.5201489574316015,0.5049281712834277,0.4911762400623626,0.5583866121426881,0.6542420902759531,0.5147042430095794,0.5737560104027848,0.47803944408761384,0.4835733274788661,0.5384254992835814,0.5589840477245646,0.5630731903790878,0.41263505831903524,0.4418778556671784,2,872764_fnca,0.010000315977761,0.0873160198921437,-40.415112433493874,0.0100000011596967,1.3266391449853534,-43.058270773558895,Procedural,2.643158340065021
873968,0.576235263527865,0.5405011602019123,0.4974408804589567,0.49338265043775065,0.44842496088741995,0.5593762661023405,0.48198401933675833,0.5882987718836725,0.5752338873334367,0.571416731915793,0.524831225268868,0.5170276205864465,0.4761016085576427,0.58899100156492,0.6783811437499704,0.5785486842759662,0.5924671995342374,0.4929786148760673,0.4970815744507194,0.5833191886571588,0.5865779340029413,0.5935599801794962,0.43569124754673927,0.46426973160324325,73,873968_fnca,0.1532745634022738,0.5027139128052046,-42.30658767774796,0.2227351370665612,1.9999655573816275,-43.5458588568455,Procedural,1.2392711790975357
877168,0.5761206635203631,0.558702182635841,0.4945161682514467,0.47502223175153696,0.4648144495948635,0.5833665466951033,0.5456680973910764,0.5723117252891984,0.5688478169996329,0.5567994507474437,0.5483044249001034,0.5280862389149655,0.524519339229547,0.58433529915827,0.6686760756480382,0.5678547118133099,0.629954421471854,0.5277322183591153,0.49982836257772745,0.5925461128716456,0.5892795399006985,0.5877140494681575,0.44032199366183616,0.46442155688934283,695,877168_fnca,0.0100464499075108,1.9999999992557709,-43.710299263095855,0.0100101983670358,1.9999999988399904,-44.31851249686216,Procedural,0.6082132337663069
877269,0.5781043147272712,0.5424721332913534,0.48986561081554003,0.4961868447912732,0.46208201212467304,0.5391086298213511,0.5293269557332174,0.5739608542241246,0.5691724467731478,0.5716578881236977,0.5563596718037205,0.5221677509831973,0.5130740720603424,0.5977797319149734,0.6698706825994145,0.5834453310506046,0.6053076797732784,0.5188343928763364,0.5355416921687247,0.589757442512844,0.5958844670351731,0.605161703253583,0.44216368480079227,0.45708070970296605,121,877269_fnca,0.0279711572498667,0.8187622706989264,-44.23499517725942,0.0100465237158176,1.999999999104682,-44.45576567445245,Procedural,0.2207704971930226
878776,0.5398844749846912,0.5316569663882618,0.4833580849886135,0.45636284695686746,0.4478708358563162,0.5278057076128259,0.47536861312756495,0.5659090447905618,0.5674989491255268,0.5223308078528719,0.5090061885631036,0.49325701938459154,0.49164087815543445,0.5595018340807539,0.6485440143550872,0.5478875848634697,0.569475829534956,0.49719403096146814,0.49824298564971625,0.554186687338819,0.5520576241181822,0.5663582862029514,0.42091013543636646,0.43424808242498925,841,878776_fnca,0.0100000000029568,0.1241871659349252,-44.165743935605086,0.0100000001632563,0.7819631181300508,-43.983560485684166,Declarative,-0.1821834499209202
878877,0.49517806358814526,0.4564561139067371,0.40574117890932,0.42333883305529874,0.4074700449572446,0.49928909394041576,0.45874850132165224,0.5226847323095745,0.515121094157647,0.532543221589896,0.49757348249807065,0.49520693769021945,0.4885859583822083,0.5208804470097407,0.6444516177569368,0.45660958192314705,0.5628390293842074,0.43637328293338584,0.44766043435664526,0.5117625186241865,0.5459076600169864,0.5397985250899624,0.387578565179356,0.40202887899582357,278,878877_fnca,0.3452173404279751,1.999981340523583,-43.3344050479889,0.71950443840915,1.999999238733586,-43.21170840953886,Declarative,-0.1226966384500443
880157,0.5803843841417353,0.5244059045198189,0.5199763515607465,0.5104784799953358,0.46494597303079815,0.5294622246476489,0.5151243549007988,0.5663129768046716,0.5571381769306721,0.5744587122809349,0.552723273865067,0.5143428983462394,0.5032093378080783,0.5780455698668769,0.6492663048128398,0.5096680241542578,0.6053547572370672,0.5201497079830338,0.5633585251354891,0.5629034918064854,0.5777210718865281,0.5881940651075399,0.478715074882779,0.427698865159853,239,880157_fnca,0.0319916087901979,0.674741477776719,-43.59489026997844,0.0100121808689624,1.999999999716064,-43.90922059110483,Procedural,0.3143303211263841
882161,0.5182635917564774,0.4800747674050514,0.4545301065431614,0.4831307543182962,0.4337235018669612,0.48206192689604266,0.4582385832353474,0.5495825688940333,0.5482215655679581,0.5655922192069581,0.5091630403112806,0.5207240385103798,0.49055140052597407,0.5357472509971878,0.6435687482386147,0.5130410858176934,0.5607519795696654,0.44803762788251505,0.4836201372845781,0.5298353378032171,0.5254942659555453,0.567880045982242,0.42251799476291063,0.4208748063261049,231,882161_fnca,0.6678628747967525,1.999999999999606,-44.25290530055989,0.304484220103502,1.9999999999998292,-47.49338526721622,Procedural,3.24047996665633
884064,0.5751330341360649,0.5661896709379663,0.47161255628314913,0.49268762845523034,0.4667404602583786,0.5688755892774675,0.48752901471016247,0.5895171975329818,0.5696623741432885,0.5623182444444859,0.5777696091033736,0.5335874587599926,0.5455786967881793,0.6051738005412459,0.7025828575430378,0.555562424708365,0.6031892856591317,0.5397573341019392,0.5041745211244405,0.550867921649886,0.5938028328870845,0.6062301494944208,0.44514289270777524,0.46898617375777557,668,884064_fnca,0.0100000022144532,0.7785050691368238,-44.34151052023526,0.0100237763096962,1.9999999997783,-44.27514527614266,Declarative,-0.0663652440926014
885975,0.5595154462953689,0.521884237749822,0.5142324288981566,0.48105782542695913,0.44182969630272206,0.516326070699646,0.5056565066317651,0.5849765559744343,0.5864778365347997,0.5777085717616811,0.5507665705112208,0.5476110791886695,0.5091239259455456,0.5826254541832917,0.6415140499551804,0.5344555984433892,0.6027608557190746,0.4988119079209384,0.5428660469412807,0.5801618225911289,0.598880791090944,0.5887611055072324,0.43252026088152656,0.4196377335011685,4,885975_fnca,0.0100000000878338,0.025607840617458,-36.933261769598275,0.1554557129413739,0.6045141239501117,-39.151238365455114,Procedural,2.2179765958568396
887373,0.5437115674027587,0.5470794169402026,0.497900240520526,0.46731651333592744,0.44613480293838714,0.5465222817993732,0.5020502526311361,0.5859412945264587,0.5871149332200953,0.5630586851307592,0.5474258130940078,0.5292414549395525,0.5218441194645057,0.559453221598813,0.6501309902341125,0.5440943638015087,0.5653290946183944,0.5113602751110536,0.5136445064102562,0.5770051876383429,0.5713615109866013,0.5735521576413631,0.4465232030428416,0.4433522908031128,402,887373_fnca,0.2289324193619582,0.5704059752824372,-42.43438589945016,0.1151839949627913,1.998139694161116,-44.27413258737454,Procedural,1.8397466879243825
888678,0.5671020924577013,0.5454671773908558,0.44770530695634797,0.4555710278777018,0.4614069338321135,0.5686593374901565,0.4842482992906925,0.5530391550959559,0.5604476899736216,0.5260934862118356,0.552562758610412,0.5022831409986381,0.5367969843148099,0.5643154103053144,0.6548043022069927,0.5537970624111958,0.5960395422886307,0.5606051021379449,0.46066935409407345,0.557230993511913,0.5544122591210774,0.5852902322064275,0.39807599850434877,0.4535809873492261,334,888678_fnca,0.3132365248616464,0.7329880265395414,-40.17565128325085,0.0100000009562032,0.6140280973010096,-39.65093274605073,Declarative,-0.5247185372001226
889579,0.563815941918209,0.551012214091354,0.4460350459301602,0.4508396699343001,0.44432632852041487,0.5628515435939889,0.5090543981034321,0.5571738882974815,0.5338011126512704,0.5375757941852184,0.5164998718537647,0.5274899940036151,0.4985038656447993,0.5699901250655323,0.6413148733791695,0.5454399764098917,0.5748432285273808,0.5020711194283696,0.47019831309903787,0.5744757033429144,0.5753085537052532,0.5684915244294924,0.43866916266908995,0.4499483802020128,975,889579_fnca,1.1101391079102476,1.5100283219986952,-40.16492094633425,1.7641802945586325,1.9999888983625125,-40.33886414936464,Procedural,0.1739432030303902
891667,0.556742129833941,0.49933125749666424,0.4606384976183967,0.45508667988332263,0.440779004860849,0.5409595985752023,0.5132935361596752,0.5450377849790978,0.5302376638075889,0.5334393524576283,0.5350869332229562,0.48318932349186966,0.4977899122694394,0.5539523662335317,0.6640346087202578,0.5474712633559937,0.5954374127653285,0.489444688899143,0.49506534690825005,0.5762524169972587,0.5709143655490783,0.5920508353556293,0.42982996257553735,0.45112860530042304,959,891667_fnca,0.0100000000003823,0.1587059289820874,-43.2129259081344,0.0100000007047463,0.7101950086700767,-42.62450231866387,Declarative,-0.5884235894705299
894067,0.5574612006223306,0.5121584253437842,0.4786574047575154,0.4825828107587439,0.4280966221072356,0.5536692845066685,0.5294955203388308,0.5796465726766833,0.5624311114790145,0.573734179728144,0.5440317937844447,0.5208228802811772,0.5067931556827918,0.5492583542498427,0.6477386638182265,0.560228235182869,0.5863161527898244,0.5033913604486796,0.5322378955417468,0.5473814464033077,0.5677716893075254,0.5682098312826986,0.4497979625136052,0.4272324695889329,325,894067_fnca,0.0100382737078434,1.999999999764089,-44.45145825221155,0.0100286629831734,1.9999999992796476,-45.44587852960759,Procedural,0.9944202773960384
894673,0.589497779149171,0.5632489823647662,0.5250074396829394,0.48522961645716167,0.46297486996244075,0.5845148293239726,0.5109194431449136,0.5874620770322031,0.5773729391578624,0.5809218359398115,0.5679067619826588,0.5443950893604153,0.5268496230177128,0.6094202375599856,0.6722123108913521,0.5696112609525852,0.608541176238674,0.5022945178044534,0.5313841443289796,0.5890912123432176,0.603769420005291,0.599773666279689,0.4840836711826973,0.4737785048718889,774,894673_fnca,0.0100424397040476,1.9999999992954376,-44.36767046173658,0.010026740009555,1.999999999152869,-44.38561215392219,Procedural,0.0179416921856159
894774,0.5451094167131755,0.5045740152700676,0.4656000085984679,0.4473161523171131,0.4381448046135996,0.5769578877832191,0.5174470531914614,0.5629278291838933,0.5406217018510511,0.5626318733171327,0.5728766241115876,0.5080667522889323,0.5234181192132152,0.5629868194494572,0.6217967182962785,0.5437460456012086,0.5682237055743217,0.5185922272891392,0.4955213321553071,0.5470835730469353,0.5586576902005667,0.5424434366689416,0.45090739979253497,0.48270912884529776,219,894774_fnca,0.0100601806059979,1.9999999998968765,-44.46992105641173,0.0100076108247942,1.999999998908872,-45.75544226552181,Procedural,1.2855212091100796
896778,0.548696578876469,0.5255100752867388,0.4924638951552942,0.46574945655714806,0.4443379692968501,0.5227489068267065,0.47973887998877096,0.5680251548448425,0.5764075281841026,0.5472823776604194,0.5277183852873176,0.5209338404111885,0.5004946327657397,0.556001775394255,0.6250314065553453,0.5672369853731388,0.5888995927313192,0.4714300764926158,0.4969486596932618,0.5518743332063543,0.5808066667491616,0.5894131145240742,0.45108129365197724,0.46998398419017035,260,896778_fnca,0.0100466078694037,1.9999999992351725,-44.41720812309291,0.01000739149457,1.999999998827429,-44.72593063781907,Procedural,0.3087225147261563
896879,0.5904086239393223,0.5360193772514829,0.49957482078899706,0.48982582473888614,0.4853697806889206,0.5377030071649291,0.49983368414902,0.5704367662157727,0.5674055361831227,0.573195127173642,0.5559276196818298,0.5162140601174054,0.5027267531550794,0.5802340408748232,0.6746859879245827,0.5811662376763667,0.6020468409776646,0.5061445332650077,0.5252108112091647,0.5700709773580552,0.5916047755312512,0.5836603623380854,0.4707892885841559,0.4657413647147887,845,896879_fnca,0.0100467685303828,1.999999998499079,-44.41312804598494,0.010024715625761,1.999999999622356,-45.222434511908105,Procedural,0.8093064659231644
898176,0.5276851250529325,0.5236726319593091,0.4789948357739667,0.46499869758049983,0.42311119981810236,0.5102823493192195,0.45714760328226084,0.5499321295924496,0.5554340163708428,0.5388174550015852,0.5161091643425842,0.5148158505954425,0.49427345263653677,0.5513225948626418,0.6586220752291454,0.5632055093207309,0.5589105073709534,0.48770647293500874,0.48759010642230033,0.5431011201129234,0.5766212961671847,0.5670430047458759,0.40972916381475377,0.44226482334799627,254,898176_fnca,0.0106610789350102,0.0615604543494657,-43.94894515280842,0.0100000003748926,1.8279226097825632,-44.33834983809752,Procedural,0.3894046852891009
899885,0.5229831492293946,0.5412619012802373,0.45169383371046506,0.47183938449233553,0.43230589568884314,0.5345713820119006,0.4913839973625807,0.572023114447898,0.5620931954007803,0.5553915979696685,0.5065540045783963,0.5409132004198567,0.4969280240120449,0.5495231214857927,0.6730960329044982,0.5203648288400691,0.6017895919046024,0.4811369673595097,0.4813630877785166,0.5506440739125168,0.5790415824649393,0.58132302686696,0.4238526354899723,0.4201234993799442,734,899885_fnca,1.590975647533328,1.9999999998560545,-40.93395157931942,1.09592460421492,1.9999999997732747,-43.09336171003925,Procedural,2.1594101307198272
901038,0.5575296759690748,0.5101989137747464,0.4867363854131279,0.5032006060375608,0.4509208545178869,0.5470537710819151,0.5203316196207642,0.5679416257100489,0.5457390880954504,0.5810775180516866,0.5182481771262119,0.510536543895954,0.49544589945099093,0.5640034096054112,0.6484821862382536,0.5488289600504681,0.592766981866448,0.47952028602005403,0.5206477433682676,0.5577341767710552,0.5806422773675542,0.5762391000858685,0.46576952284528444,0.41979207909646926,800,901038_fnca,0.9395062213307948,1.9999999999199525,-42.9252517628067,0.3902479808535732,1.999999999999862,-46.75039032666,Procedural,3.825138563853301
901139,0.5684484336847845,0.5569620465529246,0.4791544091990877,0.4838471397917477,0.4592951548897284,0.542535879480202,0.4789303221369249,0.5598150918929968,0.555622509234434,0.5482871965598561,0.5290300674406716,0.5398849051618013,0.5250925082701481,0.585932244556881,0.662904322242242,0.5421374414118495,0.5988681824250134,0.5103933187069924,0.4995844602363581,0.568999163518018,0.5883139198560072,0.5909074478876845,0.45213781365705985,0.45279715611388555,400,901139_fnca,0.0100447050929434,1.9999999994625175,-44.484505202493736,0.0100040958974604,1.999999998256106,-46.38769352964023,Procedural,1.9031883271464949
901442,0.5435983821615222,0.4998289297516708,0.4737407977652239,0.4835410958015382,0.4498444258113434,0.5122087088441449,0.4897618416391422,0.578096770116999,0.5783607229717367,0.55876122897516,0.5235399325361412,0.5144590566133544,0.5026552722985288,0.5793608045938281,0.6651103730560348,0.5214866497832558,0.6024074306454487,0.4674883438578318,0.509072414665246,0.5600768504623364,0.5960258432831971,0.5889982496318542,0.4271506980312707,0.4114133282202561,575,901442_fnca,0.0100000417692565,0.1993838599617479,-44.20104905445811,0.0100242668778426,1.9999999999975524,-44.22202261020393,Procedural,0.0209735557458188
902242,0.5702028833040843,0.549086190712803,0.4856362271599557,0.4883465146113589,0.44761859660035896,0.5446636380252915,0.5098789516750226,0.5497825739243036,0.5476908548333753,0.5649134743859537,0.5159616699033303,0.5479524182158344,0.5099926928914494,0.5896842844857645,0.6755092665957585,0.524538580337588,0.6282200917461688,0.5195201161803888,0.5153946736308758,0.5892688875221455,0.6029242774217791,0.5895676322852725,0.4305263029652176,0.43894526080867274,628,902242_fnca,0.8406299420657772,1.7173432696595283,-41.217943647177634,0.6479679701574004,1.9999999999998443,-43.65527987940838,Procedural,2.4373362322307486
904044,0.5003391610068894,0.49578022988929793,0.45629470682106116,0.46934532484494523,0.4275194314242853,0.5171231856768533,0.4844116668339191,0.5349594057340326,0.5515043537828399,0.5263354496238997,0.4822030452784071,0.4977306750252275,0.47882645412190394,0.5390149405917785,0.6452985761729693,0.4842110036825369,0.5696109919552304,0.4495499253168883,0.48624679995756526,0.5293446520845956,0.5531529516397157,0.5408479567484796,0.4310973251674027,0.42207629416779435,304,904044_fnca,0.0100383700458569,1.9999999992572377,-44.4463090402952,0.0100000005496515,1.9999940913661332,-45.90887246424361,Procedural,1.46256342394841
905147,0.5292386868379958,0.5108914292344062,0.4246578638857935,0.46052786834220477,0.4385481571478651,0.5026485033879682,0.45661946448867186,0.581477863226575,0.5692906812837777,0.5390036659059573,0.5108404949804765,0.5150418791458127,0.5070245807778471,0.5583019723681774,0.6739070965607395,0.5132741195966625,0.5803573474935587,0.48702828588940716,0.4436479511946223,0.5447118039067579,0.5532528293112366,0.5864475903146793,0.42657154088203436,0.4655201346477261,43,905147_fnca,0.9895871921104396,1.999961940404346,-42.30929061226954,0.2081559494701789,1.9999999999998648,-45.435446735860275,Procedural,3.126156123590732
907656,0.5491419632255398,0.5290431712690474,0.4599544064609164,0.4713152611404103,0.436985695900953,0.5306198982096078,0.46314937447796417,0.5603308915756867,0.5399655614850947,0.5426528461447954,0.49935533831762524,0.5341068530196746,0.5025170385948512,0.5660341726958533,0.646264592641439,0.545551205260778,0.5790664751701622,0.48849385750730256,0.4966130648084926,0.5651432596608901,0.5789323547342802,0.5835506762011261,0.44220197985664894,0.4339715222775576,735,907656_fnca,0.0100648611315628,1.9999999991892816,-43.70498765525995,0.0100093871490185,1.9999999988529824,-43.8350257177786,Procedural,0.1300380625186505
908860,0.5273652772774802,0.5343810478091933,0.4869684718975343,0.43834111365919726,0.44041397221114736,0.49026264277087656,0.46631985278543264,0.5706054647469352,0.5674076119274308,0.5072329346995409,0.5193951176132278,0.5036640752125856,0.5123682346532401,0.5787086435514036,0.6418534334896536,0.5155442315128468,0.5673965423936355,0.5035461050412331,0.48925960647590266,0.545334822675764,0.5562133382443238,0.5577536530967603,0.4350521999233991,0.4240637706934358,284,908860_fnca,0.2403534946441392,1.9999930287908476,-44.815255020211495,0.0920937895496406,1.9977251262395632,-44.31809063869274,Declarative,-0.4971643815187576
910241,0.5718895083027845,0.5046025184836144,0.4678240067167642,0.4718629525179182,0.4476850040154398,0.551937845629798,0.5090574625757021,0.5800114754680222,0.5834250613215135,0.578879474724906,0.5606194068716939,0.5287597687392748,0.5186839884283354,0.5779340839064467,0.688428971960398,0.5612609973849593,0.6093387849539244,0.4915298095883491,0.5107198160416666,0.5753705787006349,0.5999644121857332,0.625562173439247,0.4476771071690503,0.44346945555281553,32,910241_fnca,0.0100439475201261,1.9999999999743576,-44.37929768130053,0.0113561680102903,1.9999999991019544,-45.071538460372075,Procedural,0.6922407790715468
910443,0.5185642690446313,0.5034212175326612,0.45995243832222676,0.4343565327700679,0.4197967563836599,0.47518600656445115,0.43933008335349116,0.5648249329936355,0.5583896467209217,0.5189873953517499,0.5137664731514231,0.48193546033044804,0.4976556245590911,0.5625582506755596,0.6373741769919585,0.5119837519366692,0.5714579392658087,0.4822947164250276,0.475975490031206,0.5437054762607003,0.5648307858431261,0.5679640733800931,0.42540368974169424,0.4373959800357984,620,910443_fnca,0.018001126387705,0.1295847310923492,-41.89384157915705,0.1031003068208755,1.200926451015023,-42.51328199055712,Procedural,0.6194404114000704
911849,0.5465492478570081,0.48683588837077424,0.47828493126993415,0.47074849464808827,0.44445210434444277,0.5384758209683806,0.523024742696288,0.5782731630127844,0.5773490486887413,0.5606208895484805,0.5362226093230305,0.5303150679329438,0.5075721807255303,0.5769059046409373,0.6370880925331084,0.539687215253412,0.5768763987591993,0.46915755666674613,0.5224569934548184,0.5703972474377939,0.5737166880592993,0.5752512302689936,0.42653690289308005,0.42703488737533507,897,911849_fnca,0.0100562825856643,1.9999999992615345,-38.14824626519039,0.0100289952201802,1.9999999994261537,-38.39481065718342,Procedural,0.2465643919930329
912447,0.5263009051246006,0.5015103281680257,0.4504865147148432,0.42964256553714897,0.4352548137723295,0.49099397048314375,0.44320570990283675,0.5523831590398469,0.5506632875392674,0.5239228364698192,0.48370693605616916,0.49064807048840975,0.4606604963761899,0.5397005029382032,0.6036768050988873,0.5064752002389781,0.5877344735912491,0.4768855732701713,0.4722714697694395,0.5355884183606984,0.5203881332845196,0.5860187094320857,0.42423788316138433,0.42922511171093747,382,912447_fnca,0.010001812688438,0.0794062011060808,-43.49802520277889,0.0100330664282135,1.99999999896472,-44.566095606587,Procedural,1.0680704038081077
917255,0.5683603129851743,0.576733183900241,0.48236465935757267,0.4687673434887884,0.47886249883299925,0.5753786581360245,0.5092578478082399,0.5981712183968595,0.579235287051268,0.5394964324871794,0.5357154208487185,0.51440093656391,0.5096178553355692,0.5799579837685656,0.6630423691659899,0.5568206748906621,0.5732398591981723,0.5230366694542756,0.5206520406780782,0.5643508545835266,0.5846011283387107,0.5858334083489681,0.42866158066792737,0.437093059621525,343,917255_fnca,0.3348138863085048,1.1993476111873111,-42.19545895230399,0.0100000012071992,0.4826138437431752,-42.08038327336469,Declarative,-0.1150756789392986
917558,0.5535721127450262,0.5470758697094898,0.4845199240568205,0.46564548737761363,0.4441224384859131,0.5519961915580401,0.5296409489057534,0.5652881983509557,0.560729510623755,0.5706185058224119,0.5366736832730671,0.5318615903707647,0.5015499828573149,0.568856528439206,0.6322358461114875,0.5610629268581268,0.5823304475052857,0.4850163204570432,0.5289026404692594,0.5764924032666228,0.568789163403548,0.5832794205266768,0.4506627669631873,0.46752609377453624,694,917558_fnca,0.3448020365838481,1.568754610910982,-42.74025095236931,0.0100000006231568,0.296281690563455,-38.863894608187195,Declarative,-3.8763563441821134
919966,0.5835534896177998,0.5221035765069345,0.5074277695761027,0.4521252078572846,0.4814692448010618,0.5795915541333151,0.5506013235481008,0.5779900914352203,0.5641142868315778,0.5284277677021997,0.5353201999516344,0.5021528977182121,0.5212610281408939,0.6070106728278677,0.6607296406868208,0.5440635562138819,0.6230447427819749,0.5342693366140798,0.5215811825647575,0.6111603688915792,0.6035174579731816,0.5900814617325854,0.4365036480170086,0.4497361594654414,662,919966_fnca,1.248672162910703,1.9999999999418627,-41.3125655497272,1.694190875177569,1.9999599922041544,-40.89081736110434,Declarative,-0.421748188622864
922854,0.5594403336257566,0.5543350869634542,0.4695897022672784,0.46639013148687114,0.45951626353405556,0.5244304766433092,0.49050523954406655,0.5879579189395197,0.5830924335199686,0.5445632083069165,0.5449212644605516,0.5025960310964754,0.5244193660494443,0.5720871035917531,0.6642757003998541,0.5810921768617409,0.5600540847173316,0.507007298909682,0.4863215130057643,0.5559166601074067,0.526726519122378,0.5758706504211585,0.4538431791380651,0.4729801220981624,464,922854_fnca,0.0100008267421352,0.1360105771010541,-43.93263639526201,0.0100295227841844,1.9999999995169424,-44.44887421475315,Procedural,0.5162378194911383
923755,0.5559506276074757,0.5433516830536539,0.48455269082888963,0.47247818570051975,0.4507988463463059,0.5518807902221571,0.48079811320581956,0.5461034687722975,0.5521553832714156,0.5518569091370225,0.5307454864092656,0.5319397766649783,0.5165861644363104,0.5768816742694445,0.6705757632295043,0.5560801788038572,0.5829421954397366,0.5024598626091407,0.5105253300266763,0.5690538500835369,0.5607604687189487,0.5712118015933331,0.442292762454368,0.4426297356533509,812,923755_fnca,0.0302983435521732,0.1776843140062014,-41.97014617288131,0.0100000014175689,0.5797430893641244,-41.337656437327624,Declarative,-0.6324897355536834
926862,0.557658797979849,0.519733762130731,0.4615356748678277,0.4582338002926217,0.4478376075752599,0.5820101271447586,0.47438679004030143,0.5581881254829661,0.5500810693433932,0.5304811087411637,0.511526849729099,0.4964335121008537,0.48878152043186335,0.5692900821919218,0.6388683155689531,0.5303955164287274,0.592284242902401,0.509188146613135,0.4667305106839873,0.5539519308760597,0.5840915606593985,0.5685075785695064,0.40670356144489034,0.45070962669281206,661,926862_fnca,0.5367496154455879,1.157217102911381,-41.32940710330775,0.0100000012688109,0.7767107733364866,-39.35974044113494,Declarative,-1.9696666621728127
929464,0.5627398281823531,0.5072086332085144,0.5272944607229902,0.46584571779657374,0.4382257956028716,0.5526506498400974,0.5370833982611465,0.5873438718457199,0.5986070624496054,0.545277642517795,0.5402380813502612,0.5590082125420931,0.5459712734832374,0.6059390860414267,0.6518014108461186,0.551940959350889,0.6298486143826278,0.4933064245877933,0.5464875578429508,0.5987180892000742,0.6018963299341791,0.5954055294202852,0.45210977076911185,0.4328727679241662,266,929464_fnca,0.9532902156474042,1.7365407916055795,-42.00187479029643,0.0100439281016091,1.9999999989807289,-43.970138410364015,Procedural,1.9682636200675887
930449,0.5796342916143934,0.5173031095595821,0.5158323099950758,0.47668357042299797,0.45309384726809404,0.5374454874098152,0.5014395287526682,0.5829732906383013,0.5968295378645295,0.5584404638859686,0.5335466466559093,0.5133577513325402,0.5086520840541473,0.596766871531861,0.6603274920646727,0.5883476258885172,0.604213931372285,0.47543839291054374,0.5242065623479825,0.5786534051985883,0.5878262206498703,0.583827292875364,0.4514163227406124,0.4559394503145438,421,930449_fnca,0.5165458267470708,1.9999999998773847,-43.55069780533694,0.348270996976554,1.999984440601018,-43.64374955325841,Procedural,0.0930517479214714
932554,0.5629907103997498,0.5525112621972528,0.48602174190707825,0.4962849739495514,0.4473026875228529,0.5500678246052556,0.5184826294331484,0.5540896693968751,0.546131311108483,0.5528021764110168,0.5397128260181949,0.5116046612468971,0.5114181899226192,0.5708810367191388,0.6744157562235747,0.5137359507214089,0.598705673664798,0.5095305435588873,0.5223973316960453,0.5646153147421922,0.5958764689013512,0.5869671878310114,0.46237335061086143,0.4388777970537987,900,932554_fnca,0.010058297414918,1.999999998319657,-44.52070335912999,0.0100186732404437,1.9999999997982432,-47.619500240223125,Procedural,3.0987968810931363
933253,0.5084764516902848,0.4972869875096963,0.43778165681062725,0.4347149594294138,0.43786161637704074,0.5055487329496534,0.48546240607804647,0.5681879197543789,0.5649877243855629,0.5162867502599141,0.494621633220907,0.48854201686651677,0.46625719282184214,0.5521405034923453,0.6314787380556548,0.5027445396967374,0.5669241277456716,0.4838483950807867,0.450990192653676,0.5399738838868513,0.561192876095582,0.533133523865399,0.40756710921326134,0.44148691344210633,462,933253_fnca,1.5772238813538684,1.9999628571019787,-43.06023973247461,0.0100100932837944,1.9999999997874516,-45.108501637203325,Procedural,2.0482619047287187
942658,0.5344127238678202,0.4870207558390379,0.46764759482351353,0.4691639354361508,0.43178632271452605,0.4774907049695446,0.49122340497037276,0.5564552923121308,0.5751027144025587,0.5304221821204224,0.5187021365858658,0.4978623969887337,0.48796707047329846,0.5633120915201857,0.6203882428599308,0.5369389368223165,0.5571826707570304,0.4914835354237324,0.5120105790780878,0.5529630534260953,0.5459939408660366,0.5590531210420007,0.44845771198777934,0.4310914180591706,194,942658_fnca,0.2154850626103475,1.945948845815773,-44.154141121014526,0.0100399682915479,1.9999999992378936,-44.46170819499985,Procedural,0.3075670739853251
943862,0.5305584116610628,0.5326006216003009,0.4806442449382895,0.4636251283727181,0.44457027632638285,0.5640087457681588,0.48613078430354256,0.5687374045423587,0.5571001052095642,0.5402033308457437,0.5148489451105095,0.49274185883551863,0.4687651346690741,0.5525706909950177,0.6218673635241077,0.5036088536590382,0.5441778529754632,0.4907417379119084,0.5078170335270776,0.5558651731435339,0.5569265780661378,0.5595654549280327,0.43794854600067334,0.44172453671980627,223,943862_fnca,0.5882560671075021,1.999945246115556,-43.55289553011572,0.8490596551334478,1.9999999999999252,-44.10205309792917,Procedural,0.5491575678134524
947668,0.5576759071769287,0.5338727193914389,0.5043958769292022,0.4452596548146586,0.45454819143123965,0.5416728900082917,0.5332275258741538,0.5827176868624602,0.5576007967844637,0.5180649626788781,0.5682097262008367,0.48461340504133743,0.5168163158012377,0.563593532888211,0.6402712532097395,0.5650676469488566,0.5924743644485228,0.5266479575098614,0.49629139761145863,0.5777436159874348,0.5706539480083318,0.5621927574769059,0.4226591732287532,0.4654514443425663,519,947668_fnca,0.0100552306798985,1.9999999989050168,-44.3650605694624,1.489425909626365,1.9999999999999032,-43.66722078231462,Declarative,-0.6978397871477782
951457,0.575888931446358,0.5434150269006468,0.5150704896486437,0.49843638503741305,0.4790257105341037,0.5709220398699347,0.5391218595600451,0.5890947039209489,0.5908545695674379,0.567166883690597,0.5625261588823662,0.5342165330136354,0.5322870985789679,0.5876651189104092,0.666184465652553,0.5379891478136486,0.6261589713363461,0.49051222620544416,0.5225756262401677,0.5959689100558209,0.6003610772986676,0.5893702326387151,0.4589316435901467,0.4568672009074028,696,951457_fnca,0.8991899186680076,1.2781868127886866,-41.19728494859463,0.3832814885347901,0.7585442416851943,-41.04653902447887,Declarative,-0.1507459241157605
952863,0.5490120649602241,0.5212460800848572,0.4850596772443263,0.4780798615667605,0.4687895874365229,0.5523129610886783,0.49317203703254703,0.5676459871168718,0.5572842828431527,0.5467347276844263,0.5501184031800826,0.5188534769799698,0.5393889566492251,0.5703511915983791,0.6784527655391621,0.5133450465580346,0.595500969150957,0.5240297959342037,0.5014216068983542,0.5716621701073552,0.5736105460857827,0.5940400461913657,0.4012080445194961,0.43388748526069015,184,952863_fnca,0.0100580637977296,1.9999999996764568,-44.44354734330064,0.01000000083327,1.9999866093510532,-45.88709088797195,Procedural,1.4435435446713072
955465,0.5530605156651944,0.5104681435051169,0.44254503424958036,0.4260613719938393,0.4516193813140392,0.5465038323995404,0.4955615698817659,0.5588080617979696,0.5554980997970826,0.4862918071616371,0.49831197907695457,0.46720403484921186,0.4966930922289695,0.5688421524560764,0.6517773490932359,0.5261441284072209,0.5705570047682595,0.521203718398965,0.45656198892653793,0.5533758409568975,0.5584901385555291,0.5453677501016998,0.42601399736567,0.40890990142166184,972,955465_fnca,0.6481333420639793,1.003175663316242,-42.231382343305256,1.0010131666348392,1.6438712549636656,-41.98020551271797,Declarative,-0.2511768305872834
957974,0.5815230427816721,0.516135140208474,0.49432558726441445,0.49015698759311627,0.45608792275018784,0.5507943259229633,0.5101749190322092,0.5909701186718589,0.5746983833495034,0.5609541781715848,0.5457056579273485,0.5206048003007532,0.5140070368537393,0.5738061015971313,0.6470653169243112,0.5648086568918139,0.6001454686983871,0.4854131910038933,0.5253964566879017,0.5953781344713626,0.5857927879860501,0.5900087488083432,0.45019266798427365,0.45033570775700715,408,957974_fnca,0.0621646841336364,1.1878591783965478,-44.11144084318546,0.3622738089504097,1.9999999999999067,-45.21681653457359,Procedural,1.105375691388126
958976,0.5182849265368364,0.4855460323639822,0.46537192932263516,0.4644597099623201,0.43782909478053705,0.48514547747366854,0.4570817365564507,0.5492663732675396,0.5693704985765516,0.49398220075310206,0.4575932187338122,0.46226790634473,0.4553507752856198,0.54062732788642,0.6541117491911334,0.49612416603938064,0.5550461162073315,0.46590894852517956,0.504154155032064,0.522613321164759,0.5301923395454723,0.550613701544341,0.41363163427846905,0.4152822154319884,114,958976_fnca,0.1510270713505155,1.6438445108261166,-44.193209240539545,0.3855642696945859,1.0691061081013902,-42.807314109968026,Declarative,-1.3858951305715197
959574,0.5442549674078448,0.48231060382087826,0.4933100250567,0.469771189927675,0.414476502572628,0.49640024662170407,0.4784512500691587,0.5431493556734759,0.5608459165242905,0.5626418811767221,0.5247908851933849,0.51893692764102,0.4848628327609898,0.5579669442470787,0.6266012760528993,0.5206403411264187,0.5742845139059146,0.45472913540435966,0.5292366744436813,0.5527264353855817,0.5458506186615029,0.5534035293186974,0.4491641528305231,0.4298969420794718,872,959574_fnca,1.529905411155658,1.999999889522878,-49.46198819011478,0.0100109980525065,0.5995734807720872,-43.54071457854676,Declarative,-5.921273611568019
962058,0.561852463271195,0.49559388888585787,0.4719368360648806,0.46158693775611875,0.42990256862497117,0.4946694475115099,0.4888621796174156,0.5515217885752598,0.5490808119461392,0.5497259186672958,0.5162215090836647,0.5196928666082574,0.5190491148665196,0.5439277539474461,0.6319539766792165,0.5812171780630379,0.5885974277503209,0.47092096544290896,0.4992410714968439,0.5521682774682211,0.5517112148397553,0.567314653242321,0.41750019303346214,0.4351709748638548,849,962058_fnca,0.657091554599044,1.6675585378658553,-43.22231509852383,0.0100000009907828,1.0974897846615883,-43.968795493727576,Procedural,0.7464803952037471
965367,0.5632849359728285,0.5096698797071594,0.4684664555987828,0.4843738778873869,0.44529917958108045,0.5447064352939869,0.46137959414055224,0.5624699725219835,0.5432060767461924,0.556344624814261,0.5327899633364218,0.4944265940661419,0.4776232521940394,0.5575561021059503,0.6535514630317687,0.5267540663154954,0.5846044911927318,0.48370969117576146,0.5054597766219708,0.5674653695125825,0.5708632177892915,0.5765143531690985,0.4335207742398896,0.4191331043756544,250,965367_fnca,0.0710134501176702,0.7814848693165528,-44.11930484632712,0.0100000014694848,1.240064139769424,-44.0709840179553,Declarative,-0.0483208283718212
965771,0.5440393048744089,0.5217110249096022,0.45947667128560354,0.46256147534435627,0.4344956299066236,0.5112470399556446,0.48407446185141884,0.5373470758746838,0.5409858003092394,0.5169524710174422,0.5005969291797558,0.47370524381517837,0.4921236032119845,0.5610872213890512,0.637691687954387,0.5211386064823895,0.5783268588391062,0.4719570670080684,0.47391177708697024,0.5552963804630986,0.5601022544205231,0.549678241515336,0.4356948959245183,0.4480593205806306,171,965771_fnca,0.6089424326407825,1.9298739607678828,-39.76380495766448,1.2617233871759503,1.999999999991925,-38.87465627432405,Declarative,-0.889148683340423
966975,0.6071862646935214,0.5494832435915815,0.5011725269893946,0.48698718021296744,0.45730378744073413,0.5556121870227699,0.5317347100173272,0.5814923864971419,0.5800148927564586,0.5667403006737421,0.5135594579055262,0.519473492681098,0.48747262326110224,0.5823360156849631,0.6711630823124275,0.5632379148800235,0.5757941756986819,0.5208117235249327,0.5367797179750354,0.5938073364073995,0.573161767619687,0.569110995087002,0.4365021215468204,0.4559275213370239,834,966975_fnca,0.1539579456915417,0.943223356031592,-43.87496021492543,0.0759746988855466,1.0663839109815303,-43.94772999398432,Procedural,0.0727697790588877
969476,0.5838464553182963,0.5423825230837128,0.4880005606833768,0.4608557438807537,0.48059564606848276,0.5664492078895509,0.5182220302397693,0.5727335081306332,0.5655172984225603,0.5210134693809398,0.5709832814963086,0.49759104072826404,0.5338625537305194,0.5699459553065488,0.6516059276177124,0.5513865067626815,0.6002039036398409,0.5481242553542157,0.4822420695062336,0.5477890488167507,0.5858063462244799,0.5999246250983239,0.4297232797274694,0.46754230980375083,5,969476_fnca,0.0284149930476831,0.2509087805072307,-43.92333931801976,0.3562718975887906,1.999997006482178,-43.90355002700967,Declarative,-0.0197892910100847
970764,0.5492493936821454,0.538373317660206,0.4947750198673635,0.48210529790301726,0.46124018011610574,0.5177256760905308,0.4619377947081976,0.5771515497533406,0.5718647456721242,0.5712821355353985,0.5404538694117025,0.5246817053459647,0.505772117884214,0.5973488383190952,0.6622523484587766,0.5673892511016141,0.5987317406231278,0.5041471002427218,0.5243569310423832,0.5621958405780647,0.5744058517767706,0.5736727032759885,0.4223019291007873,0.4739029361347985,122,970764_fnca,0.010038051201411,1.9999999995089173,-43.77025700725757,0.0100075646021288,1.999999998897048,-46.19117960853197,Procedural,2.4209226012743983
972566,0.5126172523484543,0.5097352859635087,0.4273245533650536,0.4285469560009578,0.4290368985702289,0.500810500749512,0.4556193202931059,0.5623831074610328,0.5449508797635542,0.49969711870713335,0.5052781658176986,0.46395864386527463,0.47088133677483673,0.5625124553338307,0.6191857444373329,0.49454991124895803,0.5370216939134417,0.48615615450605487,0.4546870999733861,0.5305448227594649,0.5261908736889273,0.5389082318007626,0.38848248184170225,0.43290432084142116,724,972566_fnca,0.0100432669905896,1.999999999206323,-43.676150779048136,0.0100031470887856,1.999999999086126,-45.80146705159069,Procedural,2.1253162725425554
973770,0.5880880894451839,0.5580589697776123,0.48947984310942644,0.48448807483616574,0.46840862321816096,0.5787179869737173,0.4854219043638267,0.5921894745935303,0.5899195738683997,0.5586620774412515,0.5724083543428392,0.5068612708841688,0.5231019046767482,0.593036685240333,0.6699553614912576,0.5767721939511032,0.5941301380426506,0.5365336795570734,0.524025398500413,0.5820181576396961,0.590357900697819,0.5959349899715556,0.4088648713892235,0.4791071939794164,732,973770_fnca,0.0516576865657049,0.5350813341953763,-43.5928845121628,0.0100000006564247,1.676818806678796,-43.66401429666942,Procedural,0.071129784506617
978578,0.5510692685849123,0.5245147852393361,0.4752527155758205,0.47815353194737825,0.4339510037966206,0.5701909933721098,0.47271940064890744,0.5778069534509364,0.568540888698209,0.5637342941990721,0.5313196226189217,0.519710854527593,0.5054767737387056,0.6005702912020082,0.6936102894494783,0.5420607815001194,0.6197686639634388,0.478330855422179,0.4869421962078346,0.5728952939022641,0.5914848444532809,0.593942727978563,0.42647609640019724,0.4782334321138045,461,978578_fnca,0.8334280875618507,0.9988556753708604,-39.58155513693154,0.3444274083872368,1.517395725060959,-42.62406007928454,Procedural,3.0425049423529984
979984,0.5293435321757495,0.5467664798228569,0.47475414343220207,0.43892472652302095,0.447182103976428,0.5405235873905658,0.5008089637867638,0.561041353168158,0.5623415623328281,0.5139095871886915,0.5311638867491656,0.5000238014920975,0.511659623828679,0.5826527549578099,0.6421163775057839,0.5079613609333752,0.5910940361061333,0.503982123695254,0.46405335375487666,0.5617978275852146,0.5698405783015148,0.5636917035384718,0.3915604123992536,0.4279908812419963,876,979984_fnca,0.010040981149398,1.999999999214158,-44.372951187930234,0.0100472057747472,1.999999999211891,-44.8085189494042,Procedural,0.435567761473969
983773,0.572372464236942,0.5335810522624269,0.48751179727123684,0.46415617975119683,0.4585440674668113,0.5502601496249386,0.5018337124092482,0.5779951730675511,0.5648465558935293,0.542124348000128,0.5447431755051482,0.5099237657751149,0.5239352801323958,0.5914328603511692,0.6813403604042877,0.5286917119652861,0.625411072143438,0.5132805661478256,0.5038039414098644,0.582104698361601,0.5986052601154801,0.5765650585984521,0.44881621251515774,0.4677217115040563,548,983773_fnca,0.9469754767961276,1.8442052025400733,-42.21659977463354,0.3295394215380746,1.3915633633000062,-42.0027737497593,Declarative,-0.213826024874244
984472,0.5555144629170267,0.5627400225909927,0.5262294332399038,0.45623655707071625,0.47584696891515504,0.5693883956285787,0.5253770865522783,0.6091899561660634,0.5890998004999038,0.5605558038738764,0.5863436169730724,0.5267589244121627,0.5358516727974392,0.59666162249935,0.6618966043083891,0.5483929325306479,0.6119935431051189,0.5299922716614411,0.5222689414695916,0.5997068070361616,0.6097250406185306,0.6228800200979429,0.40508727016567897,0.43070750855005047,516,984472_fnca,0.9169531332221356,1.9999999994661948,-43.30447137532701,0.2392163906692413,1.9999994756707555,-43.90046771126736,Procedural,0.5959963359403488
987074,0.5648504791081809,0.5598236018406828,0.5192624204802567,0.4476310399186979,0.48356031097099395,0.5490617082225865,0.5095217906722772,0.5885378471080531,0.575693547828622,0.5413730659678151,0.5607881773155561,0.5035538870650376,0.5451569984577539,0.5890712560617956,0.6561900690441363,0.5138343498687582,0.6106988525597924,0.5564640205820672,0.5317515500444258,0.5657010075517624,0.5743489584230304,0.5806120791858169,0.4309148505187979,0.40348320749175437,917,987074_fnca,0.1865233902588176,0.9849259606602208,-43.86338123023625,0.1918725139669162,1.99999936458198,-44.32258475021371,Procedural,0.4592035199774571
987983,0.5554699603343708,0.5246469731613657,0.4463142701090036,0.47920944033298357,0.4497350056985603,0.49861400557892943,0.5033100704345226,0.5624782511433705,0.5552756348960143,0.5781401284935814,0.5440794864016673,0.544218855767152,0.5195300049732964,0.5762960657372852,0.6717155081502287,0.5134276359882546,0.6125375051932932,0.504002508049956,0.5092068293134256,0.5636447918349937,0.5846045023834933,0.5892926744584058,0.4227877176882005,0.42506721381567436,769,987983_fnca,0.0100471072521876,1.9999999984297143,-44.399692720996576,0.010005175532427,1.9999999991204316,-44.7399414273172,Procedural,0.3402487063206223
989987,0.5763434779758366,0.5493930236654311,0.49169761466496004,0.46228876831800536,0.46157139697725724,0.529473361881402,0.47794991010607996,0.5684521445830605,0.5496352503024515,0.5190062103230025,0.5503381117932183,0.48426931784293387,0.4908611739828839,0.5731626650136842,0.657621448092374,0.5896083893436714,0.5990213662312263,0.5121126649911407,0.4614575294761184,0.5644739950164891,0.570527743514964,0.5577226978992311,0.43076212438808276,0.4547538335508326,810,989987_fnca,0.2391796578943976,1.1873505393782322,-43.43723570747682,0.2031620232170502,0.9801024310705976,-42.85313492470444,Declarative,-0.5841007827723814
990366,0.5896343193063287,0.5230434892186026,0.4947154318540717,0.49829297213109536,0.4768398143580825,0.563264021938175,0.557815737223752,0.5792484011696764,0.5723393951210664,0.5521847345723593,0.5347471188199495,0.5215403140127319,0.5208623985465239,0.5943658311666387,0.6799944887276778,0.5452999916798048,0.6045360589849063,0.49528747735183587,0.520626180705415,0.5867199550421607,0.6046822581006484,0.5840754629550865,0.4381243762618538,0.41989455202389114,257,990366_fnca,0.0100000000015765,0.2807989202158967,-44.289399926853726,0.0100103708574955,1.9999999982985923,-44.697484898175,Procedural,0.4080849713212728
991267,0.5634037188375811,0.5194123318366848,0.5042384314945009,0.46971681044675895,0.4392753986555185,0.5350037019818162,0.5046335599794002,0.5777518939327967,0.5867160078909461,0.5521861947439866,0.5443215664455842,0.5334144976962574,0.5246208682340522,0.5867204481171346,0.671314520197119,0.5881631554962242,0.5890171148297311,0.5052583322152142,0.5279731670756529,0.5653695913021949,0.5973391898264958,0.5929277306320009,0.4491263592619936,0.4655245907981629,814,991267_fnca,0.0227987899336083,0.3082262849460521,-42.86727860650738,0.010000001218416,1.7392742419445633,-42.856749316829486,Declarative,-0.0105292896778905
992673,0.5310207239278969,0.5115254754838329,0.5439969581301736,0.461545687745949,0.43587964296648385,0.5148848951550247,0.5297657107968449,0.5578545314028838,0.570414603839905,0.569799986947328,0.5221920763531311,0.5411465168185499,0.50256013268962,0.578984169100848,0.6584845968900352,0.5449507809965166,0.5935687491032444,0.4815491334242812,0.5544776602099855,0.5741750343730405,0.5975837703700168,0.5911350795796995,0.4755282843361525,0.46646781499182244,124,992673_fnca,0.4745904505284765,1.7685807151792163,-43.51619635948081,0.1792163931069205,1.989190275585984,-43.65696245129339,Procedural,0.1407660918125799
992774,0.5346461543947785,0.5001083636152128,0.48007624661827897,0.4722004219329288,0.4388375718565027,0.5125533257637405,0.5151185187449401,0.5576016262156369,0.5572318449871702,0.549932889901795,0.5244263281666013,0.4930441690031921,0.4864125367483998,0.5395983225076693,0.6341845838470579,0.5247817951974809,0.5792410539488361,0.48270892789376013,0.5062003191483179,0.5234260171286224,0.5629572797518008,0.5773490644323696,0.4477357180407923,0.41428209328757,833,992774_fnca,0.0292877172218278,0.2199236584784358,-43.15934379067703,0.010000000944167,1.3844357513412595,-43.27689513499836,Procedural,0.1175513443213347
994273,0.5457961817214754,0.5131617494777135,0.42701577945658337,0.44264554310687565,0.41331302353874605,0.5785426369575372,0.4916120652089848,0.5694544446353497,0.5633566816750047,0.5015329863627389,0.5094546723327746,0.45780057672612173,0.4515226350606188,0.5619643958712224,0.6182614211686287,0.5498573935511026,0.5583661398619847,0.48874035620856837,0.4517158915577126,0.547091873450594,0.5413899400634135,0.543167105708953,0.43536974466101447,0.4639287866698178,858,994273_fnca,0.0100000000125533,0.0177877567198246,-53.397103805514234,0.0100000011904546,0.6441966763689291,-48.31474830873692,Declarative,-5.082355496777318
995174,0.5371094807881002,0.5175654867059855,0.45650587515440916,0.4154630578034319,0.431112333093298,0.4937092187335134,0.4654119478415928,0.5238366419834507,0.5421380721566719,0.4885447131180695,0.5069199854101201,0.4854978822462065,0.5414849917749921,0.5367763921141341,0.5985436778250367,0.5553655336146776,0.5498823335016602,0.5203149483578643,0.44802386914336984,0.5415046096563885,0.5475198492891045,0.503361224306729,0.410551554979349,0.48633505050916526,67,995174_fnca,0.2131236302004358,1.999999999862981,-44.24107297638131,0.1449920582985654,1.995567503195293,-44.495242664178825,Procedural,0.2541696877975141
996782,0.5778447817043397,0.5499775687368051,0.4808454293522164,0.4482749887843392,0.4502392262659448,0.5893801377656344,0.5015469325854545,0.5462293363792265,0.5414740927310513,0.5361020437406802,0.5634526790682808,0.48213085278756074,0.5099653476915385,0.5500095473710899,0.6368175723510243,0.5283870934993478,0.5743932108567683,0.5104260394410687,0.48169818651653484,0.5565564534479222,0.5526034680371908,0.5576670946416104,0.44600599464068763,0.45213358841672757,970,996782_fnca,0.0487103949907056,0.1387511690892892,-42.20045943505074,0.0100000006802249,0.6115147964061253,-42.18608971437626,Declarative,-0.0143697206744803
