,HCPID,alpha,proc.temp,proc.LL,decay,decl.temp,decl.LL,best.model,diff.LL
0,571144_fnca,0.012399171719870974,0.13723426973566755,-38.506248199955586,0.010000001442264124,1.3452989245185452,-40.75989409553738,Procedural,2.2536458955817977
1,177241_fnca,0.6743372781103814,0.9172533726566191,-39.81611286337176,1.999999999934418,1.909453727131968,-37.57775915486028,Declarative,-2.2383537085114753
2,872764_fnca,0.01000031597776103,0.08731601989214376,-40.415112433493874,0.010000001159696759,1.3266391449853534,-43.058270773558895,Procedural,2.643158340065021
3,194140_fnca,0.9941240493487704,1.999999999891013,-42.72920388229348,0.17690600125660688,1.6150578340364459,-44.03058794062793,Procedural,1.301384058334449
4,885975_fnca,0.010000000087833819,0.025607840617458036,-36.933261769598275,0.15545571294137397,0.6045141239501117,-39.151238365455114,Procedural,2.2179765958568396
5,969476_fnca,0.028414993047683156,0.2509087805072307,-43.92333931801976,0.35627189758879063,1.999997006482178,-43.90355002700967,Declarative,-0.019789291010084753
6,137633_fnca,0.9258268788916391,0.5553430886357662,-31.89792618966684,0.010000000068141205,0.8145751702465667,-40.67729821272876,Procedural,8.779372023061917
7,208125_fnca,0.5307652675927027,1.050213036984386,-41.562928684055,0.4353473711648136,1.999999998915447,-41.906045416591304,Procedural,0.34311673253630204
8,196346_fnca,0.9838253870809941,0.6376109911187743,-35.391599789211746,0.7782092840149136,0.6677046461456566,-39.53487168330736,Procedural,4.143271894095612
9,468050_fnca,0.010046483116561061,1.9999999992506818,-43.69857063543643,0.5505264163305186,1.9999902205995062,-43.53568013844395,Declarative,-0.16289049699248181
10,176542_fnca,0.010041118309226629,1.999999999211891,-44.37182133796183,0.010040588544697077,1.9999999991649149,-44.452343039011005,Procedural,0.08052170104917167
11,151324_fnca,0.5889553645110933,0.681312897470443,-38.99525733126017,0.010000000055128208,0.40769908485497475,-38.80993265886562,Declarative,-0.1853246723945503
12,136833_fnca,0.8628131803684351,1.9999524366117234,-42.96483208299904,0.01002060100440961,1.9999999993509532,-43.632675919178624,Procedural,0.6678438361795855
13,210112_fnca,0.024136707687666906,0.1761940377204745,-43.31096631844596,0.01000028569009184,0.84352571211933,-43.82376046083754,Procedural,0.5127941423915772
14,151627_fnca,0.0831727806261556,1.0551647461973255,-43.575464938754706,0.010005999808920737,1.9999999990882347,-43.63725063817343,Procedural,0.061785699418720696
15,677968_fnca,0.010042421888941562,1.9999999994246074,-44.37630658838017,0.010055345281569317,1.9999999984579282,-44.57479124743975,Procedural,0.1984846590595808
16,136126_fnca,0.608291943697005,1.3013740014727215,-41.554477225510645,0.010000000704746353,0.6949621567608526,-42.9883925732128,Procedural,1.433915347702154
17,314225_fnca,0.5011496010903024,0.4028444887973761,-34.217693248540506,0.3802629064784174,1.040070447199347,-41.81882667639239,Procedural,7.6011334278518845
18,849971_fnca,0.01004398393603729,1.9999999998438374,-43.694619741621,0.010001852795768838,1.9999999982726553,-43.95796239582302,Procedural,0.2633426542020203
19,753251_fnca,0.010043965096362512,1.9999999990398256,-44.368527833997135,0.5721971820513636,1.9999999686533336,-44.03796976359095,Declarative,-0.3305580704061839
20,734045_fnca,0.01004043268924677,1.9999999990226969,-43.677168985040325,0.010002025383470066,1.9999999982640912,-44.413700056095834,Procedural,0.7365310710555093
21,233326_fnca,0.010054433279016574,1.9999999991551587,-44.451279162014224,0.010016676589474683,1.9999999992816402,-45.872878442457385,Procedural,1.4215992804431608
22,118023_fnca,1.76938095105094,1.9999999992001594,-37.08642460765732,1.2452537133380266,1.9999999998981608,-40.89826670189562,Procedural,3.811842094238301
23,165840_fnca,0.6950271683449767,1.9999999232199503,-44.14262404018983,0.010024736250586651,1.999999999709867,-44.51102785887493,Procedural,0.36840381868510264
24,123723_fnca,0.010000027419915503,0.08220105092942959,-42.45622510563943,0.010000002542060498,1.4739908994364026,-43.818139810563444,Procedural,1.3619147049240112
25,248238_fnca,0.010045563384270213,1.9999999995461983,-44.44078166835444,0.010016262644063552,1.999999999439908,-45.4013487554735,Procedural,0.9605670871190597
26,871762_fnca,0.010041673603263019,1.9999999992367685,-44.36771603840117,0.03011698783607976,1.9999999995759037,-44.530546026443524,Procedural,0.16282998804235405
27,792867_fnca,0.010039984914690658,1.9999999987863781,-44.36638847658928,0.010024143819967518,1.9999999995014017,-44.813067969036794,Procedural,0.44667949244751526
28,194443_fnca,0.17288623945796386,1.5082292285569996,-44.124817150304985,0.09177737253743386,1.6341280684709876,-44.18838552215547,Procedural,0.06356837185048647
29,149539_fnca,0.010042407122785762,1.9999999995235593,-44.380890411038955,0.010036488344480038,1.9999999992226631,-44.85124389224862,Procedural,0.47035348120966347
30,119833_fnca,0.010000000005408087,0.11303124534370468,-43.908778624205006,0.010000001084821181,1.7574621221830287,-43.943502161877504,Procedural,0.03472353767249814
31,114217_fnca,0.5777678483205179,1.3527748639834445,-42.24946545590247,0.010000001282028128,1.6085697193990058,-43.631781834889296,Procedural,1.382316378986829
32,910241_fnca,0.010043947520126184,1.9999999999743574,-44.37929768130053,0.011356168010290395,1.9999999991019546,-45.071538460372075,Procedural,0.6922407790715468
33,124422_fnca,0.30862898547173817,1.9999941947840483,-43.57479050931454,0.5353218467659256,1.9999999981221133,-43.26922110390022,Declarative,-0.30556940541431743
34,395958_fnca,0.010044446368383477,1.9999999999386413,-44.38343465459141,0.010004402497144266,1.9999999993993247,-44.43123662701479,Procedural,0.04780197242337891
35,766563_fnca,0.010000000003255724,0.14388863703852087,-43.39015367752944,0.010024456187856464,1.9999999997968132,-44.117991527437546,Procedural,0.7278378499081057
36,137936_fnca,0.8884763164513478,1.378168900835897,-41.17149164968469,0.3459789424268389,1.6894856080733507,-42.739708435504866,Procedural,1.5682167858201765
37,101107_fnca,0.453480500747437,1.999999999999897,-44.241903481753354,0.1553990892772135,1.9999999992125612,-44.41254764606647,Procedural,0.17064416431311713
38,185442_fnca,0.010041856995437947,1.999999998950522,-44.409986348408644,0.010023739160117175,1.999999999622373,-44.60236883271221,Procedural,0.19238248430356464
39,194746_fnca,0.02002151156392653,0.17593762016476036,-42.75785651870463,0.010000001534052807,0.5085517867798284,-41.43298719525772,Declarative,-1.3248693234469116
40,174841_fnca,0.010000002024157848,0.7672798375643253,-44.31939104949918,0.010003739575510453,1.9999999988712267,-45.823306237187936,Procedural,1.5039151876887544
41,141826_fnca,0.010000159485090537,0.2565372787409866,-43.58277027755475,0.010032763746187239,1.9999999998767897,-43.55741490439755,Declarative,-0.025355373157204042
42,316633_fnca,0.6007753792521512,0.6268777077574219,-34.33476134523863,0.010000000704746353,1.1021845989394887,-39.137803138750186,Procedural,4.803041793511554
43,905147_fnca,0.9895871921104397,1.999961940404346,-42.30929061226954,0.20815594947017896,1.9999999999998648,-45.435446735860275,Procedural,3.1261561235907322
44,592455_fnca,0.01000000229062456,0.1815511097647267,-43.63251116333889,0.010009781098076197,1.9999999989543114,-44.08167369331694,Procedural,0.4491625299780466
45,153732_fnca,0.2894794179123074,1.1316520251059636,-41.77020759846651,0.01000000149935819,0.4913197151350505,-40.98260729802735,Declarative,-0.7876003004391663
46,115017_fnca,0.8354115132434154,1.99999999999991,-43.117024857919645,0.13193245042028165,1.99999999836958,-43.86270793631068,Procedural,0.745683078391032
47,186444_fnca,0.010046101546902992,1.9999999991366664,-44.41767077460106,0.010002752174078151,1.9999999982882122,-44.93658565163068,Procedural,0.5189148770296157
48,568963_fnca,0.010000120389497238,0.6690473065985205,-44.32489829280713,0.010026093317837607,1.999999999401392,-44.26613176959993,Declarative,-0.058766523207197
49,523032_fnca,0.023894364073243378,1.1389987587458723,-44.34338302325581,0.010000000703057023,1.8134475998158368,-44.21867224620347,Declarative,-0.12471077705234279
50,397861_fnca,0.010000000009213899,0.09144607245011419,-44.03689643127913,0.010019646597379625,1.999999999330001,-44.34256674534241,Procedural,0.3056703140632777
51,100307_fnca,0.010045255116565314,1.9999999989766062,-44.38667480705401,0.010008095595122706,1.9999999988281374,-44.9443104213077,Procedural,0.5576356142536909
52,119126_fnca,0.21940418325015087,1.1707580043662178,-42.79155101905991,0.01000238021679865,1.8193949743029367,-42.99311405567883,Procedural,0.2015630366189214
53,195950_fnca,0.07149218133412501,0.44199460900759474,-42.857385743200844,0.02724161965535918,0.5661331293056544,-42.08875440030078,Declarative,-0.7686313429000649
54,127832_fnca,0.3417368296121606,1.9999357560458948,-42.558642287813896,0.09772323243600994,1.9999999987264852,-43.55197430167548,Procedural,0.9933320138615827
55,209935_fnca,0.7380965631792072,1.221792513751914,-41.28098259108791,1.5837945644710378,1.9999999987513601,-40.66742881802404,Declarative,-0.6135537730638703
56,108222_fnca,0.09629092792420436,1.9999989281694792,-44.323028677487166,0.01000000155658788,0.518980105516609,-42.1946672840249,Declarative,-2.1283613934622636
57,145127_fnca,0.010000009751132079,0.13421168006284648,-43.934230691009425,0.010000000179729686,0.7460825562635722,-44.382229586168165,Procedural,0.44799889515874014
58,135225_fnca,0.14159728161818913,0.9973498204747773,-43.93763972868593,0.029180698607824188,0.5731057954239064,-43.35619828599528,Declarative,-0.5814414426906467
59,135730_fnca,0.010044673290328156,1.999999999994503,-44.391237944306994,0.010031541325021874,1.9999999994971136,-44.386711182484405,Declarative,-0.004526761822589265
60,151021_fnca,0.01004540225907266,1.9999999990137731,-43.683579833067014,0.010020491269690318,1.9999999997642572,-44.36941971653012,Procedural,0.6858398834631032
61,268749_fnca,0.010046982780169751,1.9999999985061452,-44.386738189183134,0.01002419839577601,1.9999999997965838,-44.57296029608187,Procedural,0.18622210689873242
62,163432_fnca,0.795410265625851,1.9999999996834075,-42.410297666588704,0.010005975824701228,1.9999999990701318,-44.166436665701134,Procedural,1.75613899911243
63,349244_fnca,0.4892535517307298,0.5511103616681894,-36.237667405087684,0.4218632497695541,1.999990402051984,-40.24204467271011,Procedural,4.004377267622424
64,715647_fnca,0.010046177224569366,1.999999999203212,-44.43801447548774,0.010017972840571984,1.9999999999798654,-45.55360526499904,Procedural,1.1155907895113018
65,698168_fnca,0.24570297381348283,1.5517983220469307,-43.37433621890365,0.19625423744328901,1.9897269549132162,-43.57222435045431,Procedural,0.19788813155066265
66,211922_fnca,0.5504427469520897,0.8027153768046041,-40.66564391855907,0.6510758571795674,1.999987734049029,-42.105531476321254,Procedural,1.4398875577621837
67,995174_fnca,0.2131236302004358,1.999999999862981,-44.24107297638131,0.14499205829856546,1.995567503195293,-44.495242664178825,Procedural,0.25416968779751414
68,309636_fnca,0.13394928044113816,1.1256689611693125,-43.513819034834505,0.7790880809219232,1.9999846285999254,-42.601484666181484,Declarative,-0.9123343686530205
69,212318_fnca,0.010033904070676962,1.9999999992508146,-44.39742103314328,0.010012107775875535,1.999999999512922,-44.72508138507288,Procedural,0.32766035192960175
70,108828_fnca,0.6178909342221822,0.6773607198868866,-36.7668178302828,0.5901046854825815,1.9999999998568772,-40.442897933466284,Procedural,3.6760801031834873
71,480141_fnca,0.010040924979520721,1.9999999993562174,-44.372158146043006,0.010013115501127075,1.99999999978554,-44.86828792137365,Procedural,0.49612977533064395
72,202820_fnca,0.010000000002784193,0.06520860213790006,-66.41313464816167,0.7380110066064095,0.9662609216587078,-48.48821021339633,Declarative,-17.924924434765344
73,873968_fnca,0.15327456340227383,0.5027139128052046,-42.30658767774796,0.2227351370665612,1.9999655573816277,-43.5458588568455,Procedural,1.2392711790975355
74,173536_fnca,1.659225855795422,1.9999999989087363,-36.72428892178517,0.9110008841435987,1.9999999999999272,-42.925715744050876,Procedural,6.201426822265709
75,138837_fnca,0.010034983445937147,1.9999999990363733,-43.68332831300099,0.010009349964200177,1.9999999988408084,-43.9804847860534,Procedural,0.2971564730524108
76,381038_fnca,0.8647419181989592,1.0200985315487887,-39.7974594127767,0.8872772324901008,1.9999999996897646,-40.67238392386051,Procedural,0.8749245110838046
77,209329_fnca,0.010044629161694971,1.9999999994697866,-44.39362824377532,0.010005722419341213,1.9999999989499118,-45.372811253299595,Procedural,0.9791830095242773
78,178950_fnca,0.26785620258319004,0.6693993146645393,-41.85562186931993,0.31760353269480035,1.0166982476442221,-43.286813877269154,Procedural,1.431192007949221
79,386250_fnca,0.010047091399865916,1.9999999983814878,-43.69894296121559,0.010024569306061585,1.9999999995939113,-44.310006373258915,Procedural,0.6110634120433218
80,583858_fnca,0.18358631325296706,1.0220145305980726,-44.152475964551165,0.0919183903901308,1.6182158532518618,-44.21778804187208,Procedural,0.06531207732091815
81,139637_fnca,0.3796616691193644,1.2288654552445302,-42.15699720178556,0.5604318173224175,1.6583446381301714,-42.21533078766132,Procedural,0.05833358587576498
82,128026_fnca,0.010000137447764231,0.0764815909796132,-44.09683125604339,0.05657681190133549,1.9999999997722195,-44.88455199725393,Procedural,0.787720741210542
83,475855_fnca,0.6610919297263754,0.395039362590845,-27.95698949646023,0.6400810032337769,1.145783845012559,-35.05006847852286,Procedural,7.093078982062629
84,397154_fnca,0.6502911201719279,1.5456548329297977,-42.34830888233495,0.010000000821261488,1.8634216238766668,-43.6149863949043,Procedural,1.266677512569352
85,116524_fnca,0.8123518361201811,1.999972852273854,-42.69417835740601,0.010000001449015245,1.226216946503222,-43.35811876187782,Procedural,0.6639404044718091
86,180230_fnca,0.095779140725145,1.914767831662142,-44.35247538995444,0.010028853682886606,1.9999999998223792,-44.37116046163847,Procedural,0.018685071684025445
87,179245_fnca,0.7877965108352437,1.999999999999928,-44.43493640053903,0.010000000848884805,1.9999974119357848,-45.995399260047535,Procedural,1.5604628595085046
88,198047_fnca,0.010044808470257372,1.9999999994835724,-43.72725911078176,0.010045472209692279,1.999999998382895,-44.22219584899567,Procedural,0.4949367382139087
89,181636_fnca,0.010000002206977434,1.8601266942960692,-42.973455654541,0.010041773470868643,1.9999999985008563,-43.1146271399019,Procedural,0.14117148536089985
90,148133_fnca,0.010038880567085476,1.9999999989171187,-44.36450415507311,0.010018191360415844,1.9999999992287039,-44.59236476648007,Procedural,0.22786061140696034
91,138231_fnca,1.7565298559940552,1.9999999999896052,-38.19260281693183,0.6990542428488201,1.9999999980862486,-43.28532448350017,Procedural,5.0927216665683375
92,117122_fnca,0.010057243455094646,1.999999998441052,-43.00826102003375,0.01001862251356063,1.9999999995797257,-43.59642193585909,Procedural,0.5881609158253411
93,213421_fnca,0.02466896720349625,0.47051034540976794,-43.67118346472714,0.010000000987142007,1.7073266948710917,-43.72410218735535,Procedural,0.05291872262820618
94,199251_fnca,0.010048693624763549,1.999999998969066,-44.364943130049234,0.010009908299703723,1.99999999973876,-44.3658211692033,Procedural,0.000878039154066812
95,186848_fnca,0.010030116339852214,1.9999999994455264,-44.374892547990825,0.010021956710351783,1.9999999997278388,-44.6326106779026,Procedural,0.25771812991177256
96,385450_fnca,0.015934613514810098,0.09589369954378003,-41.93492094536283,0.01000000174933332,1.1626465989588706,-43.80525831560456,Procedural,1.870337370241728
97,180836_fnca,1.4563377011837666,1.8859436251835178,-39.449032004228386,0.2691208241814752,1.5411367062624126,-42.375397115370255,Procedural,2.9263651111418696
98,837964_fnca,0.3248455361164965,0.2829828519762976,-31.56140116118093,1.0698775449814317,0.9978680659881888,-34.5806474473283,Procedural,3.0192462861473714
99,715041_fnca,0.01004660424456101,1.999999999256448,-43.014498734106695,0.010026930567225468,1.9999999993238553,-44.06721758555392,Procedural,1.0527188514472243
100,341834_fnca,0.010042348504721422,1.9999999997488174,-43.67243857488022,0.010000002501383954,1.6669593784662278,-43.46420991562512,Declarative,-0.2082286592550986
101,172130_fnca,0.05641837727568621,0.5490289702866793,-43.992373767197726,0.1201415049185724,1.9999999993332063,-44.24317213163933,Procedural,0.2507983644416001
102,318637_fnca,0.023682553376894698,0.12664581104253297,-42.455422708422304,0.2123880556936618,1.9724638946147166,-42.77596870122024,Procedural,0.32054599279793905
103,459453_fnca,0.0100000087797652,0.13390413977013008,-42.6994055482833,0.12753315067091164,1.9999995274487072,-43.03201198306592,Procedural,0.332606434782619
104,192237_fnca,0.02755910044258271,0.28077852228195116,-42.62561015668086,0.010000000677503791,0.920678945814434,-43.016524521801884,Procedural,0.3909143651210272
105,172433_fnca,0.01000118579381234,0.09779317183799975,-39.661428840318415,0.010000001203977316,1.895384273057624,-43.258856256888485,Procedural,3.5974274165700706
106,206727_fnca,0.01004501730301165,1.9999999990059674,-43.725476616932966,0.010018569906367555,1.9999999999811218,-45.38854144766087,Procedural,1.6630648307279046
107,737960_fnca,0.01000011043874252,0.6510804286030335,-40.18124566062271,0.010022204407885205,1.9999999995711442,-40.440981561356324,Procedural,0.25973590073361663
108,481951_fnca,1.2395542220043123,1.9999999999998976,-42.202432295960804,1.2372246003898697,1.9999999999418545,-42.16302672936892,Declarative,-0.039405566591881325
109,190031_fnca,0.03077916992607546,0.215061646878844,-43.890122379089796,0.31577780458575666,1.631481705974878,-44.02605267845093,Procedural,0.1359302993611351
110,685058_fnca,0.010001401905273344,0.09553560564454608,-43.05223048411274,0.010000000484642644,0.7336381066127508,-43.17205537037635,Procedural,0.11982488626360777
111,204521_fnca,0.010041644312486884,1.9999999993718547,-43.68775278160178,0.010015854363703471,1.9999999996689388,-44.452708735979485,Procedural,0.7649559543777045
112,644044_fnca,0.03022548186469974,1.182621904895765,-44.33595856491185,0.010042332397696302,1.9999999994924627,-44.36940358881931,Procedural,0.03344502390746129
113,751348_fnca,0.010040587582761362,1.999999999137238,-43.050415684596985,0.010001884393930955,1.9999999983152543,-43.51449268344944,Procedural,0.46407699885245535
114,958976_fnca,0.1510270713505155,1.6438445108261166,-44.193209240539545,0.38556426969458596,1.0691061081013902,-42.807314109968026,Declarative,-1.3858951305715195
115,760551_fnca,0.010044219451809458,1.9999999997525055,-44.42413631241328,0.010024597548104766,1.9999999996723334,-45.349518242079064,Procedural,0.9253819296657824
116,163331_fnca,0.7192330816698519,1.9999999995066902,-43.653530042236056,0.5602868757620839,1.5348264242044944,-43.30244878839136,Declarative,-0.351081253844697
117,422632_fnca,1.2319931024352138,1.5518279239645767,-39.9960111378673,1.8723994841659564,1.9999999999992981,-39.3750364728711,Declarative,-0.6209746649961971
118,298455_fnca,0.6658331710775937,1.9849975740840349,-43.857047784872,0.010031047078411265,1.9999999999628137,-44.41579851887869,Procedural,0.5587507340066864
119,132017_fnca,0.010038195732541805,1.9999999996091748,-44.40238783403957,0.010014182981542054,1.9999999993302564,-45.2373300252406,Procedural,0.83494219120103
120,165436_fnca,0.9566193621753185,1.038550107813446,-38.80126896565826,0.01000000085516902,1.0481350139639476,-43.681709500435474,Procedural,4.880440534777215
121,877269_fnca,0.027971157249866794,0.8187622706989264,-44.23499517725942,0.010046523715817624,1.999999999104682,-44.455765674452444,Procedural,0.22077049719302266
122,970764_fnca,0.010038051201411049,1.9999999995089173,-43.77025700725757,0.010007564602128845,1.999999998897048,-46.19117960853197,Procedural,2.4209226012743983
123,168341_fnca,0.06658558797975754,0.2557988147709527,-41.05947272043406,0.010000001545172449,0.5137582142882811,-42.32014157656714,Procedural,1.2606688561330799
124,992673_fnca,0.47459045052847654,1.7685807151792163,-43.51619635948081,0.17921639310692056,1.9891902755859838,-43.65696245129339,Procedural,0.14076609181257993
125,390645_fnca,1.3901330632346784,1.722718574556148,-38.92025252419005,1.396356753616745,1.99996878852667,-39.409694378612556,Procedural,0.489441854422509
126,506234_fnca,0.507886736915411,1.9999577223078953,-43.39222033729122,0.6797995295979823,1.9999988941583466,-43.19361246090865,Declarative,-0.19860787638256738
127,176037_fnca,0.2635071050857705,0.502380774818397,-38.170550792903875,0.04556671338321021,1.3330187683510606,-42.3981516411093,Procedural,4.227600848205427
128,121416_fnca,0.010000003250535695,1.2298833617227414,-42.973394363553126,0.010028997885450556,1.9999999994402857,-42.952012555025874,Declarative,-0.021381808527252133
129,833249_fnca,1.427401360831479,1.9999999985151842,-41.569105677349306,0.8981232856441482,1.6875160976755146,-42.76383254567702,Procedural,1.194726868327713
130,204218_fnca,0.010042756940492106,1.9999999993223416,-44.38175697123385,0.01003543168559617,1.9999999995630258,-44.86350255604515,Procedural,0.4817455848112999
131,164636_fnca,0.04969185716962839,0.5574945480707918,-43.82117909918088,0.4601417435325206,1.8121120907322203,-43.28424646616359,Declarative,-0.5369326330172939
132,112819_fnca,1.016453017302124,1.999999999788111,-41.89025308205269,0.8747325676084743,1.9999999999999312,-42.477332928434684,Procedural,0.5870798463819966
133,322224_fnca,0.010044692511220333,1.999999999992402,-44.366513631633985,0.010030066096726412,1.999999999938414,-44.71304690678757,Procedural,0.34653327515358257
134,149236_fnca,0.010047480664272829,1.9999999983210062,-44.37642408973019,0.010032152506533594,1.9999999995491113,-45.84185916988086,Procedural,1.4654350801506695
135,599469_fnca,0.010042946759600288,1.9999999992046407,-44.49013824745867,0.010011860438878493,1.9999999997212312,-47.86201687020206,Procedural,3.3718786227433952
136,693461_fnca,0.010000000004177684,0.055228844395693893,-41.95163287047998,0.010000000438531349,0.6261413669828362,-42.63194482371859,Procedural,0.6803119532386077
137,763557_fnca,0.6632748202154153,0.21519449485642891,-22.073894993784343,0.14180138219009092,0.16206438843138476,-28.749900690834497,Procedural,6.6760056970501545
138,448347_fnca,0.010046474984708629,1.9999999992576811,-44.43782702490482,0.010015365113230623,1.9999999992356572,-45.86283958064018,Procedural,1.425012555735357
139,102008_fnca,0.7442839970211881,1.999944877033507,-43.409851118482244,0.9846310662382312,1.9999999999999267,-43.90896556222302,Procedural,0.49911444374077263
140,290136_fnca,1.368881083621254,1.9999605404305665,-43.53112257291005,0.33755511380920283,1.9999999999870592,-44.70720550472965,Procedural,1.1760829318196002
141,113619_fnca,0.9087768584283659,1.7552929131294879,-41.2531562167209,0.37308679731696126,1.999999999852389,-42.54129648551357,Procedural,1.2881402687926666
142,180533_fnca,0.010045215526562947,1.999999999550119,-43.783872310329244,0.010009387869772969,1.9999999993134814,-44.81152948867973,Procedural,1.0276571783504878
143,105923_fnca,0.5027056781885563,0.8337263236370812,-40.44188274210887,0.25061566401353874,1.0641414074635804,-42.59321532278864,Procedural,2.151332580679771
144,161731_fnca,0.01004696372509282,1.9999999984965935,-44.40116008072737,0.010018011367635749,1.9999999999099316,-44.8080563305991,Procedural,0.40689624987172834
145,103818_fnca,0.8414097793872093,0.9107947392420643,-38.891263896109535,0.2688429924534143,1.0330143924983202,-42.324654898482585,Procedural,3.4333910023730496
146,692964_fnca,0.010000594250554997,0.1231265677822288,-43.096943351848736,0.010000000810303448,1.2984831223439102,-43.65754439629692,Procedural,0.5606010444481839
147,106319_fnca,0.2260123757849237,1.1684005288237351,-43.78973108845986,0.6141954613916285,1.9999999995656024,-43.39505815436817,Declarative,-0.39467293409168747
148,769064_fnca,0.0524330665701391,1.2035650161208988,-44.33066391532525,0.22360597102335814,1.9895887012622842,-44.30456218567553,Declarative,-0.026101729649724348
149,167036_fnca,0.07718998657947602,0.42356412764308904,-43.28031377333563,1.212371668212565,1.9999999999362308,-42.943125077804105,Declarative,-0.3371886955315233
150,578057_fnca,0.10080475923754101,0.30550514410036295,-42.94250754678504,0.010000001013361194,1.5390493472751015,-44.13409132312049,Procedural,1.1915837763354489
151,130417_fnca,0.010000002940763386,0.45656821592678004,-43.66158411084864,0.010038775461096673,1.9999999992016793,-43.835644551070814,Procedural,0.1740604402221706
152,693764_fnca,0.4668693731788653,0.46679087441816464,-37.750467044741704,0.23714404217171506,0.9598412255267262,-40.25745615117821,Procedural,2.5069891064365066
153,144428_fnca,0.010027021355295021,1.9999999982754413,-44.3653976583259,0.010007253536747194,1.9999999993029298,-44.84830737141318,Procedural,0.48290971308728103
154,467351_fnca,0.010046559010838292,1.9999999992674562,-44.4418899555725,0.060871062189990964,1.999999999027916,-45.980452317766066,Procedural,1.5385623621935665
155,160931_fnca,0.010046987518218928,1.9999999999944995,-44.369011322955565,0.010008969877175481,1.99999999976612,-44.65523360311614,Procedural,0.2862222801605725
156,550439_fnca,0.6730992935958547,0.4538300247538015,-30.18851709515499,1.5871366533845148,1.9999999999373987,-37.430505617121426,Procedural,7.241988521966437
157,412528_fnca,0.06801293197868893,0.1543421177056671,-33.433951631075495,0.010000001528659003,0.5058996100651681,-40.859662074245726,Procedural,7.425710443170232
158,200109_fnca,0.010046842894835333,1.9999999984852945,-44.423038848827105,0.557643520024715,1.9999999999998912,-44.380216947880974,Declarative,-0.04282190094613014
159,392750_fnca,0.010043888800277076,1.9999999998940545,-44.38809388166273,0.010008730095656832,1.9999999987784802,-45.0533742104421,Procedural,0.6652803287793674
160,120010_fnca,0.012011759261187664,0.046080757763921634,-43.00854676737085,0.010000001536922086,1.3189065313882422,-44.068969594340395,Procedural,1.0604228269695426
161,214625_fnca,0.05354049081248282,0.45038830725462625,-41.32304635980775,0.010000001590917528,0.5342660967594997,-40.62947888994856,Declarative,-0.6935674698591896
162,742549_fnca,0.03808748421368866,0.15146416324766268,-42.59260740506265,0.5722178985366275,1.9999701688106921,-42.90072759869896,Procedural,0.30812019363630583
163,586460_fnca,0.6159313321813632,1.991143118866249,-43.56018131942861,0.01595082079358564,1.6861546859139371,-44.149537082869244,Procedural,0.5893557634406363
164,168947_fnca,0.4195050447086709,1.064930424407267,-41.74882605513048,0.0100000002483083,0.8512611012086337,-40.662761832385286,Declarative,-1.0860642227451933
165,645551_fnca,0.010047220096976249,1.9999999984017605,-43.00207735686399,0.07260035950501445,1.9999999982039354,-43.152845677259634,Procedural,0.1507683203956418
166,174437_fnca,0.5256985291102979,0.5971151342227189,-37.76235752856264,1.4271662688523001,1.6871836089222734,-36.97448138377502,Declarative,-0.7878761447876172
167,214019_fnca,0.01004265713365028,1.9999999999129823,-43.695289983311326,0.6138928274481749,1.9999999999999283,-43.873968235492406,Procedural,0.17867825218107924
168,107725_fnca,0.010046887870994572,1.999999998449097,-43.74172809599311,0.0100102116099521,1.9999999988541075,-45.10978931571984,Procedural,1.3680612197267266
169,788876_fnca,0.10099488913555243,1.9999798735054153,-44.263153767389795,0.1146345927113618,1.9975874527420943,-44.54785766469136,Procedural,0.2847038973015614
170,238033_fnca,0.16161001884344559,0.3978659563582131,-41.23616827556005,0.01000603988317179,0.4309098696859698,-41.48559136403422,Procedural,0.24942308847417394
171,965771_fnca,0.6089424326407825,1.9298739607678828,-39.763804957664476,1.2617233871759503,1.999999999991925,-38.87465627432405,Declarative,-0.889148683340423
172,169747_fnca,0.6684657105742052,0.30992884425831163,-27.078763230874422,0.7237251645016222,0.7670370256714673,-32.738842748810484,Procedural,5.660079517936062
173,164030_fnca,0.010044710448750343,1.9999999999618976,-44.39682121487097,0.010019436235298683,1.999999999635793,-44.705089230195654,Procedural,0.3082680153246855
174,130114_fnca,0.7900269327193704,0.6259561397281312,-36.10232024163493,0.20128318759934938,0.4049467188512093,-35.537582019064466,Declarative,-0.5647382225704618
175,100408_fnca,0.010047164608238977,1.999999998396306,-43.00135645501028,0.5271411460145786,1.9999999999999594,-43.618829116679564,Procedural,0.6174726616692823
176,228434_fnca,0.8602209656078541,1.9999999999999334,-43.64631975695078,0.32306495272317626,1.9999978638489022,-44.11459342509063,Procedural,0.46827366813985094
177,393550_fnca,0.010046390054804026,1.9999999992364808,-44.44570795348543,0.010030224130869474,1.9999999994661568,-45.10694080791675,Procedural,0.6612328544313186
178,329844_fnca,0.010046499206989917,1.9999999992036899,-44.41625890060293,0.010043290859289147,1.9999999999322116,-45.830893181899086,Procedural,1.4146342812961592
179,251833_fnca,0.4825284882811533,0.6494426036557928,-41.297542492702476,0.7277394789837411,1.4264746816254892,-42.11147719498746,Procedural,0.8139347022849819
180,113316_fnca,0.1920647820593241,0.928423439188365,-43.69538213656058,0.010000001464922068,0.4730798303183115,-43.878589367235826,Procedural,0.1832072306752437
181,707749_fnca,0.22416806746330997,1.9999393746370997,-44.34198833585528,0.010000000912698048,1.8542652183686885,-44.08582450256082,Declarative,-0.25616383329445824
182,307127_fnca,0.2275290444616761,0.9799286580783824,-43.08480744164093,0.12391349252030373,1.0621958980854542,-43.07681930703803,Declarative,-0.00798813460290404
183,188549_fnca,0.01003511004564873,1.9999999991814468,-44.463556810126775,0.21164670931470317,1.9992800235333759,-44.95253278749131,Procedural,0.48897597736453235
184,952863_fnca,0.010058063797729621,1.9999999996764566,-44.443547343300644,0.01000000083327007,1.9999866093510532,-45.88709088797195,Procedural,1.4435435446713072
185,110613_fnca,0.39662220398453585,0.4833885104196244,-38.61595529755358,0.46157047023237907,1.112066188410663,-39.703478998568926,Procedural,1.0875237010153427
186,154330_fnca,0.010000000005915546,0.08138574709933923,-38.607469924991605,0.010000001158516434,1.3051784031483087,-42.71566895704967,Procedural,4.108199032058067
187,173940_fnca,0.013993695005212161,1.2255797594814275,-44.3369703199585,0.39368774407560675,1.999999999872841,-44.19009355920613,Declarative,-0.14687676075237022
188,615441_fnca,0.010000003352795488,1.3338263073329475,-43.66330245588505,0.0100480104648487,1.9999999991110036,-43.816214053291056,Procedural,0.15291159740600335
189,567052_fnca,0.13146958634525918,0.2862795650050569,-41.135264289813534,0.0798811765510663,0.9710498238630962,-43.52358923005101,Procedural,2.3883249402374744
190,201515_fnca,0.010031930820501524,1.9999999994586524,-43.71430047652316,0.034763663154486237,1.999999998216841,-45.011687704503395,Procedural,1.2973872279802379
191,843151_fnca,0.07655783721933203,1.9358639064062904,-42.968188787035196,0.031917478461095355,1.9999999999715188,-43.19360790022266,Procedural,0.22541911318746344
192,133827_fnca,0.2461331919191916,1.9999937288569671,-43.6420370223298,0.0100172276063065,1.9999999994328086,-43.609529378956246,Declarative,-0.03250764337355605
193,103212_fnca,0.7848601694450015,1.999971430385955,-43.26977384776147,0.17678627811746303,1.999999309748632,-44.1092949118863,Procedural,0.8395210641248312
194,942658_fnca,0.21548506261034753,1.945948845815773,-44.154141121014526,0.010039968291547909,1.9999999992378934,-44.46170819499985,Procedural,0.3075670739853251
195,130821_fnca,0.31033148072980793,1.6120284007963621,-43.57907764669344,0.4334871862527649,1.9999999999998956,-44.14988418062347,Procedural,0.5708065339300248
196,336841_fnca,0.5816804962240615,1.5633197619917243,-45.88589479647688,0.0777629825450984,1.9999999992172508,-44.94261718052845,Declarative,-0.943277615948432
197,157336_fnca,0.014374790862309162,0.12388261418377335,-43.040893228424714,0.010000000704746353,0.6982669256650537,-42.71778318206317,Declarative,-0.32311004636154195
198,111413_fnca,1.0128736843431376,0.708491932714515,-33.8171156710453,1.9999999999598512,1.3808804897812077,-32.8354612040938,Declarative,-0.9816544669515039
199,559053_fnca,0.013979700327585495,0.5994114294375402,-43.60565568842235,0.010000001297260778,1.3934892718667737,-43.36485802422951,Declarative,-0.24079766419284
200,521331_fnca,0.010000243705846549,0.15906094400288998,-42.81306438274624,0.010000000912100475,1.8002215824399077,-43.334340893839325,Procedural,0.5212765110930846
201,849264_fnca,0.010046300366425374,1.9999999992267141,-42.33162663603434,0.010017582771282648,1.999999999317853,-42.872473976783375,Procedural,0.540847340749032
202,673455_fnca,0.010000002532040163,1.4150751227540697,-42.958893410522585,0.010008342547037365,1.9999999992751716,-44.15468749507185,Procedural,1.195794084549263
203,185947_fnca,0.010000000034893732,0.17436538576530433,-44.10087343406654,0.010043341957887366,1.9999999995295312,-44.437253011539326,Procedural,0.33637957747278335
204,191841_fnca,1.316693549876998,1.4810314608936082,-39.861207477458215,1.1987836600096933,1.999999999999932,-44.56901617173431,Procedural,4.707808694276096
205,156435_fnca,0.024918052006223664,0.22457525068994186,-43.68500140869444,0.01000000143274488,0.475478543582902,-41.49328712927714,Declarative,-2.1917142794172975
206,111716_fnca,0.051705079672409504,0.43075882603366056,-42.22665667302278,0.07427224760985857,0.9581869916163487,-42.6323929010168,Procedural,0.4057362279940193
207,145632_fnca,0.01003563095302097,1.9999999996884066,-44.4592433682198,0.010005022029610547,1.9999999990594137,-45.43816074712237,Procedural,0.9789173789025654
208,167743_fnca,0.8480612778810768,1.6708218265790487,-40.9736383721481,0.25418934895730366,1.9999973907994106,-42.28041351284581,Procedural,1.3067751406977095
209,353740_fnca,0.010032518795764193,1.9999999984644652,-43.703145654282906,0.010023911075118972,1.9999999997850824,-44.05246210732191,Procedural,0.34931645303900183
210,185341_fnca,0.010043859570857934,1.9999999998347773,-44.38356474727705,0.010005091659308492,1.9999999991241904,-44.52778744333324,Procedural,0.14422269605618965
211,579867_fnca,1.3238560869740983,1.9999964257086198,-40.84450046668645,1.0996759176995408,1.9999999994613682,-40.94460353853486,Procedural,0.10010307184840883
212,102614_fnca,0.010044746883940376,1.99999999990241,-44.466063337615374,0.027838388321437764,1.999999999866444,-46.06628219925948,Procedural,1.6002188616441089
213,144832_fnca,0.01004482521460305,1.9999999994773434,-44.40230993381524,0.01000840559439295,1.9999999994773077,-45.01014495345921,Procedural,0.6078350196439715
214,585256_fnca,0.017376864450593776,0.5365904434950198,-42.94104187713802,0.42476906031474954,1.9999953571015137,-42.44629447770702,Declarative,-0.49474739943099877
215,565452_fnca,0.010000012495084276,0.7490091613955624,-42.939208252168825,0.010035354035555897,1.9999999999027667,-43.038779679807504,Procedural,0.09957142763867921
216,304727_fnca,0.9145261486816464,1.999999999842017,-43.239187518210755,0.03563744627521444,1.9999999989737152,-44.03458910983974,Procedural,0.7954015916289876
217,156233_fnca,0.9136931015285422,0.8912562670243892,-38.169596933185105,1.5077215817327967,1.9999999998149705,-39.88631635908867,Procedural,1.7167194259035625
218,445543_fnca,0.5691655101085474,1.0370115049945428,-40.97488207292993,0.4087021796976926,1.5667018459304414,-41.926129888306534,Procedural,0.951247815376604
219,894774_fnca,0.010060180605997959,1.9999999998968763,-44.46992105641173,0.010007610824794245,1.9999999989088721,-45.75544226552181,Procedural,1.2855212091100796
220,566454_fnca,0.20969687854712168,0.29244943008248586,-38.93504679371238,0.16112764173825644,0.38511064247706706,-37.93940855892986,Declarative,-0.9956382347825183
221,310621_fnca,0.010751627335008474,1.15548006530435,-44.357825565504264,0.01004413622700656,1.9999999999987095,-44.59752074506939,Procedural,0.23969517956512476
222,725751_fnca,0.010045893329635085,1.9999999990504496,-44.4148693084816,0.010026862396560688,1.999999999957705,-44.97348713259938,Procedural,0.5586178241177819
223,943862_fnca,0.5882560671075021,1.9999452461155562,-43.55289553011572,0.8490596551334478,1.9999999999999252,-44.10205309792917,Procedural,0.5491575678134524
224,131924_fnca,0.010000001970233792,0.9990873689950875,-44.34811504175871,0.010040302993069466,1.9999999990357766,-44.27491022775354,Declarative,-0.07320481400517309
225,245333_fnca,0.010042209474536828,1.999999999512922,-43.677547688281564,0.5688713956887307,1.999999999999942,-43.616857705866856,Declarative,-0.0606899824147078
226,127327_fnca,0.010456082217455904,0.10038261386681427,-43.492933227322965,0.26974100394766726,1.9999995195813678,-43.94045162971328,Procedural,0.4475184023903154
227,517239_fnca,0.010035421063940987,1.9999999983488053,-44.46481319769668,0.010038330115088064,1.9999999997822768,-46.10144508675612,Procedural,1.6366318890594442
228,103414_fnca,0.010054039402135222,1.999999999822363,-44.3756738833224,0.0100383221252735,1.999999999211891,-44.4080620196499,Procedural,0.03238813632749782
229,154936_fnca,0.8104326652004672,0.9522784280490475,-40.58075698309714,1.3067245151073381,1.9626409848566386,-41.395727675867334,Procedural,0.8149706927701956
230,175338_fnca,0.0225123065755656,0.2359144191532553,-38.498583832637316,0.010000000704746353,1.107209107958736,-40.14997085536261,Procedural,1.6513870227252951
231,882161_fnca,0.6678628747967525,1.9999999999996059,-44.25290530055989,0.30448422010350207,1.9999999999998292,-47.49338526721622,Procedural,3.2404799666563306
232,486759_fnca,0.1628013829567023,1.0013092600422238,-43.7940736055588,0.49185338941920154,1.6322485810515426,-43.424560375275824,Declarative,-0.3695132302829762
233,286650_fnca,0.1337857567938894,1.8858957864937722,-42.214946818185375,0.11937540819163837,0.9601110996958943,-41.49709673730407,Declarative,-0.7178500808813055
234,615744_fnca,0.994918040610903,1.2354593412862507,-40.54071718285346,1.5463776884128024,1.9999999999625195,-40.1471728016143,Declarative,-0.3935443812391597
235,765056_fnca,1.4006142727749777,1.9999999987042856,-42.78047299626072,0.3213077364836587,1.9999999999999158,-44.89333317981331,Procedural,2.1128601835525913
236,131217_fnca,0.034821799986836634,1.0768412458863086,-43.53489547165504,0.010012153310801826,1.9999999992035309,-43.79889041422402,Procedural,0.2639949425689778
237,128935_fnca,0.010052598333286988,1.9999999992380533,-44.46833321679828,0.01001238940490064,1.9999999989188393,-46.25716125563302,Procedural,1.788828038834744
238,180735_fnca,1.3968067849584584,1.9999862137197393,-41.30026044018799,1.2566079228618263,1.9999999994500424,-42.25283762437316,Procedural,0.9525771841851665
239,880157_fnca,0.03199160879019796,0.674741477776719,-43.59489026997844,0.010012180868962484,1.9999999997160642,-43.90922059110483,Procedural,0.31433032112638415
240,263436_fnca,0.510826722183332,0.46394765832686946,-33.347920489939625,0.6280303242065094,0.7429906769540255,-34.624945802107476,Procedural,1.2770253121678508
241,161327_fnca,0.010036755410426562,1.9999999999447442,-43.6765815023784,0.15297274678001854,1.9999999990739892,-43.816092285713516,Procedural,0.13951078333511902
242,268850_fnca,0.010045364201351433,1.9999999990203683,-43.71290525332908,0.010031889896703942,1.9999999999019111,-44.15036094310352,Procedural,0.4374556897744384
243,688569_fnca,0.08924453223632961,0.9798304675102302,-44.053119543516665,0.010000001313193573,1.9584707077865615,-43.85859135641646,Declarative,-0.1945281871002038
244,204622_fnca,0.4198841879688064,0.986314851251115,-40.70006380022422,0.27490051653509884,1.9999994121465974,-43.216058713741404,Procedural,2.515994913517183
245,202719_fnca,0.010046823764714477,1.9999999985623016,-44.412005088069165,0.010053185740657352,1.999999999104385,-45.843019440464644,Procedural,1.4310143523954792
246,112920_fnca,1.3564700194747479,1.9999999997077906,-40.52785982770303,0.010001047428592638,1.9999999983148802,-44.10507792688509,Procedural,3.577218099182055
247,382242_fnca,0.010000164222051557,0.1250641947138651,-44.22964651880624,0.010028574324158443,1.9999999999015599,-44.600170337840744,Procedural,0.3705238190345028
248,761957_fnca,0.010046493653183221,1.9999999991986992,-44.437478242489554,0.010009535007029497,1.9999999988839476,-46.129251812507086,Procedural,1.6917735700175314
249,867468_fnca,0.5557512416808781,1.1600772257539849,-41.63352333853022,0.15556003144275418,1.9999999994713518,-43.93502796345166,Procedural,2.301504624921442
250,965367_fnca,0.07101345011767024,0.7814848693165528,-44.11930484632712,0.010000001469484831,1.2400641397694239,-44.0709840179553,Declarative,-0.04832082837182128
251,175237_fnca,0.01004638492786383,1.9999999991887865,-44.395445769443384,0.010002894470369325,1.9999999996826552,-44.64644438570829,Procedural,0.2509986162649085
252,561949_fnca,0.010000002149545209,1.3161721457252664,-43.66593196796077,0.010033853722934385,1.9999999997451952,-44.02294443952605,Procedural,0.3570124715652767
253,333330_fnca,0.16184429125646446,1.9999874481976232,-44.27706858122783,0.010022533403996836,1.9999999992119664,-44.72720458472633,Procedural,0.4501360034984998
254,898176_fnca,0.010661078935010289,0.061560454349465776,-43.94894515280842,0.010000000374892673,1.8279226097825634,-44.33834983809752,Procedural,0.3894046852891009
255,627852_fnca,0.010052492644282502,1.9999999990500814,-44.405121941585286,0.01003407643460701,1.9999999997435147,-44.649763275392026,Procedural,0.24464133380674014
256,555954_fnca,0.010000000070078403,0.06908208327972182,-43.888252360575954,0.010038525695728807,1.9999999997103757,-44.43836091760063,Procedural,0.5501085570246786
257,990366_fnca,0.010000000001576572,0.28079892021589675,-44.289399926853726,0.010010370857495536,1.9999999982985923,-44.697484898175,Procedural,0.40808497132127286
258,214726_fnca,0.010044775218976692,1.9999999997103552,-44.363147778219435,0.010012325431278139,1.999999999211891,-44.813497001593966,Procedural,0.45034922337453054
259,635245_fnca,0.6706629024717763,0.7632663698205105,-37.74908193429077,0.45802484472693067,1.8259855651743964,-40.22691208956074,Procedural,2.47783015526997
260,896778_fnca,0.01004660786940379,1.9999999992351725,-44.41720812309291,0.01000739149457002,1.999999998827429,-44.72593063781907,Procedural,0.3087225147261563
261,557857_fnca,0.151557340208653,0.46351107723298085,-41.1329046410313,0.14188139570139194,0.8902166744986628,-41.85581650592403,Procedural,0.7229118648927297
262,133928_fnca,0.7720278142075035,1.9999578609871718,-43.35516210322161,0.9835438172558443,1.9999999999998737,-42.74678286771629,Declarative,-0.6083792355053177
263,214423_fnca,0.010042707450603391,1.9999999993142348,-44.37512319471357,0.010009541543274983,1.999999999304334,-44.88964739741761,Procedural,0.5145242027040453
264,270332_fnca,0.014675992373697794,0.5859541228326279,-43.63055744513537,0.010006660767205439,1.9999999993328337,-43.84982394726924,Procedural,0.21926650213386978
265,617748_fnca,0.010039963902165508,1.9999999982798347,-42.99695857623466,0.010034800866758684,1.999999999583382,-43.303951805904454,Procedural,0.3069932296697928
266,929464_fnca,0.9532902156474042,1.7365407916055797,-42.00187479029643,0.01004392810160917,1.9999999989807287,-43.970138410364015,Procedural,1.9682636200675887
267,217126_fnca,0.011963163416445688,0.03521630180320792,-62.539825065922585,0.6080251997449021,0.6585987767266201,-44.19622172806502,Declarative,-18.343603337857566
268,206222_fnca,0.010046496847234973,1.9999999992170054,-44.41517204337148,0.2463984254486556,1.9999997941476029,-44.566684246525604,Procedural,0.15151220315412672
269,481042_fnca,0.010000103812411936,0.2121209630183584,-41.83957967138148,0.4819611042099841,1.9750621877750827,-41.93913446443669,Procedural,0.09955479305521209
270,203923_fnca,0.010041435916639493,1.9999999993197133,-40.90030619809313,0.010025402931569845,1.9999999998872242,-40.932616430381664,Procedural,0.03231023228853047
271,547046_fnca,0.010043957859628168,1.9999999996628655,-43.78065236889667,0.010017499957449837,1.9999999997595865,-46.05763904400583,Procedural,2.276986675109164
272,257542_fnca,0.3379008536935278,1.9999526590481163,-44.222883619903314,0.06473873808007811,1.9999999995013582,-44.510233565110944,Procedural,0.28734994520763024
273,188145_fnca,0.010045291800046652,1.9999999997354896,-44.513809055834194,0.010013659998658756,1.999999998910257,-47.491380094517964,Procedural,2.97757103868377
274,555651_fnca,0.5285188424381682,0.9625741076572074,-41.481526326661225,0.4063119981558537,1.9999988228295364,-43.74330657033238,Procedural,2.2617802436711543
275,558960_fnca,0.05316621022764779,0.34376210752677255,-41.527520717104494,0.010000000090594046,0.3582989175090119,-40.06472459279752,Declarative,-1.4627961243069763
276,473952_fnca,0.48735188234730564,1.2072832418358261,-42.41342669961435,0.22846811448249238,1.30224496657505,-43.17498853467372,Procedural,0.7615618350593749
277,779370_fnca,0.010046299771955945,1.9999999992251822,-44.419484713903266,0.010025495891996488,1.9999999998106013,-44.74305713284079,Procedural,0.3235724189375233
278,878877_fnca,0.34521734042797514,1.999981340523583,-43.3344050479889,0.71950443840915,1.999999238733586,-43.21170840953886,Declarative,-0.1226966384500443
279,154229_fnca,1.0835788893102045,1.2299627714515176,-38.73787007201332,1.999999999998495,1.9999816188426538,-37.50032516661346,Declarative,-1.237544905399865
280,111009_fnca,0.010044213016345472,1.9999999999362004,-44.382775690151504,0.17326543737167513,1.9970477118813887,-44.314971684798394,Declarative,-0.0678040053531106
281,148436_fnca,0.7335820853161751,1.9999999993691435,-44.90419911942494,0.010012566377647072,1.999999999386351,-45.867026726025905,Procedural,0.9628276066009676
282,192641_fnca,0.010042727702180775,1.9999999993453355,-43.69113851477292,0.010038827401759027,1.9999999994668147,-43.6917276029617,Procedural,0.000589088188775122
283,200513_fnca,0.06633702922836868,0.36662901626538696,-42.69109744205295,0.14348380241184988,1.035642726831786,-43.19972406527779,Procedural,0.508626623224842
284,908860_fnca,0.24035349464413922,1.9999930287908476,-44.815255020211495,0.0920937895496406,1.9977251262395634,-44.31809063869274,Declarative,-0.49716438151875764
285,141119_fnca,0.3762166043666866,1.049019776106327,-42.399160092718525,0.1773639796713409,1.407540255114477,-42.038278497012705,Declarative,-0.3608815957058198
286,826353_fnca,0.0637643409078027,0.22668206852816736,-40.20794710427832,0.027200348517377067,1.999999999375814,-45.368213524610056,Procedural,5.160266420331737
287,158338_fnca,0.08109751258128706,1.9999823984322982,-44.33868374977884,0.01002570369314523,1.9999999998072804,-44.27840079900822,Declarative,-0.0602829507706204
288,220721_fnca,0.010051706801632313,1.9999999994705804,-44.367973762973904,0.01000000069264151,0.6134949904804555,-44.274004656866246,Declarative,-0.0939691061076573
289,668361_fnca,0.5003554402421659,0.7435198895173993,-38.09675061913481,0.7154609563706686,1.9999689073133702,-38.59308958070757,Procedural,0.4963389615727607
290,140925_fnca,1.4261966625682847,1.9999999998438058,-40.3948980416142,1.2389544697341703,1.99999999999984,-43.8682700713935,Procedural,3.4733720297793056
291,387959_fnca,0.5403380910878078,1.9998701362211182,-42.812710041121946,0.010016072765140029,1.999999999512922,-44.71226889158727,Procedural,1.8995588504653256
292,130518_fnca,0.01003064948723316,1.999999999432324,-44.397282793615794,0.21370952667202972,1.9999999999117477,-44.45815434386317,Procedural,0.060871550247377115
293,626648_fnca,0.7559791592766824,1.037241429627805,-38.7021466733915,0.3438391745020254,1.9999999999449922,-42.770917263052034,Procedural,4.068770589660531
294,280941_fnca,0.17970777584060832,1.2562055192535917,-42.734074649835776,0.01000000138524615,1.2768979619942658,-42.839803079092505,Procedural,0.10572842925672887
295,108121_fnca,0.010045742170281122,1.9999999990741821,-44.41330990454668,0.010009652079366506,1.999999999181244,-44.90524639384513,Procedural,0.49193648929845324
296,346945_fnca,0.010000000011523435,0.12339526559985417,-43.95641843775101,0.01003093742973366,1.9999999994817315,-44.31240596997896,Procedural,0.35598753222794954
297,308129_fnca,0.010046252641727267,1.9999999992068578,-44.44831036735679,0.010025849799931846,1.9999999993690762,-45.60320274764816,Procedural,1.154892380291372
298,671855_fnca,0.4740255703537328,1.9999999996028612,-44.03101486159025,0.2137260751431409,1.999999999999826,-46.498325467479106,Procedural,2.467310605888855
299,187547_fnca,0.3957496892297938,0.3484789446747217,-33.35320214709104,0.23726118739595123,0.5462591376774366,-35.71556782263716,Procedural,2.3623656755461226
300,193441_fnca,0.010045633260641387,1.9999999995870184,-43.79485510519419,0.010031551688596476,1.999999998985889,-45.600731319850475,Procedural,1.805876214656287
301,154835_fnca,0.4255271305346967,1.0390198697964697,-41.570101224750665,0.010000000464091002,1.1021785724960629,-41.361341849326486,Declarative,-0.20875937542417944
302,127731_fnca,0.06386159046479208,0.11420641253632201,-34.87797503114686,1.3622008069112743,1.999999999363435,-37.76235802222238,Procedural,2.884382991075519
303,299760_fnca,0.7577345147528362,0.4395424067838455,-31.192018326445567,0.3226374845566108,1.3407677042228654,-40.135262980979576,Procedural,8.94324465453401
304,904044_fnca,0.010038370045856908,1.9999999992572377,-44.4463090402952,0.010000000549651542,1.9999940913661332,-45.90887246424361,Procedural,1.46256342394841
305,237334_fnca,0.18598524610056963,0.20487157502263056,-24.3075901038628,0.87650650288977,1.9999999981791505,-38.64597272684071,Procedural,14.33838262297791
306,140319_fnca,0.11222105550996722,0.3739948275701525,-40.378863196115255,0.010000001563182889,1.0031606593060765,-41.06855863390481,Procedural,0.6896954377895526
307,159138_fnca,0.010044270926193649,1.999999999961748,-43.720720392249305,0.010028093160118448,1.9999999999354725,-43.83386839889722,Procedural,0.11314800664791846
308,709551_fnca,0.010045971408655997,1.9999999991274886,-44.450724285168775,0.0100124625815877,1.9999999988982229,-45.7836913385457,Procedural,1.332967053376926
309,155635_fnca,0.010000047473989415,0.3117621780980675,-43.62305069948248,0.010024206489301418,1.9999999997593587,-43.66523161188065,Procedural,0.04218091239817312
310,756055_fnca,0.07476644943661127,0.7538941158775427,-42.92652629284768,0.010000000792464367,1.6417404448334296,-42.915019792709586,Declarative,-0.011506500138096953
311,185038_fnca,0.010041727554223744,1.9999999993057018,-44.39630819730681,0.1557871446014365,1.9999999992477064,-44.727754079676316,Procedural,0.33144588236950767
312,206828_fnca,0.01004271813539736,1.9999999993350694,-43.678233150945914,0.010000000906832248,1.303061209878745,-43.37434786584533,Declarative,-0.3038852851005842
313,683256_fnca,0.015541826848260085,0.048508093641892215,-37.56384775222727,0.010045645330855743,1.9999999983986436,-44.17027897010234,Procedural,6.60643121787507
314,105115_fnca,0.024918052006223664,0.22457525068994186,-43.68500140869444,0.01000000143274488,0.475478543582902,-41.49328712927714,Declarative,-2.1917142794172975
315,389357_fnca,0.6950580986189333,1.1958636791503177,-40.67264538531189,0.3963942782633631,1.4257603979517064,-41.62816378027902,Procedural,0.9555183949671289
316,143325_fnca,0.010049067513975338,1.9999999995499804,-43.031583585475175,0.21119103442290557,1.999999998392056,-43.463735521775035,Procedural,0.43215193629986004
317,576255_fnca,0.010040582546699251,1.999999999192546,-44.385919882781906,0.010010168697430197,1.9999999989368902,-44.74026108132682,Procedural,0.3543411985449154
318,146432_fnca,0.010000436919597757,0.1791871759098488,-41.89974256632901,0.010031711447006101,1.999999999842496,-41.91082027688411,Procedural,0.01107771055509943
319,672756_fnca,0.0270619007082155,0.12655194046919427,-42.30926574932047,0.18916930256084447,0.819939579322235,-41.67736356006315,Declarative,-0.6319021892573176
320,145834_fnca,0.7813143716064552,1.510687723091714,-41.631798935557754,0.010000001255333098,0.9754870073287881,-41.79037299759723,Procedural,0.15857406203947733
321,202113_fnca,0.44474480971136104,0.35055074371082456,-27.761870314791352,0.1763945498267778,0.2875496799008226,-28.157966518949234,Procedural,0.3960962041578817
322,189349_fnca,1.0875695342806264,1.9999999993588646,-45.526628549209924,0.010021768087610261,1.999999999211891,-45.417699993966316,Declarative,-0.10892855524360812
323,123420_fnca,0.010041984060958502,1.999999999291414,-43.725532263018735,0.278294617241322,1.9999999289469668,-43.8096378536426,Procedural,0.08410559062386369
324,275645_fnca,0.4995556361608051,0.9666828827672937,-40.188885750033855,0.6348709259378744,1.544892199980233,-41.852747640471904,Procedural,1.6638618904380493
325,894067_fnca,0.010038273707843482,1.999999999764089,-44.45145825221155,0.010028662983173432,1.9999999992796476,-45.44587852960759,Procedural,0.9944202773960384
326,856968_fnca,0.53904671552734,1.9999999996926552,-43.82211765152197,0.010011307763329909,1.9999999993777886,-44.866580784300076,Procedural,1.0444631327781053
327,622236_fnca,0.47295555559757574,1.4196777545167167,-43.34694446044579,0.45570866274093175,1.9999988705576863,-44.39262280445859,Procedural,1.0456783440127992
328,599065_fnca,0.8030050218673521,1.999999999999917,-43.855994104600086,0.010026658714915539,1.9999999999998395,-45.45663414849469,Procedural,1.6006400438946073
329,424939_fnca,0.3996511512793567,1.999956584507696,-44.64640311558913,0.010036557607390409,1.999999999716628,-44.55838603568383,Declarative,-0.08801707990529906
330,580751_fnca,0.010042048728824988,1.9999999992726016,-43.68535430797955,0.010007040278592054,1.9999999993511006,-44.21093177899564,Procedural,0.5255774710160921
331,186141_fnca,0.01000000000004025,0.0918447208169542,-43.58048457756142,0.01000000060977398,1.9647958998199702,-44.022503660616444,Procedural,0.4420190830550226
332,113215_fnca,0.010045197124423498,1.999999999094098,-43.74548845701948,0.010011807137223428,1.9999999988970953,-44.49885423295359,Procedural,0.7533657759341068
333,132118_fnca,0.7446295613442436,1.0217451436452243,-39.01009200143519,0.11180191978358366,0.398700883397492,-39.53457982658472,Procedural,0.524487825149528
334,888678_fnca,0.31323652486164644,0.7329880265395414,-40.17565128325085,0.010000000956203223,0.6140280973010096,-39.65093274605073,Declarative,-0.5247185372001226
335,191942_fnca,0.010000325265498655,0.088503604707608,-42.27228206195326,0.07144517424730189,1.0864454791376652,-42.84473149917179,Procedural,0.5724494372185305
336,284646_fnca,0.010046376606351689,1.9999999992007913,-43.71853425953524,0.010004383422073725,1.9999999982493855,-43.96471736941289,Procedural,0.24618310987764858
337,246133_fnca,0.010719651225188639,0.9502353444580999,-43.65859325773831,0.010013414908574124,1.9999999989309445,-44.08199935960393,Procedural,0.42340610186561634
338,368753_fnca,0.010045564905812711,1.9999999995594662,-44.392710519798555,0.01000613570968611,1.999999998857569,-45.14142977576139,Procedural,0.7487192559628326
339,217429_fnca,0.010046504335647192,1.9999999992011541,-44.3636465005743,0.010031519881539228,1.999999999979253,-44.75193236180719,Procedural,0.38828586123289455
340,208226_fnca,0.010036998169557774,1.999999999182892,-43.68610331867983,0.010042710601032885,1.999999999734368,-43.864992844745125,Procedural,0.17888952606529784
341,555348_fnca,0.02432704917075942,0.290852166016519,-44.00013255693806,0.7993939717824757,1.999991128329029,-42.649836117821565,Declarative,-1.350296439116498
342,825553_fnca,0.27547176793882244,0.8580119516554848,-43.89527073547457,0.1930556430656259,0.6595958560849278,-43.645931149087154,Declarative,-0.24933958638741416
343,917255_fnca,0.3348138863085048,1.1993476111873111,-42.19545895230399,0.010000001207199244,0.48261384374317523,-42.08038327336469,Declarative,-0.1150756789392986
344,131722_fnca,0.7655695131351477,1.999999999790932,-42.84160772176168,0.10913010527422888,1.9999999984464845,-44.92090216675777,Procedural,2.079294444996087
345,122620_fnca,0.05382083717315372,0.9339371076243569,-44.29530918467901,0.010015727241572936,1.999999999986897,-44.85962682929034,Procedural,0.5643176446113287
346,129129_fnca,0.010030017967494653,1.9999999988208241,-42.28493962759746,0.010014102820811395,1.9999999992198523,-42.74732150136841,Procedural,0.4623818737709513
347,562345_fnca,0.010000344903912788,0.15995751170150196,-43.960394522795696,0.653328453365106,1.9999999991501527,-44.067074238066596,Procedural,0.10667971527090003
348,680250_fnca,0.6823941974063623,1.5816061668764474,-41.84210040645611,0.732215006163079,1.99999667550978,-41.70286811022445,Declarative,-0.13923229623166122
349,130922_fnca,0.01004361079715093,1.9999999999023088,-42.99404849231951,0.010001644546296309,1.9999999995771773,-43.89953818323621,Procedural,0.9054896909167027
350,182840_fnca,0.30181237055737836,0.8456142627560488,-42.16659644627349,0.39689472908486667,0.8095523588989211,-41.427922350130444,Declarative,-0.7386740961430434
351,166640_fnca,0.010044507844994457,1.9999999994275695,-44.37063881168034,0.010030481585283671,1.9999999994716056,-44.80911504970508,Procedural,0.4384762380247409
352,125222_fnca,0.010046581404078657,1.99999999922311,-44.39884907280912,0.01001238401606785,1.9999999989253432,-45.017499987027875,Procedural,0.6186509142187546
353,144731_fnca,0.01004520238739473,1.9999999995320954,-44.50983246444557,0.020434940049376283,1.9999999988428552,-47.238732622886936,Procedural,2.7289001584413626
354,667056_fnca,1.2303664032485109,1.933155630928835,-41.5794583039876,1.1757848805503615,1.9999999999999325,-44.1395183988583,Procedural,2.5600600948706997
355,118730_fnca,1.2166182637077205,1.9999999996860776,-42.914425239323,0.19380255657925263,1.4238186213992756,-42.87206092893338,Declarative,-0.04236431038962252
356,194645_fnca,0.010000856769259162,0.05604489352767709,-43.230605514039304,0.010019571517574394,1.9999999996239313,-44.63136567735422,Procedural,1.4007601633149136
357,211114_fnca,0.010000000011524388,0.03912363193622953,-39.77490512344466,0.010000001004504875,1.3127376648548905,-41.637970110278225,Procedural,1.8630649868335638
358,200210_fnca,0.010062122980929466,1.9999999998992355,-44.62614542627948,0.010028907308197332,1.9999999998252218,-47.27777425382958,Procedural,2.6516288275500983
359,227533_fnca,0.010000666473577023,0.07681438523817867,-39.27414393229515,0.11004284410223028,0.5942822770401522,-40.84915345809373,Procedural,1.5750095257985777
360,118225_fnca,0.01004162661760418,1.9999999989800858,-44.38750521210801,0.010033495009386696,1.9999999997239926,-44.59696425120957,Procedural,0.20945903910156005
361,660951_fnca,0.026383708235950418,0.7235608054476748,-43.348869916678126,0.010032554499862933,1.9999999999769098,-43.9258359417419,Procedural,0.5769660250637756
362,249947_fnca,0.010000000012253573,0.32374476276859165,-44.096630925342275,0.01003921724665091,1.999999999886195,-44.17201778348319,Procedural,0.0753868581409165
363,589567_fnca,0.010000000002881641,0.09888714508484502,-44.21461449812887,0.12157234057485869,1.9999999996989692,-44.434073233726316,Procedural,0.2194587355974491
364,159441_fnca,0.010044459648465745,1.999999999693007,-44.517319897755904,0.010005402599093697,1.9999999989949004,-45.96845848785194,Procedural,1.4511385900960363
365,300719_fnca,0.010045489561504289,1.999999999160183,-44.46412978650355,0.01000988449650255,1.9999999989359483,-45.511011842171946,Procedural,1.046882055668398
366,727654_fnca,0.01006492183987836,1.999999998386922,-44.39383189820032,0.3091067643055428,1.9999992349455167,-44.37401288883216,Declarative,-0.01981900936815606
367,210617_fnca,0.010046804989885267,1.9999999983424555,-44.40846007099133,0.01000000049376812,1.9999919680655798,-45.1943390965921,Procedural,0.7858790256007708
368,175742_fnca,0.7156291492826999,1.9999999999992348,-43.056624641828535,0.010005828413825376,1.9999999988045467,-44.97484084510384,Procedural,1.918216203275307
369,167440_fnca,0.10375248088403906,1.027984357641213,-43.51868917571673,0.5439461230716303,1.9999999988251456,-43.04109215075535,Declarative,-0.47759702496138345
370,814649_fnca,0.0546669596194209,0.6010235505355113,-44.17281734729479,0.010000002052979183,0.9269489804892938,-43.85954461167209,Declarative,-0.31327273562269653
371,679770_fnca,0.3888120786384675,1.9999999997836113,-43.209289081887185,0.15665720465587202,1.5414080119087523,-43.1065923040843,Declarative,-0.10269677780288333
372,106016_fnca,0.010047410118144046,1.999999998356673,-44.506962313248934,0.010011788671984923,1.999999998893902,-46.55752514741979,Procedural,2.0505628341708544
373,176744_fnca,0.010033779281752789,1.999999999512922,-44.386933437630994,0.11166833147795789,1.9999999995532827,-44.9931009700277,Procedural,0.6061675323967037
374,647858_fnca,0.5748818743296327,1.9999999999998817,-44.22649556403988,0.7423185849957269,1.9999999999998532,-43.42396155999668,Declarative,-0.8025340040432027
375,573451_fnca,0.6808396558150394,1.048346993077087,-40.204289288276165,0.9639860758982003,1.9999987703732311,-40.945194999360034,Procedural,0.7409057110838688
376,195445_fnca,0.010045097514368577,1.999999999728023,-44.49759295903944,0.010026809989773388,1.9999999996992248,-46.75006017154036,Procedural,2.2524672125009246
377,119025_fnca,1.2587074909944163,1.9999831818422977,-41.60973482399645,0.19099401319256595,1.9999999997402778,-45.25516608747024,Procedural,3.645431263473796
378,146937_fnca,0.01004304789841184,1.9999999999557627,-44.36675584110266,0.01003132533078317,1.9999999998540752,-44.70637906151453,Procedural,0.3396232204118732
379,524135_fnca,0.010046288141969421,1.9999999991813397,-43.75494393046779,0.057362014483632755,1.9999999995008917,-45.42532505723141,Procedural,1.6703811267636226
380,134425_fnca,0.2922499109203756,1.9999999989708859,-44.19047040297879,0.19504288360276292,1.994821519853306,-44.3588079525601,Procedural,0.16833754958130953
381,872562_fnca,0.013888872240486483,0.09881781002804567,-41.24773748867052,0.01000000074423976,0.7559953379456223,-41.96629957207903,Procedural,0.7185620834085071
382,912447_fnca,0.01000181268843808,0.0794062011060808,-43.49802520277889,0.010033066428213541,1.9999999989647201,-44.566095606587,Procedural,1.0680704038081075
383,147737_fnca,0.14982026274632593,1.9999999990197714,-43.61012127565955,0.010052304737264523,1.999999999218264,-43.95988380449641,Procedural,0.3497625288368553
384,172029_fnca,0.054544470142616625,0.270727272742817,-38.546989338830755,0.010000002356797199,0.6945811816881562,-39.216532159037875,Procedural,0.6695428202071199
385,123925_fnca,0.010041342065691735,1.9999999989415764,-44.402454309369034,0.02247138583538233,1.999999999025146,-45.61476816895438,Procedural,1.2123138595853433
386,871964_fnca,0.029579388473923284,0.3981444825622328,-43.354541243548326,0.010000001293420983,0.44238284378560483,-40.58740252298653,Declarative,-2.767138720561796
387,153631_fnca,0.010044438138738617,1.9999999996935598,-43.67507491513272,0.11306987744178408,1.9999999991792585,-44.421761441654795,Procedural,0.7466865265220761
388,211417_fnca,0.010040521510131146,1.999999998974877,-44.36554676177715,0.010005233406403764,1.9999999989159833,-44.650373277438156,Procedural,0.2848265156610026
389,121719_fnca,0.010000000001553553,0.2570304694117927,-42.88149666020468,0.01003363118135748,1.9999999997435063,-43.26681683145255,Procedural,0.3853201712478693
390,173839_fnca,0.6418323660774696,1.4556392134104557,-43.03560699096528,0.2914969034399098,1.999996104318958,-43.809930408937085,Procedural,0.7743234179718073
391,143426_fnca,0.010045271706641245,1.9999999995309914,-44.40875767058973,0.010020504736885752,1.9999999999506701,-45.98086308284067,Procedural,1.5721054122509415
392,210011_fnca,0.054939590441939336,0.9577544397353314,-44.163787068452656,0.010015879313829835,1.9999999999337326,-44.310771413080154,Procedural,0.14698434462749788
393,285345_fnca,0.23948957189842293,0.9683115416680858,-43.69629155226737,0.16364446538669458,1.9981698859813515,-44.31428384898211,Procedural,0.6179922967147391
394,146331_fnca,0.1806501258150648,1.9999999993388407,-44.234481265680344,0.4397549285792232,1.9999948842560218,-43.97551366501575,Declarative,-0.25896760066459734
395,378857_fnca,0.27324527940052784,0.7901547748003486,-41.864426288137544,0.987560153701777,1.9999888164128186,-43.03627805145394,Procedural,1.171851763316397
396,852455_fnca,0.3546126875060737,0.140285118469358,-18.19174286708572,0.09799636474801587,0.1472522247026216,-27.938646794850676,Procedural,9.746903927764958
397,143830_fnca,0.10869090864320131,0.9767722653234145,-43.69187556945167,0.2674560912160927,1.999999464434927,-44.08174478419725,Procedural,0.38986921474558045
398,178849_fnca,0.010046290894243592,1.9999999991515671,-44.43656228595057,0.09703411845392881,1.999999999356807,-45.98191734579893,Procedural,1.5453550598483545
399,196750_fnca,0.8121443935694103,1.999938039171802,-41.26694884490663,0.011082466539542691,1.9999999988303405,-41.6139566259259,Procedural,0.347007781019272
400,901139_fnca,0.010044705092943433,1.9999999994625177,-44.484505202493736,0.0100040958974604,1.999999998256106,-46.38769352964023,Procedural,1.9031883271464949
401,700634_fnca,0.7291386615511367,0.5905860257700901,-34.25849264275938,0.8001407012094339,0.6846463087599968,-34.53263773911687,Procedural,0.2741450963574934
402,887373_fnca,0.22893241936195824,0.5704059752824372,-42.434385899450156,0.11518399496279139,1.998139694161116,-44.27413258737454,Procedural,1.8397466879243822
403,103111_fnca,0.01006145344632736,1.9999999999790101,-44.41664702317557,0.010024174276033132,1.9999999996516704,-45.159253300112546,Procedural,0.742606276936975
404,148840_fnca,0.010039673306136889,1.9999999990405968,-44.36746229635858,0.010038609576880025,1.9999999992158541,-44.635634376485356,Procedural,0.2681720801267744
405,176441_fnca,0.010047175606572123,1.9999999984549222,-43.70941981913112,0.010043329982324526,1.9999999985330899,-44.76923628969833,Procedural,1.0598164705672062
406,657659_fnca,0.5354198156711795,0.9861661956991267,-40.82340491155635,0.5433291175652994,1.5048388330188422,-42.06379905975424,Procedural,1.2403941481978862
407,379657_fnca,0.8113957093412436,0.9564269992928194,-39.789159624995655,1.999999861204308,1.9129714192451166,-37.43343356516478,Declarative,-2.3557260598308716
408,957974_fnca,0.062164684133636405,1.1878591783965478,-44.11144084318546,0.3622738089504097,1.9999999999999067,-45.21681653457359,Procedural,1.1053756913881259
409,792564_fnca,0.010056854688190115,1.9999999997634856,-44.379449639488534,0.010018241866056096,1.9999999982957184,-44.55631658594577,Procedural,0.17686694645723833
410,549757_fnca,0.01004616695580651,1.9999999991062634,-44.385763428176745,0.010020480750771827,1.9999999998576805,-44.290694304632936,Declarative,-0.09506912354380859
411,177342_fnca,0.010042891388568514,1.999999999623697,-44.39314218504204,0.010004977651351693,1.9999999992140118,-44.69856409311276,Procedural,0.3054219080707199
412,212217_fnca,0.010000084048682231,0.10342427198726097,-41.055962744131925,0.010000000399571399,1.3694493180989575,-41.587429112606614,Procedural,0.531466368474689
413,316835_fnca,0.010060543719277252,1.999999999557758,-44.44224778860469,0.2548926079451206,1.9999999997752869,-46.22290023557451,Procedural,1.7806524469698175
414,125424_fnca,0.6843698484663607,1.9956109546232226,-43.098748940024805,0.34302943799164365,1.9999972265176678,-43.813351679539814,Procedural,0.7146027395150085
415,150524_fnca,0.6646242085297545,1.2088439837867808,-41.06917017776919,0.4261811327761641,1.9999999998377302,-43.64130823295353,Procedural,2.5721380551843396
416,828862_fnca,0.010034719394519243,1.9999999990634214,-43.71863231128509,0.010032876626490413,1.999999999841845,-44.2106302703738,Procedural,0.4919979590887067
417,360030_fnca,0.010043386210069212,1.9999999997718965,-44.38955300198871,0.09826466600130614,1.9999999988922292,-45.16054950297021,Procedural,0.7709965009815036
418,104416_fnca,0.01004517568295298,1.9999999995422773,-44.42644722994183,0.010010729754670464,1.9999999994106579,-45.90682992448405,Procedural,1.4803826945422216
419,153934_fnca,0.01004343732022158,1.9999999995807431,-44.374954216748186,0.010014834596127759,1.9999999992567692,-45.141162216017364,Procedural,0.7662079992691773
420,406432_fnca,0.5069544696027577,0.4170202712135262,-32.92865977605186,0.26168379106355105,0.6740973124454874,-38.49723755380505,Procedural,5.568577777753191
421,930449_fnca,0.5165458267470708,1.9999999998773847,-43.55069780533694,0.34827099697655406,1.999984440601018,-43.64374955325841,Procedural,0.09305174792147142
422,197550_fnca,0.30925522501427477,0.4945651736974114,-37.01043082229189,0.20058487146670487,0.683656098098446,-37.50679856972517,Procedural,0.4963677474332826
423,102311_fnca,0.010046797793176009,1.99999999842048,-44.40999245604895,0.010052628625163882,1.9999999991463981,-45.960236086808294,Procedural,1.550243630759347
424,199958_fnca,0.010058451999350305,0.05321751505391347,-43.13313088479522,0.01000000120476363,0.6947866852708694,-43.27355799592173,Procedural,0.14042711112650608
425,134223_fnca,0.010000000011776342,0.17715715868631784,-43.91503444143473,0.0100088390588615,1.9999999988566448,-46.215239121436476,Procedural,2.300204680001748
426,580044_fnca,1.2720276574361877,1.696483484391443,-40.07850617993925,1.999999999584775,1.9999688096707031,-40.37437236009024,Procedural,0.29586618015099475
427,303119_fnca,0.037934488038643494,0.1386576699335625,-60.670371019672594,0.07558722875599477,0.5241355051133257,-43.924361722809344,Declarative,-16.74600929686325
428,530635_fnca,0.010046601862750675,1.9999999984040917,-43.70810705924223,0.43595629938314756,1.9999999999998677,-44.436524613513804,Procedural,0.728417554271573
429,870861_fnca,0.01004176673101696,1.9999999992578918,-43.67480338728606,0.01004191756099159,1.999999999833642,-43.637940212008544,Declarative,-0.03686317527751726
430,562446_fnca,0.21227761952651936,0.7224950415765767,-42.59422243500518,0.45510037355669436,1.3920906281006504,-43.29218265732705,Procedural,0.6979602223218677
431,162228_fnca,0.010054222028240523,1.9999999987821753,-44.36664318439228,0.010046943951618119,1.9999999995693942,-44.443796210101944,Procedural,0.07715302570966287
432,213017_fnca,0.010000000005610622,0.07565398296262021,-43.143298761955606,0.010000000704746353,0.807316735381206,-43.59409206993441,Procedural,0.450793307978806
433,835657_fnca,0.7169275857061981,1.6855759615773775,-42.76535242868865,0.010000000668442047,0.9970319283321745,-43.044227559772864,Procedural,0.278875131084213
434,569965_fnca,0.03817160539845749,0.6067503384904404,-42.70259693397569,0.010000001039639475,1.9395801695591461,-42.61248264647859,Declarative,-0.09011428749710149
435,164939_fnca,0.010001771041997952,0.11562717683734942,-43.62358707691725,0.010000000370377925,1.0330395136972392,-43.729066787983115,Procedural,0.10547971106586829
436,159744_fnca,0.010043262092315727,1.9999999996664664,-44.38219472507068,0.010024224482195383,1.9999999998724403,-44.551209804312926,Procedural,0.1690150792422429
437,461743_fnca,0.010658546692720561,1.2686872358905665,-44.354018879533086,0.010043748409400142,1.9999999983640648,-44.87026261964381,Procedural,0.516243740110724
438,350330_fnca,0.01004935244250171,1.9999999993076671,-44.39123055239693,0.01002118876525475,1.9999999996024467,-44.759287260465875,Procedural,0.3680567080689485
439,104820_fnca,0.010000412641105311,0.1746370664745012,-44.05582976749237,0.5246144738365001,1.9999827008515616,-43.76871754417045,Declarative,-0.28711222332191966
440,134829_fnca,0.010000000018689663,0.1942769972747273,-43.956536787845224,0.01003486865915407,1.9999999990503303,-44.25837054377825,Procedural,0.30183375593302486
441,385046_fnca,0.0989486456369946,1.325164668077427,-43.32294681857562,0.010025318262664513,1.9999999998486178,-43.18737506703576,Declarative,-0.13557175153986378
442,199352_fnca,0.010047100570076933,1.999999999512922,-44.37391379091735,0.01000000078416827,0.8591591017766533,-44.267436236425894,Declarative,-0.10647755449145535
443,213522_fnca,1.042961947765033,1.9999999998158944,-42.37373460244186,0.15763889771251363,1.9987754246659728,-44.197190817127826,Procedural,1.8234562146859687
444,114318_fnca,0.010048912411352903,1.9999999993499618,-44.379620511900626,0.010018239859323631,1.9999999998561455,-44.520654422354774,Procedural,0.14103391045414782
445,138332_fnca,0.9083606793305642,1.9999999999999318,-44.57919754059501,0.5679202741754433,1.9999999999998916,-48.543264890183195,Procedural,3.964067349588184
446,117021_fnca,0.46669927103150866,1.4831812848129486,-43.008297471810955,0.3267462041024962,1.525369177977392,-43.261406029283584,Procedural,0.25310855747262906
447,195849_fnca,0.010049246802644006,1.9999999984306038,-43.706685992657825,0.010022139032459416,1.9999999998830973,-44.163820807455075,Procedural,0.45713481479725004
448,135629_fnca,0.5450678001755132,0.5684102392048669,-36.7981225772302,0.3289756463101891,0.9959704451245092,-42.115462821979115,Procedural,5.317340244748912
449,169444_fnca,0.16959899311716123,1.9999999991621034,-44.190758463642425,0.3755856390239352,1.9999999998981481,-44.17768949103554,Declarative,-0.013068972606887996
450,545345_fnca,0.010034239723811296,1.999999999740069,-44.38797114253757,0.010022686778985199,1.9999999989641233,-45.77357495896512,Procedural,1.3856038164275475
451,198451_fnca,0.010058452026316729,1.999999999934734,-44.38155159831777,0.010031038294801866,1.999999998419113,-44.5950618196437,Procedural,0.213510221325933
452,706040_fnca,0.2518178113991011,1.999966115046528,-43.429458791118776,0.010005301623135293,1.9999999988272414,-43.31904982585639,Declarative,-0.11040896526238697
453,161832_fnca,0.18865844209827268,0.6209182149499007,-38.94712791245897,0.07907376236704823,0.8692491589027456,-39.55295472597811,Procedural,0.605826813519144
454,105620_fnca,0.010046505307269069,1.9999999992009563,-43.034923459251196,0.010003958089957625,1.9999999993127933,-43.68550683555119,Procedural,0.6505833762999913
455,479762_fnca,0.3132075286638905,1.2643032787939301,-41.99493653296163,0.5528291648535372,1.9999966098940958,-41.193367238774705,Declarative,-0.8015692941869261
456,173233_fnca,0.01000102554179693,0.033863086561613194,-41.19057011603497,0.010036859407247975,1.9999999990845356,-43.74413563991407,Procedural,2.553565523879101
457,519647_fnca,0.010047139810277717,1.9999999983663068,-44.45961794628035,0.010021646413877023,1.9999999997914661,-45.635692596292465,Procedural,1.1760746500121115
458,656253_fnca,0.010046210855323392,1.999999999188759,-44.41710392911769,0.010010294707422715,1.9999999994033597,-44.86795245868168,Procedural,0.45084852956399146
459,178243_fnca,0.245682131051929,1.9999932731327628,-44.37966206878594,0.01004731641449167,1.9999999984067953,-44.229275283953264,Declarative,-0.1503867848326763
460,116221_fnca,0.010045252008896954,1.9999999995551823,-44.45661487632683,0.010007756550862803,1.999999998862572,-45.04246602692755,Procedural,0.5858511506007176
461,978578_fnca,0.8334280875618507,0.9988556753708604,-39.58155513693154,0.3444274083872368,1.517395725060959,-42.62406007928454,Procedural,3.0425049423529984
462,933253_fnca,1.5772238813538684,1.9999628571019787,-43.06023973247461,0.010010093283794473,1.9999999997874516,-45.108501637203325,Procedural,2.0482619047287187
463,115724_fnca,1.2819045384560859,1.0399053799296678,-35.67709908286603,0.23794251469140584,1.0222142547861308,-42.12694076512541,Procedural,6.4498416822593825
464,922854_fnca,0.010000826742135297,0.13601057710105413,-43.93263639526201,0.010029522784184489,1.9999999995169426,-44.44887421475315,Procedural,0.5162378194911383
465,567961_fnca,0.010058334124941904,1.999999999836084,-43.75139464211242,0.010012169281210147,1.9999999994339597,-44.513801326226556,Procedural,0.7624066841141328
466,138534_fnca,0.010045865798075431,1.9999999990600081,-44.3741102322125,0.010015276020523581,1.9999999998647844,-44.56179011085199,Procedural,0.18767987863948576
467,465852_fnca,0.010037117210499352,1.9999999984235266,-44.515784720806444,0.010018473577602235,1.999999999710024,-46.0641470534119,Procedural,1.548362332605457
468,789373_fnca,0.01000060520205396,0.1809899537108106,-44.045333436327425,0.010028836387728165,1.9999999994434365,-44.168768345039354,Procedural,0.12343490871192841
469,182436_fnca,0.6221735502267962,1.567039453311551,-42.94963815934919,0.46506454511852324,1.9999801604632466,-43.54862886734237,Procedural,0.5989907079931811
470,601127_fnca,0.010043090606815495,1.9999999998828952,-44.42195977799274,0.22040987320149025,1.9999999990083352,-47.47373206730341,Procedural,3.0517722893106694
471,171330_fnca,0.3575379450868108,0.7567127217645712,-42.65022788177073,0.4449134549636973,0.8880047330750608,-41.412644882181155,Declarative,-1.237582999589577
472,654350_fnca,0.010060798337160956,1.9999999997441347,-44.39488226917949,0.145744892457732,1.999999999843365,-44.598245614244654,Procedural,0.20336334506516351
473,414229_fnca,0.010045842246750838,1.999999999116565,-44.408623503589666,0.010016909975056207,1.9999999997913689,-45.772592308186155,Procedural,1.3639688045964888
474,211821_fnca,0.01006449418031118,1.9999999991381698,-44.51208543130622,0.010020617173946379,1.9999999999956155,-46.8703361200635,Procedural,2.3582506887572805
475,633847_fnca,0.010022814543961447,0.9415858968291589,-44.326949790453064,0.01001233670073905,1.9999999997667386,-44.51282385134334,Procedural,0.1858740608902778
476,520228_fnca,0.012087804929807724,0.8853735741965615,-44.34927648396896,0.010004716228944029,1.9999999988446182,-44.67747835558255,Procedural,0.3282018716135937
477,172635_fnca,0.568802339492483,1.9999999999998965,-43.78744677978918,0.010040328893791027,1.999999999144387,-44.51230575454625,Procedural,0.7248589747570691
478,675661_fnca,0.8265123226224305,1.3783435311157106,-41.66591564734063,0.4574138719400534,1.9999954564126416,-43.533360397864534,Procedural,1.8674447505239016
479,150928_fnca,0.010045360985379576,1.9999999997717712,-44.63333568550956,0.010038680751550252,1.999999999140612,-50.63092270877436,Procedural,5.997587023264799
480,179346_fnca,0.010046772856669123,1.999999998565107,-44.41383926586631,0.010031485287053398,1.9999999994217863,-44.94774576453499,Procedural,0.533906498668685
481,171633_fnca,0.010046056786236811,1.999999999183095,-44.40258743908789,0.010014296560424522,1.9999999993900108,-45.68728136601827,Procedural,1.2846939269303803
482,120515_fnca,0.429721185085278,1.999997937053699,-44.30525760248198,0.6353374435097593,1.9999999190871371,-43.516267674822146,Declarative,-0.7889899276598342
483,366042_fnca,0.020546738305978057,0.44318416368075947,-44.26746527898228,0.010000001230901171,0.8410461822216815,-43.77953294516748,Declarative,-0.48793233381479695
484,713239_fnca,0.010046460009636772,1.9999999992425606,-43.819987624201616,0.010020339211118988,1.9999999999168665,-46.868390691086205,Procedural,3.048403066884589
485,356948_fnca,0.8887923519543527,1.1563665687391107,-39.97004316091293,0.37473340968378777,1.2209795667994108,-40.5895262215277,Procedural,0.619483060614769
486,861456_fnca,0.010046931743904197,1.9999999984392929,-41.70039678442976,0.17421986662234337,1.9999999997711018,-42.4127270284621,Procedural,0.7123302440323371
487,395251_fnca,0.8809330173697383,0.7075582574504583,-35.19448512103316,1.9999985090268575,1.7611819913089708,-35.543598792627826,Procedural,0.3491136715946652
488,189450_fnca,0.010037481223683581,1.9999999984757821,-44.459361653509525,0.010007313636029073,1.9999999989903596,-45.852426700758286,Procedural,1.3930650472487613
489,151728_fnca,0.23672021901068008,0.5926470083673631,-41.14546496706975,0.010056050911544835,1.9999999983844616,-43.573132635873144,Procedural,2.4276676688033945
490,173435_fnca,1.1785124738048174,1.9999999999835725,-42.40333148086414,0.05751460154130824,1.9999999995519866,-44.63154828372942,Procedural,2.2282168028652833
491,117324_fnca,0.5083218400542933,0.27879152630832255,-27.737118270784933,1.3821092575136067,1.3200614244950055,-34.49110608678079,Procedural,6.753987815995856
492,536647_fnca,0.010000495227070897,0.09818957068894964,-41.63406583531288,0.010000655977328705,0.6754356422831671,-41.51748029974095,Declarative,-0.11658553557192874
493,148335_fnca,0.8164253469800313,0.8155069086363619,-38.52162909223917,0.3844979813151535,1.9999961042198353,-43.90955529659522,Procedural,5.387926204356049
494,173334_fnca,0.01005441882982724,1.9999999989081507,-43.69804799955273,0.010032279686687812,1.9999999983488002,-43.96903396580571,Procedural,0.27098596625297944
495,204319_fnca,0.32040482312450064,1.8247548026861313,-44.006570559953815,0.3787225428497943,1.9999966043978061,-44.11304414759163,Procedural,0.10647358763781511
496,201818_fnca,0.01004215876206094,1.9999999984939207,-43.6943690178683,0.010028134706657981,1.9999999999752058,-44.123712705829654,Procedural,0.4293436879613566
497,735148_fnca,0.4389715815736163,1.9999556801897236,-44.24625315404703,0.10365463789359257,1.9999997877633595,-44.436390546898956,Procedural,0.19013739285192344
498,169040_fnca,0.01004026519061634,1.9999999992436648,-43.68523523979071,0.010025979476343498,1.9999999998568927,-44.045119121737685,Procedural,0.3598838819469776
499,170631_fnca,0.6821841705412655,0.41472003085497633,-28.535615188362172,0.010000003074165953,0.26867453556320275,-25.507233991878355,Declarative,-3.028381196483817
500,114823_fnca,0.7308506471434194,1.9999999999698677,-42.77450623454462,0.35015859661072457,1.999999999999897,-43.49595061156723,Procedural,0.721444377022614
501,715950_fnca,0.010061855946269859,1.9999999999289362,-43.714898455997776,0.19341550953983147,1.9978450277979483,-43.66181168011151,Declarative,-0.05308677588626409
502,142828_fnca,0.9300588898001931,1.9999822631301203,-41.39603821165954,0.15958694801264964,1.9999999998635767,-43.083999666832305,Procedural,1.6879614551727684
503,149337_fnca,0.17037916729193625,1.9999999999990192,-44.33264860989111,0.24050074598759766,1.9935052559379294,-44.202008188678356,Declarative,-0.1306404212127532
504,825048_fnca,0.01004731419421478,1.9999999983778176,-43.70901686208004,0.010017477143941496,1.999999999839925,-44.03244249661547,Procedural,0.3234256345354254
505,180432_fnca,0.01004449840976833,1.9999999998365288,-43.68309357147784,0.01003480529885793,1.9999999995601008,-43.89718909358533,Procedural,0.21409552210749183
506,837560_fnca,0.3526821478295672,0.6039362805656983,-39.50565356468345,0.24090292652965278,1.1042853547116145,-41.36629160845859,Procedural,1.8606380437751397
507,102109_fnca,0.493271275708868,1.9477785533606429,-43.01439233311373,0.11412190039407752,1.9945559353411721,-43.47022518113607,Procedural,0.4558328480223395
508,377451_fnca,0.010038035570206274,1.9999999984431314,-44.44252356671482,0.010017321487703894,1.9999999995420699,-45.33508961179755,Procedural,0.8925660450827309
509,128632_fnca,0.41738354344767636,0.6595384276512071,-38.682947016756266,0.4848576570230164,1.8688453913227259,-41.305691865040814,Procedural,2.6227448482845475
510,205119_fnca,0.01045216156302547,0.2310527646234517,-43.466545500422534,0.010023345482308514,1.999999999679559,-43.917543589950114,Procedural,0.45099808952758025
511,293748_fnca,0.01004681571599811,1.9999999985304242,-44.405469296815845,0.01001706477113717,1.9999999999982943,-44.94458534985404,Procedural,0.5391160530381924
512,804646_fnca,0.18423744464212904,0.8009434152058089,-43.051479651459296,0.19476663409008188,1.990257091661331,-43.53272762808347,Procedural,0.48124797662417507
513,205725_fnca,0.010043550660729057,1.999999998889683,-44.36452903429419,0.010022864125249243,1.9999999997853215,-45.26199553011594,Procedural,0.897466495821746
514,171431_fnca,0.010000000004302087,0.10564248865312993,-42.71785377943567,0.06172362172058265,1.4676120970320075,-43.25816798238178,Procedural,0.5403142029461065
515,115320_fnca,0.08576890539311406,0.6606983200866242,-43.57839758673665,0.4914480674042339,1.9999930200857177,-43.156154993318886,Declarative,-0.4222425934177636
516,984472_fnca,0.9169531332221356,1.9999999994661948,-43.30447137532701,0.23921639066924136,1.9999994756707555,-43.90046771126736,Procedural,0.5959963359403488
517,191235_fnca,0.010046704302377443,1.9999999992921678,-44.42268327711155,0.010012397948427364,1.9999999993967974,-45.18041368511788,Procedural,0.7577304080063243
518,168240_fnca,0.7485165827572817,1.5914775840469448,-41.41363797240808,1.6405275353727173,1.9999592278521459,-40.50403956359258,Declarative,-0.9095984088155049
519,947668_fnca,0.010055230679898535,1.9999999989050168,-44.3650605694624,1.489425909626365,1.9999999999999034,-43.66722078231462,Declarative,-0.6978397871477782
520,656657_fnca,0.010046483327068851,1.9999999992526694,-44.48145431208106,0.010024033785685204,1.9999999996272877,-46.85129866232029,Procedural,2.3698443502392266
521,321323_fnca,0.027714997829655294,0.0928012319840838,-64.23059344009306,0.09518245785842833,0.31057558282944187,-43.1254257339911,Declarative,-21.10516770610196
522,173637_fnca,0.010035308720736737,1.9999999999424563,-43.68600147466036,0.010033960236284716,1.9999999990836248,-43.69184422162516,Procedural,0.005842746964802359
523,162026_fnca,0.01004428489532189,1.9999999998484692,-44.3810738460147,0.01001786011260331,1.9999999993649284,-44.76759861406477,Procedural,0.38652476805006586
524,146129_fnca,0.5700108269654693,0.17423871377951453,-32.61050294458378,0.7112083128995328,0.465801803191268,-32.291459460077384,Declarative,-0.31904348450639475
525,729254_fnca,0.8587080366237761,0.6733463764229697,-35.46529678009121,0.47019795991193164,1.9999999990925732,-43.4086485017043,Procedural,7.943351721613091
526,157942_fnca,0.010044366984077626,1.9999999998487,-44.66225890826254,0.010031043592244266,1.9999999998439533,-50.037664195162286,Procedural,5.375405286899749
527,346137_fnca,0.010000000002668827,0.06395582943144103,-43.257979165989966,0.010000001323060705,1.3935676432071773,-44.03753272365705,Procedural,0.7795535576670858
528,189652_fnca,0.3187561689640473,0.8849765641220287,-42.77858744565794,0.2615685104324239,1.989781292124028,-43.58974003811603,Procedural,0.811152592458086
529,178647_fnca,0.9766074398849672,1.84438123811285,-42.36989400833707,1.3641118724954195,1.9999999999655909,-41.73561321997692,Declarative,-0.6342807883601509
530,654754_fnca,0.0100358375074479,1.9999999993312834,-44.36806974763452,0.010010637213584118,1.9999999995150861,-44.465958213464795,Procedural,0.09788846583027322
531,199150_fnca,0.5068169528756145,1.9999999999999674,-43.09975546985751,0.20264029932997105,1.9999999991910955,-43.47721493341062,Procedural,0.3774594635531088
532,107018_fnca,0.01004654874366983,1.9999999992485074,-43.024683204903845,0.010019242419001088,1.9999999997558098,-43.5635559173887,Procedural,0.5388727124848529
533,123117_fnca,0.22023197422838808,0.526692176373345,-38.67998836658801,0.08586925878925238,0.6347471471943638,-37.89900442978705,Declarative,-0.7809839368009648
534,289555_fnca,0.34177385956517425,1.999999999793068,-40.528636886975725,0.658869081052311,1.999999999999904,-40.246834358771075,Declarative,-0.28180252820465057
535,645450_fnca,0.010045198266611596,1.9999999995455489,-44.44336698912928,0.010020077256329347,1.999999999761663,-46.3918513191175,Procedural,1.9484843299882186
536,153429_fnca,0.01025203291147226,0.056149913058411265,-41.87428335536341,0.26988124288854387,1.9999999999150224,-43.309029585410954,Procedural,1.4347462300475442
537,163836_fnca,0.44248525710692954,0.5446264326917111,-38.649207079685,0.0746384977194656,0.5370437168586201,-41.78087712361199,Procedural,3.131670043926988
538,170934_fnca,0.010045480027364514,1.999999999538408,-44.422477774714466,0.010013139556264504,1.9999999995296256,-45.628623326790134,Procedural,1.206145552075668
539,800941_fnca,0.010000000007276074,0.39175605528826596,-43.5907287609525,0.01004489259263299,1.9999999983748777,-44.096548207805,Procedural,0.5058194468524988
540,198653_fnca,0.010059444142345149,1.9999999995747637,-44.39249413667492,0.010000000866879008,1.9999978811773613,-44.9585839999231,Procedural,0.5660898632481803
541,512835_fnca,0.010000068801646632,0.2011307221111913,-43.57642807506475,0.4590188365491722,1.9999929667809853,-42.992543868298355,Declarative,-0.5838842067663919
542,164131_fnca,0.010057567310964521,1.9999999989637784,-43.726173374578096,0.010010245061143463,1.9999999995398843,-44.514613401429614,Procedural,0.7884400268515179
543,679568_fnca,0.010041697721270178,1.9999999997690847,-43.67562184621953,0.010038608245297346,1.999999999194026,-44.11368369700689,Procedural,0.4380618507873635
544,255639_fnca,0.01004700911473323,1.9999999984050931,-44.382530117484585,0.01002661853616436,1.9999999996486462,-44.5250772037862,Procedural,0.14254708630161872
545,770352_fnca,0.03416786146450193,0.18876129240503708,-40.93441434921252,0.010000000954795958,0.9709735283772594,-42.47748891799211,Procedural,1.5430745687795948
546,106824_fnca,0.010046060134241822,1.9999999991138555,-44.42574540368327,0.010008010928642381,1.9999999989361181,-45.890989945246965,Procedural,1.4652445415636919
547,182032_fnca,1.0078368556388555,1.99999999993711,-40.93519173524132,0.5399849851541336,1.9999999999999178,-42.77309002346778,Procedural,1.8378982882264623
548,983773_fnca,0.9469754767961276,1.8442052025400733,-42.21659977463354,0.32953942153807464,1.3915633633000062,-42.0027737497593,Declarative,-0.21382602487424407
549,694362_fnca,0.7093058962506814,1.2494951752456211,-41.26211837326394,0.2829813715814813,1.1932754277383215,-42.32476313598626,Procedural,1.0626447627223214
550,623844_fnca,0.1907711728486885,1.0193746816743656,-43.15996340222094,0.354514533486808,1.6984248621275633,-43.01566914146379,Declarative,-0.14429426075714957
551,500222_fnca,0.4996174849921665,0.45211961069057083,-35.62502930033134,0.8966056996197781,1.2473991277585836,-41.20725607014416,Procedural,5.58222676981282
552,138130_fnca,0.010051450612518002,1.9999999998990858,-43.68213040516792,0.15483828236061462,1.999999998815066,-44.35624114741568,Procedural,0.6741107422477626
553,161630_fnca,0.010061218779339189,1.9999999991909787,-43.78088156634431,0.010018077320742306,1.9999999998016864,-44.786502541088986,Procedural,1.005620974744673
554,122317_fnca,0.8650503574031531,1.013670862958273,-37.194170175649354,0.4923904317772081,1.4397614434510544,-37.629058050143996,Procedural,0.43488787449464184
555,198350_fnca,0.20407058534518568,0.5046080143271054,-39.490212878515564,0.09425317029545809,0.46749383301506453,-38.39530609401187,Declarative,-1.0949067845036922
556,114419_fnca,0.01004713907345591,1.9999999997537794,-44.46590069328256,0.04427534257590856,1.999999998808164,-46.15405292584673,Procedural,1.688152232564164
557,567759_fnca,0.010043469925898309,1.9999999996289115,-43.69523789943813,0.010005780156483464,1.9999999990598178,-44.999017761591965,Procedural,1.3037798621538315
558,199453_fnca,0.04135270107256104,0.644343902760805,-44.31487268897478,0.010000001531457102,1.2136654748765854,-44.122414467908854,Declarative,-0.1924582210659267
559,160830_fnca,0.010055679133921774,1.9999999995130695,-42.98832870678948,0.010012421118991073,1.9999999989018007,-43.44499464158221,Procedural,0.4566659347927313
560,786569_fnca,0.010000000004235484,0.0749129603054854,-43.48088578463831,0.01000000233278979,1.1893606215931976,-43.56894609638197,Procedural,0.08806031174366069
561,118528_fnca,0.010000000005379638,0.3697533812611954,-44.1671293071968,0.010024259123634858,1.9999999997295506,-44.231500069924884,Procedural,0.06437076272808184
562,510326_fnca,0.06955825393744237,1.9532804156226422,-42.938983485914946,0.046050818207046526,1.9999999995373403,-43.22055745783764,Procedural,0.28157397192269684
563,844961_fnca,0.5530269347012157,1.8874784574031016,-42.78310753683295,0.010000001525792945,0.5045634361987602,-41.27918573964879,Declarative,-1.5039217971841623
564,120111_fnca,0.22898295790898457,1.029298018138401,-43.15312532396308,0.14586066845386988,1.9028267911052414,-43.38433688227524,Procedural,0.231211558312161
565,334635_fnca,0.11192290822191293,0.6606560618269159,-43.323558431764084,0.08631361884671136,1.281620903833606,-43.889111446562566,Procedural,0.565553014798482
566,358144_fnca,1.1938142246067276,1.9999999999423543,-42.97410888451716,0.6500001065645314,1.9999914228625308,-43.00426854226401,Procedural,0.030159657746850144
567,200008_fnca,0.010000002525262779,0.8843218838035635,-44.356859823017125,0.010035280318938324,1.9999999995913063,-44.62384529041593,Procedural,0.26698546739880413
568,366446_fnca,1.2332339456052899,1.9999835510013755,-41.203496805896485,1.6457516267599732,1.9999999999998865,-42.26352694680311,Procedural,1.0600301409066262
569,211619_fnca,0.010062226433376644,1.9999999994951805,-43.80611496892936,0.17669238352063235,1.999999998748262,-45.45836117777386,Procedural,1.6522462088445025
570,495255_fnca,0.010041572952476267,1.9999999996152262,-44.373185269018954,0.010018694987357574,1.9999999998998577,-46.0952335561088,Procedural,1.722048287089848
571,192136_fnca,0.010040678811928943,1.999999999028386,-43.690444435436675,0.01002887905765365,1.9999999999804203,-44.049144728889765,Procedural,0.35870029345309007
572,456346_fnca,0.02026537599756759,1.1764905876995588,-43.64718021139559,0.010041646464635286,1.9999999994914885,-43.57862189121248,Declarative,-0.06855832018311503
573,124826_fnca,0.013309647749782378,1.141790447403731,-42.96340970140548,0.010034239222585353,1.9999999995498543,-43.210178542815584,Procedural,0.2467688414101019
574,159946_fnca,0.010045740573874577,1.9999999990768635,-44.39098899738854,0.010013692455108672,1.9999999993580653,-45.05947884425127,Procedural,0.6684898468627267
575,901442_fnca,0.010000041769256552,0.19938385996174796,-44.20104905445811,0.010024266877842625,1.9999999999975524,-44.22202261020393,Procedural,0.020973555745818828
576,351938_fnca,0.6784260285449877,0.9339562164266066,-40.61526559655677,0.2289289531789207,0.6171104918664546,-41.53562471986228,Procedural,0.9203591233055093
577,177140_fnca,0.010000322656726764,0.140112570100125,-42.78126484951343,0.09087216297444446,1.7065627027868315,-43.37325599249062,Procedural,0.5919911429771929
578,150726_fnca,0.010000000005895909,0.0347803464117606,-42.91006616340027,0.010032029432022013,1.9999999999511218,-44.68307753197395,Procedural,1.7730113685736768
579,454140_fnca,0.010035798584845565,1.9999999983579617,-43.70591036566747,0.010012975749535719,1.9999999996751447,-44.14652561799983,Procedural,0.440615252332357
580,200614_fnca,0.6325911421418001,0.582283755919064,-35.56640291124309,1.018881105654482,1.2290611520118024,-37.829005353968554,Procedural,2.2626024427254663
581,783462_fnca,0.6617771922651765,1.6398698184796432,-42.99993376782458,0.010010607058378354,1.9999999995572781,-45.33868701487472,Procedural,2.3387532470501426
582,185846_fnca,0.5521288225108353,1.065292463111869,-41.44052414834036,0.6330297212485562,1.1292975383876716,-40.27660055956653,Declarative,-1.1639235887738266
583,304020_fnca,0.010042424318927599,1.9999999995207383,-43.683023920058744,0.0496873715644974,1.9999999983059198,-44.374240946842455,Procedural,0.6912170267837112
584,792766_fnca,0.07102116223944986,1.9999620833529717,-42.813096304387734,0.010025448486002458,1.9999999995005242,-42.826763214170285,Procedural,0.013666909782550363
585,137027_fnca,0.010000119882858712,0.5199707625379408,-43.62253232099144,0.010020037203817023,1.999999999343226,-44.64151272540033,Procedural,1.018980404408893
586,753150_fnca,0.010042238362880823,1.999999999723092,-44.47610874725714,0.33319389327846116,1.9999999999999345,-48.534386819798414,Procedural,4.05827807254127
587,134021_fnca,0.5604047914715848,1.4110687956734587,-43.127290059606395,1.0963852195759418,1.9999999999998719,-43.13905871585674,Procedural,0.01176865625034651
588,188448_fnca,0.014191244073555244,1.4723108924107833,-43.62046670451864,0.010043189498776292,1.9999999983436856,-44.09987672787692,Procedural,0.47941002335827676
589,820745_fnca,0.13319575134924422,1.9999924446438981,-44.32001903709614,0.2219067728425856,1.9938737846664438,-44.12650871984943,Declarative,-0.1935103172467052
590,149842_fnca,1.1869140358628187,0.6985806146656318,-30.829925297487286,1.9999999998351554,1.8023445742771271,-35.156895913709704,Procedural,4.326970616222418
591,744553_fnca,0.01006210966233277,1.999999999940662,-44.3809789749069,0.010019044855081032,1.9999999998785718,-44.546299945688126,Procedural,0.16532097078122376
592,749361_fnca,1.2489863217006711,1.9999999991345592,-40.327603209915324,0.3580537188414733,1.999985071929436,-41.3303429411214,Procedural,1.002739731206077
593,695768_fnca,0.7546887438815695,1.2085864992716284,-40.30675146156749,0.46531594231243234,0.827453367153917,-39.26505835448383,Declarative,-1.0416931070836597
594,362034_fnca,0.9246632097184269,0.9719726852894952,-37.430901590580845,1.9999999998637878,1.8147909891494605,-36.56925073902069,Declarative,-0.8616508515601566
595,151930_fnca,0.010000000002096086,0.05771274280611799,-63.20101896925189,0.010000000704746353,0.7355336555280434,-50.95877849205604,Declarative,-12.24224047719585
596,151526_fnca,0.010041479424969175,1.9999999994184787,-44.385661705009696,0.010004546831962335,1.9999999989960253,-44.90818053973648,Procedural,0.5225188347267817
597,196952_fnca,0.759107477505665,0.2609798879733735,-22.865435963578925,1.2435860282528848,1.5764328775977556,-34.15175715407373,Procedural,11.286321190494803
598,201414_fnca,0.4875038918792039,1.2836411312846614,-42.57169361387946,0.3722152470254701,1.5296009938522874,-42.44292032577582,Declarative,-0.12877328810363764
599,136732_fnca,0.39453449617513736,1.9999724364869411,-44.19601030349993,0.010028096527882197,1.9999999999083935,-44.740990383068706,Procedural,0.5449800795687736
600,136227_fnca,0.3798492288421264,0.659751197494029,-41.34746436293942,0.14538763113014733,0.7324993062075007,-42.67143664764031,Procedural,1.3239722847008935
601,195041_fnca,0.010044919323415948,1.999999999495661,-44.443163456641386,0.036975819251170126,1.9999999992979702,-45.58402812226336,Procedural,1.1408646656219759
602,211316_fnca,0.01000000000650466,0.1317708365813337,-42.83946524228637,0.1494287546050552,1.8300048659045953,-43.22897319910045,Procedural,0.3895079568140787
603,192439_fnca,0.641984367228928,1.157884516620578,-40.958834594742136,1.368334830925901,1.9999999998117486,-39.52399693838851,Declarative,-1.4348376563536291
604,153833_fnca,0.010000494985952079,0.19143776648564695,-43.04257857799768,0.010000000887136953,1.999992972398892,-43.31082651293581,Procedural,0.26824793493813104
605,158843_fnca,0.10797971806769224,0.9697098559741534,-43.400560865004394,0.010035448968336736,1.9999999990118555,-43.64007871715466,Procedural,0.23951785215026433
606,397760_fnca,0.01004680123241186,1.9999999986277235,-44.428035008947504,0.010013269623308488,1.9999999994199804,-45.46474235808258,Procedural,1.036707349135078
607,177746_fnca,0.981720616843516,1.9999999998181208,-42.89649068440996,0.3707788383975337,1.9999979985430676,-43.13258317035598,Procedural,0.23609248594601695
608,127226_fnca,0.010055798360407944,1.999999999815827,-44.39835018268347,0.34778288458174456,1.9999999999999012,-44.77436926508714,Procedural,0.37601908240366555
609,146735_fnca,0.9986155313164601,1.644646743627053,-41.93568303127632,0.39169425593222357,1.9999965290383044,-43.42004670597091,Procedural,1.4843636746945919
610,114116_fnca,0.01005397314781708,1.999999999595054,-44.46981104507963,0.010015691102988769,1.9999999992303485,-46.61056466262449,Procedural,2.14075361754486
611,175540_fnca,0.020552936188683993,0.12860653756602283,-34.85938413849365,0.051620669995990465,0.3637090555308396,-33.69133132690979,Declarative,-1.1680528115838626
612,663755_fnca,0.09984214578691027,0.5542222995986473,-43.23713716248416,0.010000002264325791,0.8719183423324929,-43.67388332208118,Procedural,0.43674615959702123
613,724446_fnca,0.26754840234582894,1.9999999999999096,-43.52823753040301,0.2471338636085539,1.9999995209150312,-43.809980342686075,Procedural,0.2817428122830634
614,210415_fnca,0.5197872018175876,1.24099752849683,-43.16060427744752,0.3297138097269904,1.9999983904748113,-43.71218494854995,Procedural,0.5515806711024283
615,103515_fnca,0.9871009490818268,1.9999999991848267,-43.430403662507636,0.010013510484617818,1.9999999994819888,-44.648087867273084,Procedural,1.2176842047654475
616,119732_fnca,0.041308964164022584,0.11984652881774882,-58.157671082433005,0.010000000169784229,0.4323590429690735,-44.73239939741392,Declarative,-13.425271685019084
617,195647_fnca,0.6282681551826068,1.999941032183032,-41.54387802992275,0.10011562875605487,1.4003763209639377,-41.58325925013617,Procedural,0.039381220213421386
618,305830_fnca,0.010000001559552654,1.0742470079385418,-44.3582437039091,0.010033799973395445,1.9999999991055357,-44.383393083222735,Procedural,0.025149379313631925
619,751550_fnca,0.5106510752523227,1.2010668744947037,-41.777438690429726,1.1202829160899077,1.9999999996369306,-41.274498839109164,Declarative,-0.5029398513205621
620,910443_fnca,0.018001126387705076,0.12958473109234922,-41.89384157915705,0.10310030682087555,1.200926451015023,-42.51328199055712,Procedural,0.6194404114000704
621,121921_fnca,0.4560919400799361,1.2943804497344031,-42.67147791231148,0.33729255539081343,1.6905261574552675,-42.77639218017701,Procedural,0.10491426786553149
622,124220_fnca,0.15844714440350433,1.9999994238851249,-44.31013337896498,0.010036733047893948,1.999999999747449,-44.40759540625205,Procedural,0.09746202728707232
623,590047_fnca,0.010000000003893022,0.07710658575027902,-43.614100932485734,0.010015161180474285,1.9999999998577298,-44.14391852155423,Procedural,0.5298175890684931
624,159340_fnca,0.7595594529521813,0.4382232175370121,-30.10553597305578,0.154303054275153,0.33379193959360853,-35.22856830564176,Procedural,5.123032332585979
625,415837_fnca,0.6717591583769486,1.8016578537480572,-43.36247519323708,0.14857023974732994,0.943686960967466,-43.45517647169307,Procedural,0.09270127845599063
626,135124_fnca,0.01000010168021456,0.4657074512447794,-44.34698173519919,0.010020185308188899,1.9999999998601476,-44.867375905465174,Procedural,0.5203941702659804
627,280739_fnca,0.010043769762405692,1.9999999996018982,-44.382082767655625,0.010033734144120047,1.9999999999292124,-44.600359667301525,Procedural,0.21827689964590036
628,902242_fnca,0.8406299420657772,1.7173432696595285,-41.217943647177634,0.6479679701574004,1.9999999999998443,-43.65527987940838,Procedural,2.4373362322307486
629,153126_fnca,0.816658982790204,0.9798193070096889,-39.792875022133046,1.8241030456038716,1.9999999998649154,-39.20724321818134,Declarative,-0.5856318039517063
630,865363_fnca,0.6663625541768888,0.403808178062238,-31.32919553072446,0.27313480920716154,0.9827362802457627,-39.57505721861301,Procedural,8.245861687888553
631,118932_fnca,0.010043269822697792,1.999999999882753,-43.67554113279052,0.01004211795909917,1.9999999983772034,-43.808315624053364,Procedural,0.13277449126284324
632,194847_fnca,0.8009219683453922,1.9999999999998768,-43.11181997303556,0.010000002609329157,1.9049744944436822,-43.517525170387884,Procedural,0.4057051973523258
633,104012_fnca,1.484801252560393,1.9999999998882776,-40.41554500683822,1.7520834628011992,1.999999999991517,-40.77441279941357,Procedural,0.35886779257534585
634,102715_fnca,0.010047089039164778,1.999999998535363,-43.718015764274426,0.010023953009052736,1.9999999996478106,-44.17753471572294,Procedural,0.4595189514485156
635,134627_fnca,0.01000022206419314,0.160627819724228,-41.725352603555926,0.010021424899516945,1.9999999993198398,-42.88856221221265,Procedural,1.1632096086567216
636,588565_fnca,0.010047077170675883,1.9999999984056778,-41.629343440349245,0.010022058459344998,1.9999999999247593,-42.22029509982367,Procedural,0.5909516594744275
637,825654_fnca,0.4967693565123377,0.48248410267333974,-34.42529485472922,1.0926221355293158,1.2042749601294112,-35.37708542068512,Procedural,0.9517905659558963
638,144933_fnca,0.024918052006223664,0.22457525068994186,-43.68500140869444,0.01000000143274488,0.47547854358371777,-41.49328712927714,Declarative,-2.1917142794172975
639,727553_fnca,0.010046663261650822,1.9999999983825754,-44.404912116598844,0.0100000003369744,1.999989417070354,-44.835023510831626,Procedural,0.43011139423278166
640,130720_fnca,0.010000000043373938,0.061804842893081975,-43.785698829483806,0.010035452520688696,1.9999999990243797,-44.46792773358989,Procedural,0.6822289041060827
641,108525_fnca,0.9371137343309995,0.648720330548823,-32.42007339373953,1.999996498710164,1.723229120577098,-30.65612395952582,Declarative,-1.763949434213707
642,748662_fnca,1.461888252242719,1.9999999999999152,-41.49986937971873,0.010032205864796103,1.9999999997228306,-43.329964811781785,Procedural,1.8300954320630538
643,111211_fnca,0.1276171300386796,0.19020913632006847,-34.24027183320447,0.2802456454371396,0.4384580679966964,-34.00422122319636,Declarative,-0.2360506100081068
644,122822_fnca,1.3288230288261107,1.9999999999647233,-40.54490110333414,1.5190974808468833,1.9999780339635325,-39.91944811718326,Declarative,-0.6254529861508829
645,165941_fnca,0.11460573442118352,0.38524355302849056,-36.87421702658031,1.4051554957196015,1.999999998829275,-37.85312650929764,Procedural,0.9789094827173273
646,355239_fnca,0.7273058643016515,1.999999999999902,-43.923266014610476,0.19581147992188477,1.9988026480474614,-44.228934208877696,Procedural,0.3056681942672199
647,110007_fnca,0.7252333628151043,0.6752280221524054,-35.7038095427248,0.6724237580609433,1.9999895328989088,-40.072025151111596,Procedural,4.368215608386798
648,832651_fnca,0.010047039596424973,1.9999999983744425,-44.39138995302004,0.010037639152331008,1.9999999999947264,-44.45454906874136,Procedural,0.06315911572131938
649,702133_fnca,0.01005251734608851,1.9999999998249254,-43.02060899544937,0.010026071315380074,1.9999999992955895,-44.80871961149018,Procedural,1.788110616040811
650,391748_fnca,0.02089086985223897,0.8497685291290367,-44.22288473339187,0.010036619018198547,1.9999999991312967,-44.516493232251904,Procedural,0.2936084988600314
651,155231_fnca,0.025900834861318996,0.18226423033552544,-42.577096206142464,0.01000000136333314,0.4595131359317246,-40.411714174184254,Declarative,-2.1653820319582096
652,594156_fnca,1.2398214591521175,1.999999999972116,-42.54904282276605,0.01002706721839858,1.9999999998264486,-44.13640076894127,Procedural,1.5873579461752243
653,368551_fnca,0.010000069631493039,0.13937657241462015,-43.936317042492966,0.010039559710999771,1.9999999990310555,-44.47455286640755,Procedural,0.538235823914583
654,208024_fnca,0.010062411979881104,1.999999999746521,-44.37977126202479,0.010030054865839862,1.999999999512922,-44.52735758174797,Procedural,0.1475863197231817
655,611938_fnca,0.30257597392438856,0.308826631693042,-35.66190693784048,0.3695363492210038,0.7676074329210573,-38.16437260399072,Procedural,2.5024656661502434
656,401422_fnca,1.3716753713071976,1.9999896679993803,-40.814150653655005,1.5294092872624145,1.9999999998539881,-42.107934744577435,Procedural,1.2937840909224292
657,154532_fnca,0.5863847673315126,1.999951582655091,-43.566665946140745,0.010000001497837172,0.49049905516737335,-43.99542080741147,Procedural,0.4287548612707255
658,250932_fnca,0.15987471407679085,1.9083504148906463,-42.05314154144196,0.010000000661767578,1.4626657448757816,-41.82423682016808,Declarative,-0.22890472127387795
659,187143_fnca,0.46917146654510566,1.0776019441264966,-39.38700096268881,0.010000001182247626,1.5402816252112441,-39.849277399536845,Procedural,0.4622764368480361
660,529953_fnca,0.01000000001313969,0.1902970952516541,-44.27113794035745,0.010020201910532796,1.9999999995761915,-44.42616209166203,Procedural,0.15502415130458047
661,926862_fnca,0.5367496154455879,1.157217102911381,-41.32940710330775,0.010000001268810914,0.7767107733364866,-39.35974044113494,Declarative,-1.9696666621728127
662,919966_fnca,1.248672162910703,1.9999999999418627,-41.3125655497272,1.694190875177569,1.9999599922041544,-40.89081736110434,Declarative,-0.421748188622864
663,166438_fnca,0.6620549065677794,1.9999999999873568,-42.79616612244215,0.06372482390280394,1.9999999998652664,-44.47198739802477,Procedural,1.6758212755826207
664,597869_fnca,0.010000000001364626,0.0805986607695641,-41.36628908998006,0.01000000003892956,0.7352965452243814,-42.48737053927779,Procedural,1.1210814492977335
665,186545_fnca,0.5901180429008527,0.6162369466676829,-38.62006194087462,1.7532256121641852,1.9999590264220806,-39.45480910856603,Procedural,0.8347471676914111
666,224022_fnca,0.010052205795650606,1.9999999996191014,-43.68325823981403,0.010035744509904194,1.9999999991633906,-43.79013774797802,Procedural,0.10687950816399194
667,274542_fnca,0.010000000005259446,0.0768113009734798,-43.535379578427786,0.010000001358879771,1.9852146614725137,-44.1456786992724,Procedural,0.6102991208446156
668,884064_fnca,0.010000002214453248,0.7785050691368238,-44.34151052023526,0.010023776309696255,1.9999999997782998,-44.27514527614266,Declarative,-0.06636524409260147
669,100206_fnca,0.4941823668840312,1.8189573688662335,-42.96017358024539,0.19442694533242158,1.5558996408194576,-42.841615882575645,Declarative,-0.11855769766974333
670,127933_fnca,1.0310857354077219,1.999999999999912,-44.781011483069335,0.33920859323027264,1.9999999999998617,-47.15832077317948,Procedural,2.377309290110148
671,209834_fnca,0.028731222399270125,0.14783119667439437,-40.256129413648445,0.1751303689535493,1.0299466552595677,-41.99595045499525,Procedural,1.7398210413468078
672,108323_fnca,0.010061883692073637,1.9999999997527331,-43.01973307503411,0.010009791653903848,1.9999999982686998,-43.38268045383964,Procedural,0.3629473788055293
673,620434_fnca,0.285440653999488,1.9999965848081878,-43.48432073652839,0.01003045340247719,1.9999999997204827,-43.09459844980893,Declarative,-0.3897222867194614
674,112112_fnca,0.2040560957845635,1.9999999999992664,-44.248661529346585,0.03278589128576487,1.999999999614668,-44.216645866647895,Declarative,-0.03201566269869005
675,634748_fnca,1.0952381720887971,1.8798171557980417,-41.98524242654863,1.9999999995714581,1.6590330404583746,-37.74863996814869,Declarative,-4.236602458399943
676,453542_fnca,0.0100461112301611,1.9999999991238762,-43.698275018506905,0.01000063856478178,1.999999999793564,-43.96181232210562,Procedural,0.2635373035987172
677,859671_fnca,0.010000355916855394,0.05333273339045755,-42.984132178706474,0.01000000142627123,1.4142666815607008,-43.87219225374831,Procedural,0.8880600750418353
678,122418_fnca,0.7792137666239808,0.8064286194033422,-38.12592557815209,1.9688225867006206,1.9999999996801154,-37.60984809230701,Declarative,-0.5160774858450807
679,101006_fnca,0.9888477660291375,1.448367736089224,-41.239867018138426,0.010022998021907323,1.9999999995903566,-44.473609066749276,Procedural,3.23374204861085
680,295146_fnca,0.39744852077358356,0.790709995400066,-41.38240251991752,0.9744179678098694,1.9999999996959308,-42.679715728574735,Procedural,1.297313208657215
681,109123_fnca,0.5408818738315377,1.0546146853916838,-41.85439634592508,0.010000002243077148,1.1481217279902507,-42.53984621599577,Procedural,0.6854498700706912
682,144226_fnca,0.9788941776883743,1.702450746486996,-42.20377102720985,1.9999497512814366,1.9999280591013728,-40.765972445852015,Declarative,-1.437798581357832
683,192843_fnca,0.010034934393812131,1.99999999913622,-44.38945317491412,0.0100302265698499,1.9999999999377418,-44.6977744764348,Procedural,0.30832130152068515
684,765864_fnca,0.818261867724932,1.9999345015174421,-42.13735495438305,0.2119748345825936,1.9999999999999438,-44.417149881466635,Procedural,2.2797949270835858
685,209228_fnca,0.010049379809608917,1.9999999995867008,-44.36178758192153,0.0628781371762741,1.9999999992269493,-44.85371271875563,Procedural,0.491925136834098
686,162733_fnca,0.9888939343297068,1.165282554107298,-39.16090714805646,1.8078307501073905,1.9999977835801082,-38.02216624955733,Declarative,-1.1387408984991296
687,129331_fnca,0.010000066218700823,0.6963969383374095,-44.34876823188457,0.010027115094029261,1.999999999799373,-44.78573724417308,Procedural,0.4369690122885075
688,812746_fnca,0.010045227210634822,1.9999999995248823,-44.46185170856896,0.010017072842888306,1.9999999998661855,-45.67187241721639,Procedural,1.2100207086474342
689,256540_fnca,0.010047167370365123,1.9999999984504218,-44.39722208625205,0.010013347454236824,1.9999999992508593,-45.430874262389914,Procedural,1.0336521761378634
690,598568_fnca,0.010034755759776179,1.9999999997257176,-44.38203647173057,0.010035791771643454,1.9999999992370667,-44.95885652822903,Procedural,0.5768200564984554
691,449753_fnca,0.36450275136428517,0.7752256103432765,-39.61522978154074,0.2550634224290879,1.3213100019844948,-40.518899507654154,Procedural,0.9036697261134137
692,585862_fnca,0.01005582997970326,1.9999999991973931,-44.38617373878551,0.010004672651041878,1.9999999988573565,-44.85691116560459,Procedural,0.4707374268190847
693,128127_fnca,0.010045715759466896,1.9999999990371222,-44.415045661190995,0.04420469344486712,1.9999999999261335,-45.905224281821866,Procedural,1.4901786206308714
694,917558_fnca,0.34480203658384817,1.568754610910982,-42.74025095236931,0.010000000623156884,0.296281690563455,-38.863894608187195,Declarative,-3.8763563441821134
695,877168_fnca,0.010046449907510815,1.9999999992557707,-43.710299263095855,0.010010198367035811,1.9999999988399904,-44.31851249686216,Procedural,0.6082132337663069
696,951457_fnca,0.8991899186680076,1.2781868127886866,-41.19728494859463,0.3832814885347901,0.7585442416851943,-41.04653902447887,Declarative,-0.1507459241157605
697,469961_fnca,0.010000711963086625,0.14811860354352246,-43.720682717463326,0.010014459707368703,1.9999999998646274,-43.854489900442765,Procedural,0.13380718297943872
698,183337_fnca,0.010000000009057678,0.03225030060326283,-38.603085896367,0.010000001278297688,1.5202682271385064,-42.157361194557105,Procedural,3.554275298190106
699,371843_fnca,0.6019140247746811,1.3352255584879567,-41.74715443701659,0.01000071618080568,0.8474484749503635,-42.31103595796893,Procedural,0.5638815209523429
700,541943_fnca,0.01000000000452394,0.06798917752037505,-43.299166583157316,0.010000000704746353,0.9041598675406934,-43.17685388437147,Declarative,-0.12231269878584783
701,429040_fnca,0.010043458345895841,1.999999999825089,-44.379119480757595,0.010042608033124427,1.9999999998931786,-44.49162622917327,Procedural,0.11250674841567587
702,188347_fnca,0.07092626345600714,0.4206293018653465,-43.270263565601674,0.6078896976533836,1.999999999456177,-42.40063171594797,Declarative,-0.8696318496537003
703,856766_fnca,0.010040754547062764,1.9999999990020307,-42.98147618330262,0.010010996276832048,1.9999999992151665,-43.25913589231975,Procedural,0.27765970901712933
704,628248_fnca,0.034946611750505785,1.116814344325617,-44.247797298150076,0.2223027647019211,1.967195074554473,-43.969022105248726,Declarative,-0.27877519290134956
705,485757_fnca,0.01003254729712059,1.9999999992134194,-43.71695788716956,0.010023199974102172,1.9999999995145759,-44.29630507303293,Procedural,0.5793471858633694
706,106521_fnca,0.5975776127142215,1.9999997774869558,-45.07023184081174,0.010000001085636635,1.6174506671516569,-43.86571651212339,Declarative,-1.2045153286883519
707,833148_fnca,0.010043625563365362,1.9999999997380793,-70.57074199370484,1.8555192928698245,1.9999999997195266,-49.37784007315599,Declarative,-21.192901920548856
708,329440_fnca,0.010000000005942946,0.10002267439538017,-43.58429315920941,0.010000001268810914,0.7135299164141484,-43.96971796779432,Procedural,0.3854248085849079
709,529549_fnca,0.161698610090966,0.6401633931151453,-40.10491468337655,0.6776405101398018,1.4545923876081008,-41.22170055947827,Procedural,1.1167858761017229
710,705341_fnca,0.9616777143874867,1.2754995928445683,-40.746601674433784,1.06360185035649,1.9999674923890718,-41.87665538293913,Procedural,1.1300537085053435
711,729557_fnca,0.033969219312754616,0.8660574758617878,-43.45344695621563,0.25342799230966906,1.9999991854761976,-43.27386992726671,Declarative,-0.1795770289489198
712,587664_fnca,1.425481089134568,1.9999597149436654,-41.856488627487316,0.010001829746050747,1.9999999982622567,-44.01529716027098,Procedural,2.1588085327836666
713,181131_fnca,0.7181759391212892,1.0468087354641866,-41.455738466283805,1.4154463720764066,1.9999843378395248,-40.55623062617313,Declarative,-0.8995078401106724
714,841349_fnca,0.03730216593786728,0.3964178623520469,-44.04297302565923,0.010034589751421023,1.999999999785627,-44.13617779295786,Procedural,0.09320476729863003
715,365343_fnca,0.010045916131802083,1.9999999991290247,-44.43031289582522,0.010046005184225106,1.999999999217169,-44.65615625998007,Procedural,0.22584336415485495
716,856463_fnca,0.010029816312171962,1.9999999988254908,-44.37156458288175,0.4754590105940476,1.9999999999999545,-44.5854727171892,Procedural,0.21390813430744515
717,113922_fnca,0.010045963199524487,1.9999999991763795,-44.426404936456585,0.010015511236478699,1.9999999996757976,-44.86838722615828,Procedural,0.4419822897016985
718,158136_fnca,1.0921785094826206,1.999922577475835,-44.78743716458631,0.010000000704746353,0.733195186986973,-41.549549698459664,Declarative,-3.2378874661266437
719,204420_fnca,0.6046545247541087,1.6070818563939848,-43.05436410928545,1.3526895277087787,1.9999999999998797,-43.548228010633125,Procedural,0.4938639013476731
720,308331_fnca,0.010045488246051155,1.9999999995381363,-44.46305282894032,0.010008675293809105,1.9999999990055877,-45.86350205890668,Procedural,1.4004492299663625
721,223929_fnca,0.010000000075834705,0.14861250224379968,-42.16644877358046,0.010000000468009992,1.9999876740875413,-43.907023953007474,Procedural,1.7405751794270117
722,604537_fnca,0.010046470474193448,1.9999999992039497,-44.42767618055397,0.010016012449034441,1.9999999998629079,-45.17370470531291,Procedural,0.746028524758934
723,175035_fnca,1.03486933162367,1.9999999993506838,-39.795265947839525,0.2763063166237946,1.999999999999977,-42.24790779552118,Procedural,2.4526418476816545
724,972566_fnca,0.010043266990589664,1.999999999206323,-43.676150779048136,0.010003147088785651,1.999999999086126,-45.80146705159069,Procedural,2.1253162725425554
725,148032_fnca,0.010045515140776524,1.9999999994655717,-44.39455768023235,0.010011824851694918,1.9999999994684396,-45.0515869123647,Procedural,0.657029232132345
726,207426_fnca,0.010063168668026742,1.9999999991449977,-43.72836686777901,0.06891753227283111,1.9999999999095048,-44.3837522661058,Procedural,0.6553853983267928
727,140117_fnca,0.750419373019943,1.999999991965236,-44.264336527230085,0.5676597397175561,1.9999998961222083,-43.813314769343926,Declarative,-0.45102175788615995
728,129937_fnca,0.010045575008382114,1.9999999991241606,-44.45847999327313,0.6722999257109713,1.99999999999987,-44.23305499567208,Declarative,-0.22542499760105272
729,257845_fnca,0.010042227233449249,1.9999999999140952,-43.6705977356898,0.01001294500427447,1.9999999996597586,-43.988676520058156,Procedural,0.31807878436835324
730,214524_fnca,0.36881799718609243,0.56423717937103,-39.371799355991655,0.20449125404433952,0.7589799985829128,-39.43124557861615,Procedural,0.05944622262449428
731,392447_fnca,0.010012639475191364,0.15136851357189862,-44.20209444068595,0.01002573631828419,1.9999999997817108,-44.44564818348395,Procedural,0.24355374279799946
732,973770_fnca,0.05165768656570492,0.5350813341953763,-43.592884512162804,0.010000000656424717,1.6768188066787961,-43.66401429666942,Procedural,0.071129784506617
733,638049_fnca,0.6181773250769378,1.4775790233608324,-41.96348712214956,0.010000000704746353,0.8014866098426013,-41.39940721592329,Declarative,-0.5640799062262687
734,899885_fnca,1.590975647533328,1.9999999998560543,-40.93395157931942,1.09592460421492,1.9999999997732747,-43.09336171003925,Procedural,2.1594101307198272
735,907656_fnca,0.010064861131562885,1.9999999991892814,-43.70498765525995,0.010009387149018546,1.9999999988529824,-43.8350257177786,Procedural,0.13003806251865058
736,187345_fnca,0.01002893075028205,1.9999999995872635,-44.370486748476225,0.08008610330951918,1.9999999982355754,-45.38715427715571,Procedural,1.0166675286794842
737,441939_fnca,0.010000000000931883,0.21763930184610372,-43.87890466427175,0.01003685903708766,1.999999999326945,-44.19593693375979,Procedural,0.3170322694880383
738,175439_fnca,0.011469960705498102,0.6567855500912566,-44.282241233528566,0.010057269650839694,1.9999999991508384,-44.62608361563039,Procedural,0.34384238210182616
739,154734_fnca,0.010000258762727901,0.12020333926605248,-43.03205802034295,0.13825353262153342,1.9999985905329707,-43.474340990597675,Procedural,0.4422829702547233
740,169949_fnca,0.010041758488353729,1.9999999992812973,-43.67457343276409,0.010017679506814746,1.9999999996926765,-43.81814923575115,Procedural,0.1435758029870584
741,548250_fnca,1.363679081791209,1.724598188681792,-38.87919188929806,1.9095501715322403,1.9999999999944795,-38.97523979698649,Procedural,0.09604790768842975
742,167238_fnca,0.9940821483484142,1.999999998982935,-43.122005644947585,0.010026290141211485,1.9999999997693365,-44.538350873552744,Procedural,1.4163452286051594
743,201111_fnca,0.010044618484500131,1.9999999994473836,-44.382346168235074,0.010045214816879906,1.9999999984515815,-45.06049923988445,Procedural,0.6781530716493762
744,111514_fnca,0.010000000002508171,0.07956619678113955,-41.220241871878514,0.010016209720250203,1.9999999999930866,-43.70723013018962,Procedural,2.486988258311108
745,146836_fnca,0.9324500650945667,1.6820479688787815,-41.89226676159277,1.2856876621063351,1.9999999999998914,-43.247928601920634,Procedural,1.355661840327862
746,130619_fnca,0.010043750124883304,1.9999999999321312,-44.39542768170928,0.010008675497265924,1.9999999992209907,-45.47965348568902,Procedural,1.0842258039797414
747,192540_fnca,0.5308122976836763,1.9999578220578327,-44.006007763540794,0.32018444250791983,1.9999985438692804,-43.88573763527548,Declarative,-0.12027012826531092
748,774663_fnca,0.39369686003027926,0.2979013332628344,-29.49295227144038,0.2071398232611018,1.031395866507847,-39.413652138626084,Procedural,9.920699867185704
749,160729_fnca,0.010053155366730708,1.9999999998283984,-44.37126346907906,0.010029323406203655,1.9999999996989692,-44.43185387272122,Procedural,0.060590403642159174
750,749058_fnca,0.010046600975786779,1.9999999992555249,-44.42255230581593,0.01003617627604825,1.999999999044335,-45.682127224853424,Procedural,1.2595749190374974
751,123824_fnca,0.04912234956730599,0.12121637017836949,-42.15807676103092,0.1483362133825796,0.307200574567183,-40.11912059802041,Declarative,-2.0389561630105106
752,558657_fnca,0.010000000011622602,0.07759111823713083,-36.535823430688055,0.010000001533284572,1.5764550912445667,-41.65792712837627,Procedural,5.1221036976882175
753,126325_fnca,0.010033573568637271,1.9999999995618858,-44.47270557571805,0.32543313198689783,1.9999999999998779,-45.77138440217385,Procedural,1.2986788264557987
754,147636_fnca,0.010059119875856509,1.9999999990065584,-44.454098089041445,0.010046184756104456,1.9999999986392405,-45.408386676234386,Procedural,0.9542885871929414
755,342129_fnca,0.01000000001257756,0.10464373520258953,-44.015907642440474,0.010000001268686585,1.7980286190823258,-43.989114026127574,Declarative,-0.02679361631290078
756,436845_fnca,0.5920556103424618,1.6285522055865105,-38.62715904258149,1.2379439070204719,1.9999999999999403,-38.757982794785704,Procedural,0.13082375220421483
757,579665_fnca,0.756315679927129,1.9999778427525279,-43.453921430155034,0.7739758976843095,1.9999999998156868,-43.34054391166639,Declarative,-0.11337751848864741
758,102816_fnca,0.03372749165680561,0.4305444855598397,-43.407206218457155,0.010000000704746353,1.0144073353846281,-43.078041653903604,Declarative,-0.32916456455355103
759,156031_fnca,0.010001073905696881,0.08803415554418174,-42.42495128029275,0.010000000704746353,0.9133244069024734,-43.014992421239164,Procedural,0.5900411409464112
760,101410_fnca,0.010033589164672781,1.9999999988490071,-44.376239009214274,0.6751376221515965,1.999999999634963,-43.402929510848644,Declarative,-0.9733094983656301
761,131419_fnca,0.04793177418261687,0.32698056323290614,-42.08667265729023,0.31922980365059633,1.0550629280449184,-41.799232078257745,Declarative,-0.2874405790324843
762,731140_fnca,0.010044936195420405,1.9999999997143647,-44.44279227046047,0.010011795604601923,1.9999999995879028,-44.90784254109751,Procedural,0.4650502706370361
763,227432_fnca,0.07876451306822486,1.0920160776197207,-42.7901840168361,0.010000001543778326,0.5131008849665876,-41.69215495621019,Declarative,-1.0980290606259118
764,200311_fnca,0.010046048292450743,1.9999999990755828,-43.67421478092672,0.010008279350998895,1.9999999988416768,-43.831063907139466,Procedural,0.15684912621274805
765,453441_fnca,0.010038903673989241,1.9999999985697812,-44.39412222896468,0.010009301585393307,1.9999999989033088,-44.73257485460031,Procedural,0.3384526256356253
766,613538_fnca,0.010046217349565057,1.999999999208355,-44.47971495503189,0.010016567834107341,1.9999999995217357,-46.50733919742678,Procedural,2.027624242394893
767,300618_fnca,0.010046110417648307,1.9999999991385846,-44.39561400604627,0.010006254124099005,1.9999999990048318,-45.15706043942852,Procedural,0.7614464333822468
768,748258_fnca,0.010045722386713826,1.9999999991709085,-44.52897330308525,0.010016628487024684,1.9999999999317268,-47.103798742273476,Procedural,2.574825439188224
769,987983_fnca,0.010047107252187671,1.9999999984297143,-44.399692720996576,0.010005175532427002,1.9999999991204316,-44.7399414273172,Procedural,0.3402487063206223
770,311320_fnca,0.1657745959957686,0.47569842590292266,-63.99548019062582,0.3031391248175515,0.7466031673240443,-51.89705011016256,Declarative,-12.09843008046326
771,559457_fnca,0.010045315427933904,1.999999999547167,-44.41706152479307,0.010009216608926485,1.9999999993995154,-45.54284372711167,Procedural,1.1257822023186037
772,159239_fnca,0.010036468022777597,1.999999999070226,-43.67513883737823,0.010030797239665651,1.9999999998326163,-43.90599797047063,Procedural,0.2308591330924017
773,156334_fnca,0.03396138463840205,0.3275171809260035,-43.897467294615645,0.14254445887543932,0.9482847228927554,-43.68025903190429,Declarative,-0.21720826271135252
774,894673_fnca,0.010042439704047675,1.9999999992954374,-44.36767046173658,0.010026740009555063,1.999999999152869,-44.385612153922196,Procedural,0.01794169218561592
775,221319_fnca,0.6418644914413636,1.0338128783012233,-41.65226010921206,1.658870300232508,1.9999902946401606,-40.489444697469914,Declarative,-1.1628154117421445
776,200917_fnca,0.7073068783953923,0.2694721816913797,-22.386376381756946,0.010000000704746353,0.7624934936696229,-35.886217713593176,Procedural,13.49984133183623
777,110411_fnca,0.010046324313127322,1.9999999992301065,-44.4349018983665,0.01001256554231043,1.9999999994136302,-46.281853872704026,Procedural,1.8469519743375287
778,165638_fnca,0.010044746152510825,1.9999999994898612,-44.43609340516994,0.010017835304441487,1.999999999597048,-48.03568889897834,Procedural,3.599595493808401
779,701535_fnca,0.9706363572670776,1.1588665931542659,-39.57194919925638,0.26986002871484294,0.9059033305307933,-39.03678522367488,Declarative,-0.5351639755814972
780,131823_fnca,0.010047247524234804,1.9999999984065744,-43.72045044896739,0.010022890585339199,1.9999999996148397,-44.41082799712543,Procedural,0.6903775481580396
781,664757_fnca,0.7651239828377907,1.8859799931226437,-43.04795846765096,0.3343239952073377,1.9999954160926596,-43.69195506658711,Procedural,0.6439965989361554
782,111312_fnca,0.010045812497788258,1.9999999996079456,-44.4149720478358,0.3932514571644398,1.9999999995034563,-45.33370029656622,Procedural,0.9187282487304174
783,782561_fnca,0.010057754358245536,1.9999999993383788,-43.66835020593798,0.010034276367668037,1.9999999991422994,-43.73640664459111,Procedural,0.06805643865313016
784,157437_fnca,0.0638518356088784,0.2280588772427951,-40.62749930747589,0.010016554175954038,0.5862242692721382,-41.365040312921224,Procedural,0.7375410054453369
785,162329_fnca,0.010046214374030107,1.9999999991270352,-44.38809264741631,0.010032435624813396,1.9999999999036544,-44.72089606800069,Procedural,0.3328034205843835
786,540436_fnca,0.010042151380737573,1.9999999990580277,-44.38485397347571,0.01002341465075081,1.9999999991011013,-44.48246344967092,Procedural,0.09760947619520977
787,303624_fnca,0.46021847464380494,1.999999999613497,-43.91410217869431,0.3045596908312043,1.9999999999999194,-44.38830619423337,Procedural,0.47420401553906544
788,680452_fnca,0.010046711048899329,1.9999999984445664,-41.6314037838371,0.010030239639160323,1.9999999999684401,-41.928315914991195,Procedural,0.29691213115409454
789,133625_fnca,0.692010540184394,1.334177745131927,-41.324331333313694,1.1985228057090027,1.9999999999444704,-40.6910221757939,Declarative,-0.6333091575197969
790,176239_fnca,0.7872636338629978,0.7537069560047471,-34.85551301020825,0.010005609771763478,1.999999998349513,-42.789098894114346,Procedural,7.9335858839060975
791,121618_fnca,1.2238257698766182,1.6256996568303608,-40.02891272842479,0.31626924585750554,1.9807269158842344,-43.360091794123015,Procedural,3.3311790656982225
792,204016_fnca,0.010064188117402992,1.9999999991959907,-43.0130845391959,0.010022375350783397,1.999999999981837,-43.25069950997624,Procedural,0.2376149707803421
793,767464_fnca,0.010041017721122113,1.9999999992123132,-44.461004118857346,0.010008819048444037,1.9999999990287098,-45.97078642058467,Procedural,1.509782301727327
794,133019_fnca,0.010674547501147814,0.4371420343384614,-43.641795294068764,0.04034806178328881,1.417094139921915,-43.52753285435518,Declarative,-0.11426243971358474
795,686969_fnca,1.386973628482554,1.9663828426248904,-40.562577691771565,1.530283005804996,1.999961929496852,-40.91844268603174,Procedural,0.35586499426017326
796,112314_fnca,0.19680687031978486,0.9803507207562974,-43.2403299086765,0.04068976283521962,1.9904415184377586,-43.51499586293722,Procedural,0.27466595426071905
797,103010_fnca,0.010043328486068976,1.9999999995777806,-44.40671876528094,0.010039566882346385,1.9999999992483541,-44.70771190739012,Procedural,0.3009931421091778
798,148941_fnca,0.03843184470923795,0.16048771518449004,-35.19561119814056,0.010004348216242962,0.3034774455384881,-37.70966300917489,Procedural,2.514051811034328
799,250427_fnca,0.3888853016183728,0.48448962395939754,-37.41018155729363,0.21602117510283453,1.1892409536937323,-42.533890408333704,Procedural,5.123708851040071
800,901038_fnca,0.9395062213307948,1.9999999999199523,-42.9252517628067,0.39024798085357326,1.9999999999998619,-46.75039032666,Procedural,3.825138563853301
801,193845_fnca,0.010043164186418388,1.9999999996340876,-44.40828815475726,0.01001080749927037,1.9999999988744528,-44.93427494580692,Procedural,0.525986791049661
802,154431_fnca,0.08267310335165322,0.4289875812030053,-39.705907772337554,0.010000000704746353,0.9836613401236115,-41.99607286029907,Procedural,2.290165087961519
803,236130_fnca,0.01000000000069775,0.16756365482816515,-43.60799067508211,0.01004818562464281,1.999999999072381,-43.67144064942468,Procedural,0.06344997434257493
804,163129_fnca,1.2046928270583517,1.999999999923277,-42.64640566133248,0.010039924954903983,1.999999999200044,-44.68433958079904,Procedural,2.0379339194665604
805,156637_fnca,0.01004387382427791,1.9999999999335358,-44.36269026585412,0.010002647759876786,1.999999998275466,-44.91665251768548,Procedural,0.5539622518313578
806,149741_fnca,0.010044212903130999,1.9999999993746738,-43.68728520245611,0.01004529986274707,1.9999999983400145,-43.96211119723062,Procedural,0.27482599477450975
807,732243_fnca,0.010000581514799238,0.1792680274848223,-44.0085475599297,0.010024459148684155,1.9999999999393963,-44.23017944844359,Procedural,0.22163188851389037
808,125525_fnca,0.5820697639827649,1.0532312342928727,-42.28948831446591,1.4006584471869281,1.9999999997789684,-40.969761854043284,Declarative,-1.319726460422629
809,757764_fnca,0.13707253464167984,0.2996864229324187,-37.96596675877393,0.01000000119359023,0.6454590733919336,-39.725719407628,Procedural,1.759752648854068
810,989987_fnca,0.2391796578943976,1.1873505393782322,-43.43723570747682,0.20316202321705024,0.9801024310705975,-42.85313492470444,Declarative,-0.5841007827723814
811,255740_fnca,0.11749609370226992,0.34418393667113795,-36.94724319810893,0.9946677138586338,1.9999999999765565,-40.062051687664834,Procedural,3.114808489555905
812,923755_fnca,0.030298343552173274,0.17768431400620147,-41.97014617288131,0.01000000141756897,0.5797430893641244,-41.337656437327624,Declarative,-0.6324897355536834
813,857263_fnca,0.30729614163747193,1.9520925538017204,-43.247006487454854,0.5183097712540211,1.9999974962138571,-43.53726401293131,Procedural,0.29025752547645567
814,991267_fnca,0.02279878993360834,0.30822628494605214,-42.86727860650738,0.010000001218416085,1.7392742419445633,-42.856749316829486,Declarative,-0.010529289677890574
815,788674_fnca,0.7480893679888716,1.9999999997081246,-43.37561120602815,0.23109323152666394,1.434795221423665,-43.75635136417757,Procedural,0.38074015814942186
816,158035_fnca,0.010000750070734829,0.13895454510654473,-43.783225709556994,0.010038663121365837,1.9999999998983455,-44.27196080976085,Procedural,0.48873510020385424
817,120212_fnca,0.01004688297864518,1.999999998451064,-43.72436502584413,0.010015444551066803,1.9999999996989692,-44.441926105913886,Procedural,0.7175610800697569
818,113821_fnca,0.9904691506237612,1.095206586084251,-38.547661624655795,0.010000000704746353,0.9916704565029181,-42.89516405356579,Procedural,4.347502428909998
819,320826_fnca,1.4870150011614927,1.9999999997771696,-41.69423416661178,1.4604157705553769,1.9999999329978608,-42.0084430239281,Procedural,0.31420885731632353
820,168745_fnca,0.4092771763392797,1.6621348413068326,-42.99375805091199,0.32250858403357274,1.9999977984298227,-42.92577772661369,Declarative,-0.06798032429830414
821,421226_fnca,0.010032593037395681,1.9999999999040765,-44.37502836184181,0.010031617882834907,1.999999999993892,-44.31285657468286,Declarative,-0.062171787158945335
822,155938_fnca,0.22129324669232525,0.2291701404990313,-31.86382429123013,0.010000000264873507,0.6398208092528306,-36.95688901810142,Procedural,5.09306472687129
823,205220_fnca,0.6673836881276759,1.9999999999998388,-43.746332190238505,0.010007838548560206,1.9999999989875379,-46.33517508401381,Procedural,2.5888428937753076
824,298051_fnca,0.010043287272351209,1.9999999984399084,-43.03504634574728,0.01001137973548744,1.9999999992091868,-43.87345495391817,Procedural,0.8384086081708872
825,165032_fnca,0.012017253055020138,0.2141920153017741,-41.65906537670374,0.6327528868173302,1.9999999999998372,-41.81295480892602,Procedural,0.1538894322222859
826,802844_fnca,0.010059109149546566,1.999999999718568,-43.68352121793538,0.010037966465558533,1.9999999992082278,-43.768690185541665,Procedural,0.08516896760628612
827,257946_fnca,0.010046093766370839,1.9999999991376851,-44.43246404165351,0.010003241395562629,1.999999998298071,-45.5063976028943,Procedural,1.0739335612407928
828,687163_fnca,0.010063286036951528,1.9999999984497474,-44.53915249757416,0.06268178625367501,1.999999999531904,-47.85935577376016,Procedural,3.3202032761859996
829,525541_fnca,0.010043586269533313,1.9999999995872662,-43.675701698010755,0.162269514296755,1.998241903617706,-43.59588630530878,Declarative,-0.07981539270197402
830,130316_fnca,0.010046631133305195,1.9999999992530353,-44.4091466288333,0.010030723340242825,1.9999999994741515,-45.31646029568345,Procedural,0.9073136668501505
831,618952_fnca,0.010031518346668091,1.9999999991417778,-44.44022836266087,0.12845314610559908,1.9999999993041522,-45.177441723288105,Procedural,0.7372133606272371
832,393247_fnca,1.021132674265061,0.9754768925681139,-37.30998610095145,1.4255692034502705,1.999999999137441,-38.469227187682755,Procedural,1.1592410867313063
833,992774_fnca,0.029287717221827894,0.2199236584784358,-43.15934379067703,0.01000000094416707,1.3844357513412595,-43.27689513499836,Procedural,0.11755134432133474
834,966975_fnca,0.15395794569154175,0.943223356031592,-43.87496021492543,0.07597469888554666,1.0663839109815303,-43.94772999398432,Procedural,0.0727697790588877
835,169545_fnca,0.010046229720259994,1.9999999992114423,-44.45375758685401,0.010022282882829326,1.9999999999546798,-46.27923198750825,Procedural,1.8254744006542367
836,175136_fnca,1.7147025514562502,1.2623744339762255,-31.091765172528582,0.9656717166324649,1.8511589612080197,-38.658063139726785,Procedural,7.566297967198203
837,160123_fnca,0.010046786388353808,1.99999999847865,-44.4038080658438,0.010008250895514478,1.9999999990752715,-44.96673256711464,Procedural,0.5629245012708424
838,120414_fnca,0.010053705513150817,1.999999998325083,-44.45513736261423,0.010016548289348205,1.9999999997917313,-45.68300843478615,Procedural,1.2278710721719222
839,492754_fnca,0.013639757821557172,0.18873663523211837,-43.98142403966177,0.010000001701375074,1.2577010020445665,-43.809138513885216,Declarative,-0.17228552577655165
840,845458_fnca,0.5832185748386761,1.9999999994757434,-43.79780559146143,0.5352526264017999,1.9999999974059335,-43.99650975602018,Procedural,0.19870416455874818
841,878776_fnca,0.010000000002956883,0.12418716593492521,-44.165743935605086,0.010000000163256337,0.7819631181300508,-43.983560485684166,Declarative,-0.18218344992092028
842,869472_fnca,0.02368775958912473,0.24748886386976796,-42.28140943659807,0.010000000964781557,1.6210918004223116,-42.59275117339798,Procedural,0.3113417367999105
843,299154_fnca,0.010000679093350806,0.04557617221356595,-41.64593745275938,0.12729264281838906,0.5329072991516711,-41.51952736568951,Declarative,-0.12641008706986412
844,130013_fnca,0.010043830089916321,1.9999999997411744,-44.371906558686916,0.010014133027443443,1.9999999995242745,-44.987675265307836,Procedural,0.6157687066209192
845,896879_fnca,0.010046768530382881,1.999999998499079,-44.41312804598494,0.010024715625761054,1.999999999622356,-45.222434511908105,Procedural,0.8093064659231644
846,169343_fnca,0.010000000004586283,0.10171736097492234,-42.04771179371049,0.010000001011550881,0.5946888128801963,-40.673727157516545,Declarative,-1.3739846361939456
847,581349_fnca,1.129279115655957,1.9999950913586504,-42.614520562526,1.3622552717915821,1.9999994270446098,-42.39844465576484,Declarative,-0.21607590676116217
848,759869_fnca,0.010046563304765447,1.9999999992451212,-44.41349557668428,0.010005272904842892,1.9999999982826933,-44.631104658668434,Procedural,0.21760908198415763
849,962058_fnca,0.657091554599044,1.6675585378658553,-43.22231509852383,0.010000000990782881,1.0974897846615885,-43.968795493727576,Procedural,0.7464803952037471
850,704238_fnca,0.01004563106396007,1.9999999995851194,-44.50171019301061,0.010014992226631719,1.9999999989384527,-47.28883001527164,Procedural,2.787119822261033
851,205826_fnca,0.7992380251692985,1.0898372421643514,-40.33045017023503,0.17459438302144184,1.4269040617100734,-43.436691567358274,Procedural,3.1062413971232417
852,720337_fnca,0.010046151121643046,1.9999999991985136,-44.432660615234326,0.1338979103947585,1.9999999998533744,-47.383224265933315,Procedural,2.9505636506989887
853,188751_fnca,0.01000000000463749,0.08925158662684142,-42.64954052545348,0.010000001388376279,1.4120465785306686,-42.66317890928557,Procedural,0.013638383832088152
854,810843_fnca,0.01005373966277446,1.999999999219061,-44.4187753362446,0.010019380852811456,1.9999999999835327,-44.91696798620163,Procedural,0.4981926499570264
855,214221_fnca,0.13813237596763514,0.8778282845767037,-42.519157277381055,0.9631245569682008,1.9999821870508714,-40.54033488214132,Declarative,-1.9788223952397317
856,339847_fnca,0.010035999167550784,1.99999999832952,-43.69146045053055,0.010017545157745654,1.9999999993963213,-44.0433277704506,Procedural,0.3518673199200535
857,107321_fnca,0.010038108828958631,1.9999999992976112,-44.376715977932896,0.010026827876436597,1.999999999743385,-44.56253017033051,Procedural,0.18581419239761487
858,994273_fnca,0.010000000012553396,0.017787756719824663,-53.397103805514234,0.010000001190454626,0.6441966763689291,-48.31474830873692,Declarative,-5.082355496777318
859,231928_fnca,1.190178846721862,1.286067693019123,-38.42819564064519,1.3614326942811947,1.9999999999438558,-39.54512745633734,Procedural,1.1169318156921477
860,361941_fnca,0.6639118179734843,1.501085841104227,-42.36958048424971,0.4456788734648037,1.9999941176288896,-42.32256706051959,Declarative,-0.04701342373012096
861,135528_fnca,0.508144256915097,1.9999999995324622,-43.2245072533939,0.9360703950306609,1.9999999999999152,-42.79754691016593,Declarative,-0.42696034322797516
862,553344_fnca,0.02741014826135521,0.38074052782053625,-42.66872777964328,0.547610035884598,1.999998276993427,-42.40999880706949,Declarative,-0.2587289725737847
863,101309_fnca,0.010000123228595139,0.5323898248299209,-44.24762863594908,0.010045771287130297,1.9999999983433978,-45.26706523571001,Procedural,1.0194365997609296
864,518746_fnca,0.42377326540830657,1.9999999999211144,-45.22662097064222,0.01004137790949496,1.9999999983169987,-44.817723794172224,Declarative,-0.4088971764699991
865,172332_fnca,0.10033846434071611,0.7657553151351761,-43.84987989692649,0.2822116905100241,1.9999986402887207,-43.96030688660247,Procedural,0.11042698967597886
866,191033_fnca,0.010046134985706383,1.9999999991297115,-44.38793996633208,0.010025440988810874,1.999999999672244,-45.45095235635945,Procedural,1.0630123900273745
867,115825_fnca,0.038601705158799536,1.2002269605719478,-43.62166181829044,0.6332577512986167,1.9999985793556843,-42.89369536427469,Declarative,-0.7279664540157498
868,513736_fnca,0.9147270679753206,0.9102141880973367,-39.24328658502647,1.689366379322308,1.9999881606010077,-40.353767891023516,Procedural,1.1104813059970482
869,203418_fnca,0.010044265116566156,1.999999999690431,-44.36125770750725,0.010030087186105431,1.9999999999918288,-44.54606827685318,Procedural,0.18481056934592743
870,206525_fnca,0.010044117540804958,1.9999999999977207,-44.37672994631666,0.01005521954785786,1.9999999992072806,-44.48713719760662,Procedural,0.11040725128996343
871,139233_fnca,1.0430806885352544,1.9999666125950386,-42.97530369279028,0.33434690037402887,1.9999978141297527,-43.92142658893573,Procedural,0.9461228961454538
872,959574_fnca,1.529905411155658,1.999999889522878,-49.46198819011478,0.010010998052506517,0.5995734807720872,-43.54071457854676,Declarative,-5.921273611568019
873,192035_fnca,0.013607716641004457,0.06956832849848948,-40.0867819482976,0.34521734909467894,0.9785029544202195,-39.945428530179775,Declarative,-0.14135341811782354
874,510225_fnca,0.010052407545740804,1.9999999997350095,-43.723996712336344,0.08039159757034216,1.9999999996173163,-44.13414710941702,Procedural,0.41015039708067746
875,115219_fnca,0.4075724102529536,1.0920793152529984,-42.05654622436593,0.010000000476858416,0.35005537224187316,-38.260236455475535,Declarative,-3.7963097688903957
876,979984_fnca,0.010040981149398097,1.999999999214158,-44.372951187930234,0.01004720577474729,1.999999999211891,-44.8085189494042,Procedural,0.43556776147396903
877,815247_fnca,1.5627314442533673,1.9978904288768249,-37.96317370706556,1.3416347352327003,1.9999999997600098,-40.81438622710451,Procedural,2.851212520038949
878,134728_fnca,0.010042422532879555,1.9999999993738904,-44.39448280552777,0.010003656192923278,1.9999999982942902,-45.41503475912042,Procedural,1.0205519535926442
879,394956_fnca,0.8351963348406354,1.7863598580466038,-42.085761148186,0.09616566125253267,1.8606490917075906,-43.19232238605126,Procedural,1.1065612378652574
880,129634_fnca,0.010000096390294632,0.10073871145924576,-43.16651523755271,0.12324702242058495,1.998600849240535,-44.208295489505616,Procedural,1.0417802519529076
881,573249_fnca,0.010000000040363284,0.09937421542205478,-43.31513955433146,0.010007805613486685,1.999999999045128,-46.24565499650961,Procedural,2.930515442178148
882,609143_fnca,0.6244847412099973,1.999999999449687,-42.889085425630846,0.35827816064013845,1.999999999634838,-44.848590474297794,Procedural,1.9595050486669479
883,173132_fnca,0.4991777058215859,0.769405401436561,-40.1892336062094,0.2957734239955356,1.4168920932367248,-42.922010673106236,Procedural,2.732777066896837
884,519950_fnca,0.01004476712672576,1.999999999065133,-44.37955302275865,0.01003363178954886,1.9999999995639428,-44.51631637111035,Procedural,0.13676334835169968
885,395756_fnca,0.010000471829979467,0.10275978133886315,-42.21156707682436,0.010000002052979183,0.6851504705190397,-42.46292026021719,Procedural,0.25135318339282975
886,178142_fnca,0.010046234485129911,1.9999999991526414,-44.434440028637695,0.010026233332571216,1.999999999680843,-45.78986980361255,Procedural,1.3554297749748514
887,644246_fnca,0.028197465739006486,0.23016333911642478,-41.14867083713241,0.126257016833995,0.5672418424646944,-41.559260397880216,Procedural,0.41058956074780895
888,773257_fnca,0.7679212267249403,1.999999999717449,-43.87882413224394,1.3034595574529326,1.9999999999998646,-44.1314078226163,Procedural,0.2525836903723615
889,513130_fnca,0.010000219648856383,0.5196933995622663,-42.92788450806701,0.010041350772878306,1.9999999991852724,-43.11551141453803,Procedural,0.1876269064710172
890,179952_fnca,0.15274135385741655,0.9807747086378523,-42.99088642837207,0.08745200671818046,1.6213747563085137,-43.42208172890542,Procedural,0.4311953005333464
891,199655_fnca,0.6043270322424291,1.2439737929227612,-43.00613723299491,0.6372157241721319,1.999999999867148,-42.06864774236276,Declarative,-0.9374894906321529
892,137128_fnca,0.01004657158549661,1.9999999992781214,-44.424930512806036,0.010012116769203806,1.9999999994294795,-45.93293345037904,Procedural,1.5080029375730035
893,172534_fnca,0.7266970415789096,0.4640237385017509,-30.385414041754785,0.010000000781158227,0.3334458802765699,-30.724628222461106,Procedural,0.33921418070632114
894,168139_fnca,0.042432783971005465,1.9400201260738636,-44.35610802031522,0.010004444710110028,1.9999999982785772,-44.74462357899603,Procedural,0.3885155586808082
895,771354_fnca,0.010041068855427713,1.9999999996999034,-44.37272532358621,0.010049672189460736,1.9999999995340274,-44.40538454218339,Procedural,0.032659218597181905
896,183034_fnca,0.8846235061705203,0.6904207962967313,-35.46865758450832,1.9020413782147623,1.9999697102732088,-36.722376442435795,Procedural,1.253718857927474
897,911849_fnca,0.01005628258566434,1.9999999992615343,-38.14824626519039,0.010028995220180298,1.9999999994261537,-38.39481065718342,Procedural,0.24656439199303293
898,810439_fnca,0.010031321179155615,1.9999999989273154,-44.400413666256334,0.010042360594602699,1.999999998576958,-44.63240211844226,Procedural,0.23198845218592368
899,677766_fnca,0.010046851737578152,1.999999998432633,-44.504840198498776,0.010007821610149384,1.9999999996626991,-45.691217421683135,Procedural,1.1863772231843583
900,932554_fnca,0.010058297414918033,1.999999998319657,-44.52070335912999,0.01001867324044373,1.9999999997982432,-47.619500240223125,Procedural,3.0987968810931363
901,181232_fnca,0.010035155879243148,1.9999999990044566,-44.4169272577295,0.010033123775689382,1.9999999997380946,-44.72951521344338,Procedural,0.3125879557138802
902,376247_fnca,0.010042211257126921,1.9999999994043103,-44.373445674953466,0.010014295732059642,1.9999999997891538,-44.748423625945335,Procedural,0.3749779509918696
903,552241_fnca,0.010001557290277787,0.09904128172044631,-41.83760352317001,0.010046020582502584,1.999999998370344,-42.17615484243627,Procedural,0.3385513192662586
904,117930_fnca,1.6905586261807835,1.9999999991572224,-38.910313351560895,0.8534902684193684,1.5331098531989191,-41.58541651933259,Procedural,2.675103167771695
905,207123_fnca,0.9331417771636469,1.9999999993957231,-42.1038622452511,0.010009684949801687,1.999999999232932,-45.618586354605114,Procedural,3.514724109354013
906,352132_fnca,0.012662000763550946,1.144029954629436,-44.326111335988365,0.15028553838286277,1.99999999839819,-44.916785845944744,Procedural,0.5906745099563793
907,381543_fnca,0.010046809258740637,1.9999999984869108,-44.38590678406126,0.010003652234757163,1.9999999983137764,-44.82383678617178,Procedural,0.43793000211051947
908,197348_fnca,0.0100401008010845,1.9999999996028432,-42.9823508640201,0.010040868398730734,1.999999998452343,-43.173807828723405,Procedural,0.1914569647033062
909,728454_fnca,0.010000000024808595,0.09618613038615914,-44.008401691364156,0.5277516227257674,1.9999999999999112,-44.47849139732902,Procedural,0.47008970596486677
910,171532_fnca,0.17446590861862393,0.6483745746378297,-41.6891264557273,0.1348515675424713,0.7118299703852956,-41.45408022505219,Declarative,-0.23504623067510977
911,541640_fnca,0.045506558769969035,0.0990300365596812,-39.46530349478952,0.01000000068131705,0.40993532635447827,-38.90248923686671,Declarative,-0.5628142579228097
912,212419_fnca,0.01005353787649978,1.999999999944392,-44.374365892385995,0.010011035894454658,1.9999999982896493,-44.853475160820786,Procedural,0.4791092684347902
913,191336_fnca,0.5460956222533658,1.0149167812980364,-40.92631781951875,0.010000000704746353,1.024065803294659,-41.36404790504796,Procedural,0.43773008552921056
914,654552_fnca,0.010046679636525854,1.999999998456535,-44.39242723411442,0.01001963856116384,1.9999999998571902,-44.96755243553036,Procedural,0.5751252014159363
915,211720_fnca,0.5732091399846213,0.8681833688742551,-39.23129535559861,0.3700536706516242,1.9999889005439269,-41.45425154593419,Procedural,2.22295619033558
916,818859_fnca,0.01000000000242928,0.19352189362357852,-44.20499653906657,0.01001449583550469,1.9999999995584754,-44.53718718045033,Procedural,0.332190641383761
917,987074_fnca,0.18652339025881767,0.9849259606602209,-43.86338123023625,0.19187251396691626,1.9999993645819802,-44.32258475021371,Procedural,0.4592035199774571
918,116726_fnca,0.010045873030385611,1.9999999996048277,-43.71570416997041,0.01001958407598467,1.999999999969446,-44.108689515924056,Procedural,0.3929853459536474
919,206323_fnca,0.010051559670833312,1.9999999998685187,-42.99506194504481,0.010033260786693188,1.9999999997377798,-43.460220487908785,Procedural,0.46515854286397484
920,139435_fnca,0.01004626252059353,1.999999999206785,-43.75411792931601,0.010013418107309801,1.9999999992954958,-45.40691832432785,Procedural,1.6528003950118375
921,135932_fnca,0.010046054188211785,1.9999999991578437,-44.41036867451846,0.01003506991436691,1.999999999718947,-45.10930585655354,Procedural,0.6989371820350812
922,570243_fnca,0.010046759201086148,1.9999999985637986,-44.39795014722025,0.010008756165048403,1.9999999989746935,-44.596348193242946,Procedural,0.19839804602269595
923,239944_fnca,0.010052565801402505,1.9999999988142807,-44.37043829768738,0.010020584188331698,1.999999999612815,-44.36720409018924,Declarative,-0.0032342074981386304
924,198249_fnca,0.6183993153385752,1.9999999999997933,-43.53416114172289,0.01000000059316776,1.9999902466418071,-44.71421638654966,Procedural,1.180055244826768
925,187850_fnca,0.010057457072173228,1.999999999911724,-44.39134698424566,0.04436352657368334,1.9999999996463418,-44.755052282976514,Procedural,0.36370529873085644
926,286347_fnca,0.010043646495429598,1.9999999995938595,-44.3995466227243,0.010011995336660699,1.9999999996025881,-45.45032912188994,Procedural,1.050782499165642
927,176845_fnca,0.19890669960304566,1.9999999989790906,-43.717580387082414,0.04657727102736171,1.99999999997376,-44.369829375890795,Procedural,0.6522489888083811
928,317332_fnca,0.010047097240507143,1.9999999983911239,-43.69282210425662,0.010004131974504706,1.9999999995257798,-44.024211145145756,Procedural,0.33138904088913534
929,127630_fnca,0.01004644738959323,1.9999999992421251,-43.03066922687844,0.010010994809568775,1.99999999890679,-43.799660592549415,Procedural,0.7689913656709777
930,193239_fnca,1.2063855267878607,1.5385608457776592,-40.26644074736463,0.010000001165241718,1.0825463528395185,-41.96901950622155,Procedural,1.702578758856916
931,152225_fnca,0.7616981130869589,1.999999999915418,-44.3576651888571,0.41385618345280006,1.9999999999999347,-46.09108757907244,Procedural,1.7334223902153454
932,827052_fnca,0.05078625295459497,0.49013513535171876,-44.00648557507971,0.010000000951210591,0.559122618031246,-43.650516276016766,Declarative,-0.3559692990629415
933,177645_fnca,0.010000158355208812,0.5858915242271717,-43.649534271489074,0.010047766801822365,1.9999999990854027,-43.76207480810136,Procedural,0.11254053661228625
934,185139_fnca,0.010042930604116942,1.9999999996454003,-44.36951191510295,0.010036380594791491,1.999999999123493,-44.40484479029446,Procedural,0.03533287519151429
935,118124_fnca,0.011315493111211663,0.3831490463987025,-44.19961219241368,0.010033197430433268,1.9999999991080166,-44.34540328333579,Procedural,0.14579109092210984
936,419239_fnca,0.3071227922368093,0.7227889137670676,-42.572234918479005,0.178594592221759,0.6177051075541033,-43.25589302353115,Procedural,0.683658105052146
937,572045_fnca,0.010046558196363511,1.999999999258294,-44.45539002409485,0.010019642563885342,1.9999999995788285,-46.91576972051202,Procedural,2.4603796964171707
938,126426_fnca,0.4263300476253741,1.7627824068953288,-43.92655579411609,0.7210395385569254,1.8454969194082347,-43.25077895844568,Declarative,-0.6757768356704119
939,211215_fnca,0.035037946165637775,0.3134774745866383,-42.75275319453318,0.5164320390578784,1.999985078260019,-42.37456199741652,Declarative,-0.3781911971166565
940,206929_fnca,0.010000002298707579,0.1901773664042743,-42.69932312789087,0.010014169279966713,1.9999999998002849,-44.664825534766614,Procedural,1.9655024068757427
941,627549_fnca,0.010000090082130054,0.7336832706736213,-44.33550220406356,0.010025912977499636,1.9999999997601938,-44.58680748509265,Procedural,0.2513052810290901
942,158540_fnca,1.1203127056376283,1.7236959571262087,-40.50471787564287,0.21471904439096984,1.9999986742401132,-43.15321574792352,Procedural,2.6484978722806503
943,516742_fnca,0.010061960920265667,1.999999999092984,-44.456760836973785,0.010004461766274718,1.9999999983012242,-45.48573028692549,Procedural,1.0289694499517026
944,406836_fnca,1.2678004519672017,1.463329249007883,-39.51398686714379,0.010007523274692898,1.9999999992950022,-44.838248791856785,Procedural,5.324261924712992
945,153025_fnca,0.5711035078393606,1.9999999999979217,-43.79597639525422,0.04783318879770043,0.7320372844524295,-43.64601806017903,Declarative,-0.14995833507519052
946,680957_fnca,0.010058156078946537,1.9999999994709936,-44.41520496696277,0.09343900681346783,1.9999999987840953,-44.91043242996438,Procedural,0.495227463001612
947,561444_fnca,0.010043810315921305,1.9999999998820264,-43.6678026897626,0.010005513915035298,1.9999999989348232,-44.17640744779419,Procedural,0.5086047580315878
948,140824_fnca,0.3685790804038017,0.7073572396471067,-40.2178103971532,0.12293505637081781,1.9314003319071713,-43.93016387761108,Procedural,3.712353480457878
949,352738_fnca,0.010047150621924815,1.9999999984329195,-44.37690771136765,0.010022249326290672,1.99999999978926,-44.8778312190276,Procedural,0.5009235076599481
950,814548_fnca,0.5029498998183081,0.46481657463564474,-33.84544905967829,0.4922135602343472,0.43182651334267325,-32.75662781142854,Declarative,-1.0888212482497508
951,151223_fnca,0.010044283877088599,1.9999999999397464,-44.45124295253484,0.010000000532059485,1.9999927206652206,-45.53170048462448,Procedural,1.080457532089639
952,361234_fnca,0.8412313518570294,1.9999999997993851,-43.71300999698107,0.37086421491185056,1.0324870877093488,-43.14147542805533,Declarative,-0.5715345689257418
953,108020_fnca,0.010054212490364457,1.9999999990719035,-44.39089895071079,0.010039556107302262,1.999999999220285,-44.67453156694005,Procedural,0.28363261622925506
954,436239_fnca,0.010043287509127363,1.9999999997845586,-43.71248201662117,0.010003031709679146,1.9999999982186585,-45.263968646448554,Procedural,1.5514866298273802
955,380036_fnca,0.010000000020574737,0.09230509278576773,-43.790823643797715,0.010035604333720416,1.999999999575458,-44.70505501565141,Procedural,0.9142313718536954
956,150019_fnca,0.010055181508243903,1.9999999998072442,-43.66758370275159,0.010000696498091731,1.9999999982915946,-43.97472012292377,Procedural,0.3071364201721778
957,101915_fnca,0.010000002055132155,0.1792166706612862,-44.29367322980736,0.010028596498527708,1.9999999998927243,-44.48534806479489,Procedural,0.19167483498753057
958,139839_fnca,0.2949289773456748,0.9908763870170155,-43.54564787103472,0.2799081632580028,1.6977127731005262,-43.784760467809036,Procedural,0.23911259677431929
959,891667_fnca,0.010000000000382314,0.1587059289820874,-43.2129259081344,0.010000000704746353,0.7101950086700767,-42.62450231866387,Declarative,-0.5884235894705299
960,137431_fnca,0.010000352608525514,0.04503005797279243,-26.08583589133118,0.010000000704746353,0.8761786197602133,-38.15735498146061,Procedural,12.071519090129428
961,208327_fnca,0.13890482212440272,0.6302422957988563,-40.73108974760268,0.4312806976278037,1.3649893250617888,-41.30122164650138,Procedural,0.5701318988987012
962,818455_fnca,0.010046383699090899,1.9999999992368351,-44.422775230401186,0.010008371124576894,1.9999999988618116,-45.62599208714279,Procedural,1.203216856741605
963,109830_fnca,0.7976813352514224,0.5310578048161962,-32.265131976122994,1.9998414908290245,1.3526725132501762,-29.607276194822013,Declarative,-2.657855781300981
964,183741_fnca,0.35739981474017835,1.1101312606752198,-42.033346868409126,0.9263489127625039,1.999996241791082,-40.696830759682975,Declarative,-1.3365161087261512
965,150625_fnca,0.010000033362294092,0.19303129753843218,-43.44518644255937,0.010040555641362045,1.9999999996258129,-43.55728824154349,Procedural,0.11210179898412065
966,179548_fnca,1.07471986762794,0.8021764038298499,-34.758267477474206,1.5175643295237646,1.9354691240672326,-38.58577015097214,Procedural,3.827502673497932
967,212116_fnca,0.010045345803687551,1.9999999991316089,-44.39723553250366,0.01001567517350254,1.9999999999448803,-44.78807166503692,Procedural,0.3908361325332592
968,102513_fnca,0.01004508697863681,1.9999999990084598,-43.68265662553127,0.010041230653746352,1.9999999983223884,-44.10781905467645,Procedural,0.42516242914517477
969,129028_fnca,0.018154349926594194,0.5044664336025327,-44.29382976236012,0.010038374928654803,1.9999999991115789,-44.48635006711862,Procedural,0.1925203047585029
970,996782_fnca,0.04871039499070563,0.1387511690892892,-42.20045943505074,0.010000000680224917,0.6115147964061253,-42.18608971437626,Declarative,-0.01436972067448039
971,196144_fnca,0.9134425975102777,1.99999999999981,-42.7070502257171,0.5365493220977874,1.9999999963154262,-42.77702731181783,Procedural,0.06997708610073516
972,955465_fnca,0.6481333420639793,1.0031756633162419,-42.231382343305256,1.0010131666348392,1.6438712549636656,-41.98020551271797,Declarative,-0.25117683058728346
973,784565_fnca,0.31193368324340703,1.99999999990828,-43.88477441972853,0.26400761208645257,1.9999998993897192,-44.65540237651977,Procedural,0.7706279567912375
974,581450_fnca,0.7027240826775919,0.3153487203664347,-26.237055693196034,0.21061390602153796,0.5973292846187138,-37.71489035350606,Procedural,11.477834660310023
975,889579_fnca,1.1101391079102476,1.5100283219986952,-40.16492094633425,1.7641802945586325,1.9999888983625123,-40.33886414936464,Procedural,0.17394320303039024
976,143224_fnca,0.36116530388638185,1.0268835788549275,-40.48028276737873,0.47163879813441084,1.9999931989278577,-40.553445559329305,Procedural,0.07316279195057263
977,793465_fnca,1.0002329394777767,1.110799155821442,-39.40938074152201,1.3194122363155356,1.9999999999468194,-41.088772353254136,Procedural,1.6793916117321288
978,173738_fnca,0.020873562258019344,0.32048314496419406,-43.67915849120939,0.010000002487156425,1.5901630424773334,-43.76373669815928,Procedural,0.08457820694988527
979,105014_fnca,0.010040405209555413,1.9999999992065012,-44.53375523685624,0.5124822123426658,1.9999999999999398,-45.028064014947766,Procedural,0.4943087780915292
980,378756_fnca,0.5316284033641006,1.999963300193986,-43.734667618454154,0.5344414366649901,1.187537962638741,-42.86871244224131,Declarative,-0.865955176212843
981,146533_fnca,0.6230673104977279,0.8268932197199206,-41.37141031000297,1.9999999997731197,1.6293034031716978,-37.351243669139045,Declarative,-4.020166640863927
982,497865_fnca,0.010044463736264922,1.9999999995243194,-43.153164088432185,0.010018896521093236,1.9999999999686664,-44.861072221621164,Procedural,1.7079081331889796
983,136631_fnca,0.010046918059495947,1.999999998431194,-44.397741051019324,0.010008549665710758,1.9999999989091832,-44.85197921341739,Procedural,0.45423816239806314
984,209127_fnca,0.010046146856229952,1.9999999991985167,-44.41328355552687,0.010022178112907185,1.9999999998646585,-44.79240452698324,Procedural,0.37912097145637347
985,151425_fnca,0.010000800242293929,0.18995520373607613,-44.08791135949986,0.06360424838756633,1.972270736266115,-44.200234410608495,Procedural,0.11232305110863194
986,178748_fnca,0.010054232228735667,1.9999999991817579,-43.7248064561296,0.010036262441505161,1.9999999991686779,-43.76255526334983,Procedural,0.03774880722023255
987,196851_fnca,1.3616791908883905,1.9283491022794785,-40.545076892812546,0.801063027739764,1.9999997259044116,-43.17671927517695,Procedural,2.6316423823644044
988,665254_fnca,0.5865710273052468,1.842119951896405,-43.372537174874644,0.26685664151176913,1.9999988782403662,-44.424151273004,Procedural,1.051614098129356
989,561242_fnca,0.010062052693500599,1.9999999991392272,-43.670441652804136,0.010046538785418686,1.9999999983968226,-43.906658921465336,Procedural,0.23621726866119985
990,123521_fnca,0.7895795181443983,0.9071490508160067,-39.54524857983786,0.010032799385362376,1.999999999681995,-45.60133282939011,Procedural,6.056084249552249
991,614439_fnca,0.9997348971520461,1.5561451685509267,-41.495025467048094,1.3292687809590382,1.9999999999789966,-41.13237243719383,Declarative,-0.36265302985426473
992,826454_fnca,1.0801444326895033,1.999936464041427,-48.30676334176004,0.010015796676814254,1.9999999996904578,-48.91417351240838,Procedural,0.6074101706483432
993,172938_fnca,0.1406494371535112,0.6864370043541173,-41.995784124946,0.44359836774454814,1.999977787574425,-42.11716745283359,Procedural,0.12138332788759243
994,809252_fnca,0.010045455080422629,1.9999999991035864,-44.40512693448813,0.010004978005294216,1.9999999989954313,-45.76991301762082,Procedural,1.3647860831326923
995,186040_fnca,1.2010467237369082,1.9999999999999036,-43.55008554819674,0.010014323429255411,1.999999999586703,-46.5422454371835,Procedural,2.9921598889867624
996,580650_fnca,1.5806384806709703,1.999996716856879,-39.46129972986071,0.282821155788888,1.1450887715111362,-42.72015099088575,Procedural,3.258851261025036
