,HCPID,alpha,proc.temp,proc.LL,decay,decl.temp,decl.LL,best.model,diff.LL
0,571144_fnca,0.012443336520573584,0.09807486592637273,-41.11875274896061,0.010036696598320736,0.9999999999999042,-42.44604295586114,Procedural,1.3272902069005283
1,177241_fnca,0.010036716909390326,0.9999999996656017,-44.40614838525049,1.3088676001166062,0.9999999999999147,-38.872221950898115,Declarative,-5.533926434352374
2,872764_fnca,0.01179264412359348,0.10114771885586613,-42.77485096725335,0.27118758599933096,0.9999999999999206,-45.17852021423366,Procedural,2.403669246980307
3,194140_fnca,0.7839340584828529,0.9999999996986961,-41.35312122049171,0.6852295747692815,0.999997797960902,-42.56550102341304,Procedural,1.2123798029213333
4,885975_fnca,0.01000000000364807,0.03399701735789038,-34.51578400668724,0.01000000122614759,0.7252592572036126,-38.15616434122093,Procedural,3.6403803345336883
5,969476_fnca,0.010000001894719019,0.13401454296845605,-44.22303866316122,0.010000000907326093,0.9999950503878203,-43.971515112461454,Declarative,-0.2515235506997655
6,137633_fnca,0.6744711115025819,0.4912804272712008,-32.4616743905118,0.01004003139952007,0.9999999984258057,-40.99773615635972,Procedural,8.536061765847919
7,208125_fnca,0.5148966044628334,0.9999999999999112,-41.642370331457606,0.7817900528773005,0.9999999999998401,-42.240219147181925,Procedural,0.5978488157243191
8,196346_fnca,0.9033096546268213,0.5736985794868364,-35.59336798122695,0.7345624462309438,0.5755179464772988,-39.54499452757887,Procedural,3.9516265463519247
9,468050_fnca,0.01004132155936407,0.9999999995192231,-43.72902145677333,0.010006732921602252,0.9999999989932149,-44.10393352513599,Procedural,0.37491206836266144
10,176542_fnca,0.010042539779231011,0.9999999993808116,-44.38494801348264,0.010007688186330202,0.9999999998833061,-45.01450665597792,Procedural,0.6295586424952759
11,151324_fnca,0.6405122760825733,0.7048108821837609,-38.99443522282886,0.7787558057152053,0.8324598583591185,-39.08005295251493,Procedural,0.08561772968607073
12,136833_fnca,0.010040668275843804,0.99999999924638,-43.79758844399829,0.11694197709597874,0.9999999999998933,-47.85206585931451,Procedural,4.054477415316214
13,210112_fnca,0.01000000537476928,0.097455986296103,-43.27395318636139,0.010030224897273806,0.9999999983657349,-44.0453676917089,Procedural,0.7714145053475079
14,151627_fnca,0.010044765589652631,0.9999999999093204,-43.686513076678935,0.010005333787143716,0.9999999991796812,-44.413083919191216,Procedural,0.726570842512281
15,677968_fnca,0.010040762949692661,0.9999999996848455,-44.39154852844135,0.010002356282525198,0.9999999984389027,-44.906612504807605,Procedural,0.5150639763662568
16,136126_fnca,0.010040501418558109,0.999999999251192,-43.670715934151396,0.8128971659692643,0.9999999999999281,-43.729000903655844,Procedural,0.058284969504448725
17,314225_fnca,0.5484033131497253,0.3894272078564138,-33.273863225240916,1.0310862705205368,0.9735426646804157,-38.78927910401791,Procedural,5.515415878776992
18,849971_fnca,0.010046075339460647,0.999999999190552,-43.75797697439471,0.010029198243669154,0.9999999996808588,-47.266210515030615,Procedural,3.5082335406359064
19,753251_fnca,0.010044506571189622,0.9999999999646996,-44.37820766338182,0.01003386839668441,0.999999999141694,-44.80448760958197,Procedural,0.42627994620014675
20,734045_fnca,0.01004071579954378,0.9999999995229697,-43.789051983255355,0.010034248784011164,0.9999999996840075,-47.70285520500691,Procedural,3.9138032217515573
21,233326_fnca,0.010040593964479842,0.9999999995203652,-44.533895620297116,0.010018022289831011,0.9999999996792192,-49.44582548241063,Procedural,4.911929862113517
22,118023_fnca,0.017241575710540708,0.08337647696660058,-41.58636785654414,0.7271774834579239,0.9999999999998713,-42.87478174063777,Procedural,1.2884138840936288
23,165840_fnca,0.010000001517765993,0.1782477703715078,-44.165085516808546,0.010024609282028921,0.9999999998665747,-45.467777292963675,Procedural,1.3026917761551289
24,123723_fnca,0.31096200541514185,0.9999408297893219,-43.64585806317839,0.010003651955713105,0.9999999984630564,-45.07751260925203,Procedural,1.431654546073645
25,248238_fnca,0.010040611167519836,0.9999999988998659,-44.4958732229009,0.010031886075194845,0.9999999999999175,-48.64491743913756,Procedural,4.1490442162366605
26,871762_fnca,0.01000000255020325,0.5381581416230031,-44.329315939415125,0.010026366165678079,0.9999999998835617,-45.5825365521692,Procedural,1.2532206127540775
27,792867_fnca,0.010040754391975349,0.9999999994842734,-44.42742835539186,0.010029356876968876,0.9999999998796105,-47.595978353346716,Procedural,3.1685499979548553
28,194443_fnca,0.011112092574766561,0.13123915177079828,-44.2680474175454,0.010020862489151416,0.9999999984020735,-44.78018543146176,Procedural,0.5121380139163634
29,149539_fnca,0.010041451657683602,0.9999999990245371,-44.39917388051562,0.01002572019188011,0.9999999998804048,-46.260618998567146,Procedural,1.8614451180515275
30,119833_fnca,0.01000000213324411,0.6969252445919883,-44.34741001213228,0.010019990797026992,0.9999999999502666,-45.673970915185926,Procedural,1.3265609030536467
31,114217_fnca,0.011953374965722895,0.10273254469516613,-43.55680468694005,0.4106290925773782,0.9999999999999402,-44.29463090196704,Procedural,0.7378262150269919
32,910241_fnca,0.010041034482479838,0.999999999014334,-44.38333544306677,0.010025968424432328,0.9999999999524012,-46.33377477967159,Procedural,1.9504393366048234
33,124422_fnca,0.010588802325685286,0.28300541673121465,-43.64084245664811,0.010000764273650072,0.9999999983307587,-43.76526841855467,Procedural,0.12442596190656019
34,395958_fnca,0.01004102910632681,0.9999999995026252,-44.40923188190053,0.010048459314143127,0.999999998417897,-45.330791104899966,Procedural,0.9215592229994343
35,766563_fnca,1.0237812404640116,0.9999751065903492,-50.063380782129485,0.01002283955428941,0.9999999999938689,-45.62456951658799,Declarative,-4.438811265541496
36,137936_fnca,0.659141262377488,0.9999999996920707,-41.72787970209854,0.7770941980514711,0.9999999999998535,-41.95434692022081,Procedural,0.22646721812226644
37,101107_fnca,0.010118797975383445,0.30799473429344604,-43.56453258759182,0.01003144793845373,0.9999999984761593,-45.15416183358659,Procedural,1.5896292459947716
38,185442_fnca,0.010000002208341394,0.2735160818293477,-44.29781471446932,0.010012895781906546,0.9999999999956568,-46.3739134285408,Procedural,2.0760987140714846
39,194746_fnca,0.4512235095864735,0.5445932762979083,-37.637123979017375,0.010034849735995294,0.9999999999346016,-45.881021091181516,Procedural,8.243897112164142
40,174841_fnca,0.010040272003015785,0.9999999995794737,-44.67694294776635,0.010025108041994664,0.9999999999064582,-54.01658735203522,Procedural,9.339644404268874
41,141826_fnca,0.01000000218772207,0.7777392526612125,-43.6641107364249,0.010001723504507159,0.9999999984219847,-44.166174572740736,Procedural,0.5020638363158341
42,316633_fnca,0.6214130098421743,0.7648128068443989,-38.428485437857475,0.82819465789183,0.9999999999999087,-43.85316856791137,Procedural,5.424683130053893
43,905147_fnca,0.010051861461395686,0.999999999317107,-41.78475316713171,0.010007076075983808,0.9999999995057085,-50.70693362829702,Procedural,8.922180461165311
44,592455_fnca,0.010041344355173612,0.999999999508364,-43.706704489866866,0.010030565970420248,0.9999999995307594,-45.90415279816046,Procedural,2.1974483082935947
45,153732_fnca,0.18194129650733357,0.847484038426085,-41.73531630001881,0.4853854023679523,0.9999999999998309,-42.45222816654694,Procedural,0.7169118665281289
46,115017_fnca,0.010692277544604015,0.09190051395458733,-43.404632383953206,0.010000917349807657,0.9999999983307587,-44.06479840166434,Procedural,0.6601660177111341
47,186444_fnca,0.0100402582547244,0.9999999995182163,-44.52005267456941,0.010032680325242342,0.999999999878834,-48.05380729762164,Procedural,3.533754623052225
48,568963_fnca,0.010040399059956216,0.9999999995665474,-44.43154974190058,0.010026729855030775,0.9999999994291185,-45.901677080755846,Procedural,1.4701273388552636
49,523032_fnca,0.010044131943035639,0.9999999997131969,-44.37002527909851,0.010000075459598603,0.9999999984179104,-44.850535456171485,Procedural,0.48051017707297206
50,397861_fnca,0.010000002798463097,0.2435504138189238,-44.26407963345207,0.010018547068996363,0.999999999973808,-47.19893161515894,Procedural,2.9348519817068706
51,100307_fnca,0.010040458163154206,0.9999999994461849,-44.41160989988741,0.010011917862815174,0.9999999998726794,-46.181297942475226,Procedural,1.7696880425878163
52,119126_fnca,0.010872999732121101,0.10522124961300654,-42.94142914190346,0.010040824264230542,0.9999999983984089,-43.586438520126585,Procedural,0.6450093782231221
53,195950_fnca,0.010236210550946019,0.13725395845045324,-43.90701746353781,0.4782478334129024,0.9999999999999061,-43.8617502676955,Declarative,-0.04526719584231387
54,127832_fnca,0.010043654391544022,0.9999999998745623,-43.0048565659584,0.2882702381302788,0.999999999999858,-44.849700358689624,Procedural,1.8448437927312256
55,209935_fnca,0.6682465889462574,0.9999661771149455,-41.55380541078574,0.7874226316093469,0.9999969288109218,-41.5309773583744,Declarative,-0.02282805241134156
56,108222_fnca,0.04014508300673305,0.05959265085374536,-32.22799062389794,0.010024639750309762,0.9999999990567507,-43.230614463911415,Procedural,11.002623840013477
57,145127_fnca,0.010042758056533173,0.9999999993892911,-44.37366496643784,0.010000000908779645,0.9999919920135193,-44.81085441784965,Procedural,0.437189451411804
58,135225_fnca,0.010627401345603688,0.36246824864223637,-44.30913703564921,0.010025656018398528,0.9999999984795945,-45.1493997575799,Procedural,0.8402627219306922
59,135730_fnca,0.010040549117641002,0.9999999995291208,-44.4484610751361,0.010020841115913818,0.9999999999616916,-46.73146608294833,Procedural,2.2830050078122284
60,151021_fnca,0.010041067156659828,0.9999999996103923,-43.80832871011787,0.010025105573679862,0.9999999996842232,-47.16136181347475,Procedural,3.3530331033568785
61,268749_fnca,0.010041118344672948,0.9999999992838515,-44.41457019954771,0.010027904525767375,0.9999999994523782,-45.66177180560048,Procedural,1.2472016060527693
62,163432_fnca,0.01004242350054966,0.999999999811432,-43.74192779895239,0.01001158443121548,0.9999999996669838,-46.322531946807736,Procedural,2.5806041478553468
63,349244_fnca,0.059449783361461006,0.10256397220704766,-33.95676319437189,0.010000001070742868,0.8894012145367485,-41.0261451939253,Procedural,7.069381999553414
64,715647_fnca,0.010040256762298055,0.9999999990531144,-44.62425684930319,0.010017653278237322,0.9999999998427938,-51.40702801852925,Procedural,6.782771169226066
65,698168_fnca,0.11218955513586727,0.49077495944730454,-43.129897593719896,0.651996237935162,0.9999999999998574,-43.373576745639,Procedural,0.24367915191910328
66,211922_fnca,0.29431230671487774,0.999969425517953,-42.01385519769582,0.010038704648162413,0.9999999989155369,-42.680730856156096,Procedural,0.6668756584602775
67,995174_fnca,0.014779800548634373,0.39295207451788716,-44.33883522926369,0.26075107336362413,0.9999999999998421,-44.90930004283191,Procedural,0.570464813568222
68,309636_fnca,0.1511168297455402,0.9999794809100794,-43.60042760589872,0.34901443633799545,0.99999999999993,-43.318785918434976,Declarative,-0.28164168746374685
69,212318_fnca,0.010041150477646196,0.9999999995512084,-44.43900941751621,0.010006610468568452,0.9999999992184675,-45.52040404802134,Procedural,1.0813946305051303
70,108828_fnca,0.27550126275207715,0.9999999994586345,-40.09945218641888,1.0133155647519652,0.9999999999998876,-39.091082035089975,Declarative,-1.0083701513289043
71,480141_fnca,0.010041367813270353,0.9999999990176881,-44.39264914645861,0.010035741080559836,0.9999999998987682,-46.83427522204909,Procedural,2.4416260755904773
72,202820_fnca,0.022054585603989953,0.10313742330974818,-67.08849021618389,0.6344111097282169,0.7016723515918427,-50.305673691356596,Declarative,-16.78281652482729
73,873968_fnca,0.2761558596594018,0.7670606842569591,-42.21719801987491,0.1091818430196514,0.9999999999999198,-44.30929756893716,Procedural,2.0920995490622545
74,173536_fnca,0.010046391365056816,0.9999999992400802,-43.79554853981723,0.3524843071549841,0.9999999999998741,-46.396506967952476,Procedural,2.600958428135243
75,138837_fnca,0.010041208322838328,0.9999999997412222,-43.73223371059675,0.010008846483604367,0.9999999991602051,-44.99880361838228,Procedural,1.2665699077855308
76,381038_fnca,0.5862769846813989,0.9999685694742237,-39.78729078539831,0.4129132054088069,0.9999999999998284,-42.89804443383873,Procedural,3.110753648440415
77,209329_fnca,0.01004076105469082,0.9999999995853267,-44.45388973780955,0.010018439426840572,0.9999999998171181,-47.41569411680368,Procedural,2.961804378994131
78,178950_fnca,0.2894293634950865,0.5770927272972335,-42.11563319298619,0.07534458042335805,0.7497342074046621,-43.35608446126458,Procedural,1.2404512682783917
79,386250_fnca,0.010041170505908817,0.9999999995065649,-43.72519402258885,0.010020095037031291,0.999999999785431,-45.07666824839699,Procedural,1.3514742258081398
80,583858_fnca,0.013473674844785632,0.28295381874775155,-44.34368572140577,0.010000522225793349,0.9999999983722108,-44.55144036364684,Procedural,0.20775464224107054
81,139637_fnca,0.01248145140499972,0.09686353513234996,-42.357271242576346,0.2791788593898788,0.99999999999992,-43.02937705153868,Procedural,0.6721058089623355
82,128026_fnca,0.9688851911545818,0.9999535449012454,-50.18982237985746,0.010000000852398074,0.9999936467664212,-44.954033016759055,Declarative,-5.235789363098405
83,475855_fnca,0.6664557630558774,0.36789277159716816,-27.695586727593376,0.5291030431873642,0.8918512564434024,-35.27994654004084,Procedural,7.584359812447463
84,397154_fnca,0.010000001867169884,0.10210903901431316,-43.44945976692268,0.010031010329689127,0.9999999984794189,-45.238359493382106,Procedural,1.7888997264594266
85,116524_fnca,0.010042891689709836,0.9999999996501302,-43.70107770255975,0.4915066256076726,0.9999999999998759,-44.097589865797644,Procedural,0.39651216323789384
86,180230_fnca,0.010040803064020627,0.999999999467328,-44.40349273409761,0.010028626753387056,0.9999999997864529,-46.308189134912624,Procedural,1.9046964008150127
87,179245_fnca,0.010027058308613362,0.9999999996091525,-43.81840482978633,0.010021440387261653,0.9999999997301587,-48.07141274600952,Procedural,4.25300791622319
88,198047_fnca,0.010046244497973937,0.9999999992319185,-43.723748713310364,0.010004435477778054,0.9999999998152453,-46.953613184224494,Procedural,3.22986447091413
89,181636_fnca,0.010040647570738056,0.9999999995560785,-42.97638112541993,0.010018361129513697,0.9999999999834596,-44.46754857030031,Procedural,1.4911674448803822
90,148133_fnca,0.01004063598117217,0.9999999989579459,-44.36602133677973,0.0100034752135938,0.9999999991838148,-45.14399157483213,Procedural,0.7779702380523972
91,138231_fnca,0.010527806466389972,0.09831664058272577,-43.699616271691085,0.010017107134909862,0.9999999983977602,-44.08093741748577,Procedural,0.38132114579468634
92,117122_fnca,0.010041322780234526,0.9999999995150392,-43.04176154961444,0.010028768026783751,0.9999999994737098,-44.83811259868198,Procedural,1.796351049067539
93,213421_fnca,0.010105871772569901,0.18550279353194107,-44.0609029395483,0.010039477681866173,0.9999999984099769,-44.178746707116424,Procedural,0.1178437675681252
94,199251_fnca,0.010043237497479145,0.9999999996296391,-44.37148061160059,0.010000000851834875,0.9999988293166989,-44.79473290669079,Procedural,0.4232522950902009
95,186848_fnca,0.010046626440455585,0.9999999985599812,-44.41184018511167,0.010020010811281198,0.9999999997925192,-46.29929692085774,Procedural,1.8874567357460705
96,385450_fnca,0.015863297896407703,0.09931717983286731,-43.19619328743863,0.010037322314365356,0.999999998410205,-44.86806325607325,Procedural,1.671869968634617
97,180836_fnca,0.9009801621107688,0.6469803608906192,-35.10360887992757,0.9579601097188372,0.9999999999999248,-40.4819378440862,Procedural,5.3783289641586265
98,837964_fnca,0.3118375805689698,0.26603901329416046,-32.43572043979833,1.116384593204673,0.9870266186185636,-35.295642726201926,Procedural,2.859922286403595
99,715041_fnca,0.010041472066403885,0.9999999996750667,-43.02434308897922,0.010033448269032836,0.9999999984055041,-44.8362230969448,Procedural,1.811880007965577
100,341834_fnca,0.010043524842276228,0.999999999756461,-43.68364101234273,0.010000000903591152,0.9999987106887035,-43.765330674628835,Procedural,0.0816896622861023
101,172130_fnca,0.01016079134260197,0.24399828325059758,-44.28605040547484,0.010042025126056509,0.9999999984004617,-44.97992415920341,Procedural,0.6938737537285675
102,318637_fnca,0.022058458867615493,0.1042091122432738,-42.43070442534859,0.01001632508013668,0.999999999504443,-42.65057255519929,Procedural,0.2198681298507026
103,459453_fnca,0.010000002120574433,0.14324535628162327,-42.70917487682064,0.0100004228042786,0.9999999984333295,-43.338340817255116,Procedural,0.6291659404344756
104,192237_fnca,0.010061354890352984,0.11668726624941758,-43.084447175226785,0.010000000859867948,0.9999955925895865,-43.585839008240164,Procedural,0.5013918330133791
105,172433_fnca,0.011039501534558255,0.09556121036421047,-41.99637265712695,0.01003072279840305,0.9999999999495641,-44.84208815493011,Procedural,2.8457154978031625
106,206727_fnca,0.010043146090865731,0.9999999996910544,-43.71034925343602,0.01003006599016,0.9999999996839375,-48.00526766906711,Procedural,4.294918415631088
107,737960_fnca,0.010047108197832808,0.9999999984938007,-40.244064249887245,0.01004081140063997,0.9999999992114982,-41.32118330515685,Procedural,1.0771190552696055
108,481951_fnca,0.033365022014880674,0.9153241380001144,-43.66375726973367,0.01000975336541078,0.9999999989683521,-44.42907181015291,Procedural,0.7653145404192401
109,190031_fnca,0.01216366669678207,0.09497984417302184,-43.86257640564148,0.010000001212484365,0.8844153649936175,-43.81415439015992,Declarative,-0.048422015481556
110,685058_fnca,1.5957132302239019,0.9999579253488308,-57.00563065317708,0.010000001520729601,0.7700750786790506,-43.63116835397319,Declarative,-13.374462299203891
111,204521_fnca,0.010045857628805098,0.9999999991443959,-43.715082928153485,0.010057060039594144,0.9999999999999043,-46.83540670774546,Procedural,3.1203237795919776
112,644044_fnca,0.010043381795751996,0.9999999996284487,-44.38586566812567,0.010020455191408654,0.9999999997877053,-45.388682357365,Procedural,1.0028166892393315
113,751348_fnca,0.010035754532792374,0.9999999992631936,-43.15051359303321,0.010014427485307275,0.9999999998291236,-46.55759037410682,Procedural,3.407076781073613
114,958976_fnca,0.014511168709790547,0.09708349051705605,-43.164529620265355,0.010000001125557335,0.798608561333259,-42.848740522958316,Declarative,-0.3157890973070394
115,760551_fnca,0.010041327486372124,0.9999999996659462,-44.46896869398463,0.010028057802910504,0.9999999994826222,-47.23766223431016,Procedural,2.768693540325529
116,163331_fnca,0.28523193253840223,0.9999937679000065,-44.032929912063594,0.25517522738061915,0.9999951285580222,-43.832623321956476,Declarative,-0.20030659010711815
117,422632_fnca,0.010585843306706333,0.09876185989115976,-43.4038147650463,1.0558086524467014,0.9999999999998288,-41.374783627257024,Declarative,-2.029031137789275
118,298455_fnca,0.841414098004409,0.9999999999840766,-43.295127123906816,0.010024914229991227,0.9999999997840631,-46.72291371893559,Procedural,3.4277865950287705
119,132017_fnca,0.010040735444325698,0.999999999463094,-44.444018987727,0.010023589016726396,0.999999999710085,-46.903419811401825,Procedural,2.4594008236748266
120,165436_fnca,0.010000003321790097,0.10128193231903859,-43.17865914630198,0.010007181909337488,0.9999999999701004,-44.495956392304336,Procedural,1.3172972460023544
121,877269_fnca,0.010000002909858917,0.3234053527584701,-44.31500675968947,0.010025955129923077,0.9999999984398855,-45.0407020200057,Procedural,0.7256952603162361
122,970764_fnca,0.010040813704559726,0.9999999993217757,-43.93950746245328,0.010019437093765312,0.9999999994944934,-49.55701933395128,Procedural,5.617511871498003
123,168341_fnca,0.026035824609989867,0.10539878896241965,-42.54588124916885,0.5551448795230874,0.9999999999822252,-43.12214040353676,Procedural,0.5762591543679108
124,992673_fnca,0.010587499936047129,0.1024490528443113,-43.5576789760282,0.010032944019034526,0.9999999984072507,-44.1761353412708,Procedural,0.6184563652426007
125,390645_fnca,0.019104259018864665,0.10419610347494222,-42.01475213713883,0.8319887335816506,0.9999999998427697,-40.02965439356342,Declarative,-1.985097743575409
126,506234_fnca,0.010810625189433655,0.9988561669675117,-43.66441968810249,0.010023450996307907,0.9999999984841642,-44.42532272837535,Procedural,0.7609030402728578
127,176037_fnca,0.30405422804938914,0.6895134887531358,-39.392085081509634,0.23502358606676016,0.9999999999998772,-44.03950918242352,Procedural,4.647424100913888
128,121416_fnca,0.010040157321707942,0.9999999995589135,-42.97383160756755,0.010001398963353081,0.9999999984498109,-43.58293940606487,Procedural,0.6091077984973197
129,833249_fnca,0.010041353772671704,0.9999999996855524,-44.39617698935683,0.6230527358193106,0.99999758632555,-43.32766545676062,Declarative,-1.0685115325962116
130,204218_fnca,0.010040780450864652,0.9999999990713042,-44.384671413311516,0.010019988958327829,0.9999999997834,-46.561815098042395,Procedural,2.177143684730879
131,164636_fnca,0.010418891342222548,0.16508335006675154,-44.069325960921404,0.010000000626749718,0.9917550422540856,-43.413767291889776,Declarative,-0.6555586690316275
132,112819_fnca,0.010034410449812398,0.9999999995143938,-43.03817516335977,0.01003944680867776,0.9999999984672727,-44.57931443879423,Procedural,1.5411392754344604
133,322224_fnca,0.010040829431749223,0.9999999996792228,-44.41337835970479,0.010016506198273052,0.9999999998684111,-46.05387732085946,Procedural,1.6404989611546767
134,149236_fnca,0.010040485570492967,0.9999999994712356,-44.522597990090404,0.010018949533277494,0.9999999996822441,-49.46229300692821,Procedural,4.93969501683781
135,599469_fnca,0.01004073586650854,0.9999999993397365,-44.62761521822516,0.01001277808124415,0.9999999992381794,-52.42099105750631,Procedural,7.793375839281154
136,693461_fnca,0.010000000008977068,0.06538278754361673,-43.75716103997693,0.010000000908779645,0.9999919920135193,-44.96963491925425,Procedural,1.2124738792773186
137,763557_fnca,0.17327212062624792,0.04496706592458317,-9.445819263407774,0.010000000970779487,0.23171592810345068,-27.94357735117961,Procedural,18.497758087771835
138,448347_fnca,0.010040871466756222,0.9999999995060331,-44.471263484652596,0.010017934606193069,0.999999999810182,-47.969294383261946,Procedural,3.4980308986093505
139,102008_fnca,0.010040512634365083,0.9999999995840785,-44.4644348853341,0.5540424453457113,0.9999999999999202,-46.54793297667148,Procedural,2.0834980913373826
140,290136_fnca,0.010040787218716854,0.9999999990577253,-44.384965636366175,0.1803897791971454,0.9999999999999194,-46.48041978054953,Procedural,2.095454144183357
141,113619_fnca,0.015201466820936635,0.4509546166716984,-42.94411796259176,0.5922437924285234,0.9999999999998485,-42.803144586517746,Declarative,-0.14097337607401528
142,180533_fnca,0.010040811545835053,0.9999999995320217,-43.79613399141122,0.010033590583452268,0.9999999997946624,-46.63519475931553,Procedural,2.8390607679043143
143,105923_fnca,0.019844382343824518,0.10427302302198822,-42.81967716142579,0.14543738615363064,0.9999975100752436,-43.07672224410911,Procedural,0.2570450826833266
144,161731_fnca,0.010040872169775913,0.9999999996151423,-44.445034838356676,0.010018387740360674,0.9999999998296389,-46.27510147085108,Procedural,1.8300666324944004
145,103818_fnca,0.8708310065138919,0.988079047796765,-39.50617028256033,0.4640125006179915,0.9999999998028011,-42.25286173917395,Procedural,2.7466914566136182
146,692964_fnca,0.019108894253583256,0.09895135336865173,-42.946413601706524,0.010000001333202,0.9931309290566983,-43.50931656282351,Procedural,0.5629029611169827
147,106319_fnca,0.01036828131570798,0.13334711606808783,-44.09210862859957,0.16281576282167426,0.9999999999998223,-44.46242068039909,Procedural,0.3703120517995231
148,769064_fnca,0.010044520013715062,0.9999999999872381,-44.36862726098723,0.010018634954797878,0.9999999994908714,-44.410699120198736,Procedural,0.04207185921150369
149,167036_fnca,0.010732797555738827,0.12731552390394435,-44.148503909934156,0.7008674158080116,0.999999999999844,-43.769543990884706,Declarative,-0.3789599190494499
150,578057_fnca,0.010000001611557346,0.1842839612800745,-44.319673262822626,0.0100307518776934,0.999999999828442,-46.355728184502965,Procedural,2.036054921680339
151,130417_fnca,0.010046989882498839,0.9999999985503415,-43.69785537093449,0.01003158511081525,0.9999999997869414,-46.000524457726385,Procedural,2.3026690867918944
152,693764_fnca,0.016393773659196115,0.03292923904657085,-33.419223480334985,0.010000001388162656,0.6998168434436755,-39.59305497522958,Procedural,6.173831494894593
153,144428_fnca,0.010040724693723522,0.9999999996050043,-44.56226720215166,0.010020895445687161,0.9999999995369268,-51.731115359361986,Procedural,7.168848157210327
154,467351_fnca,0.010040422925460467,0.9999999992758521,-44.507601921604916,0.01003373251974861,0.9999999999998994,-48.929071898142546,Procedural,4.4214699765376295
155,160931_fnca,0.010043257231630666,0.9999999984901031,-44.383864815692554,0.010047193072530915,0.999999998471892,-45.64350041721891,Procedural,1.2596356015263552
156,550439_fnca,0.6756696787212084,0.39076435160361495,-29.044748464715028,0.989750222403993,0.9999999999998965,-39.13634510988489,Procedural,10.091596645169865
157,412528_fnca,0.05264708549227259,0.09893695025482353,-37.848456215191206,0.8863515190052982,0.9999999999752933,-42.12765304389001,Procedural,4.279196828698801
158,200109_fnca,0.010040962682888899,0.9999999995160944,-44.44652212621912,0.010005502497815323,0.9999999984636282,-45.45380112281486,Procedural,1.007278996595737
159,392750_fnca,0.010044092110884832,0.9999999998647577,-44.41428101899913,0.010017035780421795,0.9999999998807146,-46.28893130682036,Procedural,1.8746502878212326
160,120010_fnca,0.7469930992425612,0.2887109812498709,-71.56106561617467,0.010000000904942187,0.9999917128075257,-44.225471983849424,Declarative,-27.33559363232525
161,214625_fnca,0.11619012955002284,0.5875868831690371,-41.12128056622801,0.010000000282386498,0.9999876700825246,-41.65631661560131,Procedural,0.5350360493733035
162,742549_fnca,0.022318052330230834,0.09542540196268412,-42.58885659982049,0.010000001140829206,0.9075790662430488,-43.076654673734765,Procedural,0.4877980739142771
163,586460_fnca,0.012212529844505939,0.40961595151304164,-44.288235330861404,0.27064283460493505,0.9999999999998773,-45.94184396279895,Procedural,1.6536086319375443
164,168947_fnca,0.28181951428969515,0.9999695160178336,-42.114083473935736,0.010041217712974825,0.9999999983869168,-43.06028163460051,Procedural,0.9461981606647711
165,645551_fnca,0.010041636977681125,0.9999999990105902,-42.98459371751423,0.010001113120051154,0.9999999984394157,-43.36645496272316,Procedural,0.38186124520893117
166,174437_fnca,0.5479396595301266,0.642511263748534,-37.85445705859973,1.101488144503016,0.9999854184334306,-38.04363048746846,Procedural,0.18917342886873456
167,214019_fnca,0.010045765224063911,0.9999999991421145,-43.75004903100755,0.05240503255178399,0.9999999998304441,-46.29546618664822,Procedural,2.5454171556406706
168,107725_fnca,0.010041111162257248,0.9999999995277707,-43.821199029116606,0.010034083527711068,0.9999999997048211,-47.4858927549828,Procedural,3.6646937258661936
169,788876_fnca,0.011053150702844591,0.5249008061869301,-44.31466208592955,0.010063844138380077,0.9999999999998888,-46.788448158763444,Procedural,2.473786072833896
170,238033_fnca,0.12986741578974959,0.2984501752249917,-41.5148586393843,0.010000000428311473,0.44927152432716355,-41.46316859298799,Declarative,-0.0516900463963097
171,965771_fnca,0.011836981095879948,0.22746545209576374,-40.671937070867784,0.7029242142587481,0.9999999999998548,-40.01292793062225,Declarative,-0.6590091402455371
172,169747_fnca,0.3700949745665924,0.13759913162200366,-21.115598710923493,0.7000332809274269,0.6690489538751977,-33.092358275419606,Procedural,11.976759564496113
173,164030_fnca,0.01004127087394398,0.9999999997476071,-44.45396901018849,0.01001751193397165,0.9999999997938894,-46.8051078521428,Procedural,2.3511388419543096
174,130114_fnca,0.8325667228925202,0.688771791965414,-36.858438591260914,0.9077474016083529,0.6353921787118263,-33.63576896954808,Declarative,-3.222669621712832
175,100408_fnca,0.01004139627428101,0.9999999997453327,-43.03034881113851,0.010040157535235749,0.9999999992133084,-44.64642879728292,Procedural,1.6160799861444133
176,228434_fnca,0.0350867491553728,0.8714639427825641,-44.354569863543986,0.6558418905064136,0.9999999999999611,-44.207760043422006,Declarative,-0.1468098201219803
177,393550_fnca,0.010041267265114232,0.9999999995683498,-44.45939130820552,0.01002783721018645,0.999999999708186,-48.53808484979399,Procedural,4.078693541588471
178,329844_fnca,0.010041706006796587,0.9999999998038759,-44.42435348836952,0.010018167181894388,0.9999999998650079,-46.38348246333364,Procedural,1.9591289749641234
179,251833_fnca,0.030544191807296072,0.10162202104237884,-41.673592854389064,0.5211344194192237,0.9999985007010284,-42.552458411939554,Procedural,0.8788655575504905
180,113316_fnca,0.01318274876535433,0.289885675296805,-44.27156025007943,0.010000000872682411,0.9999973417414088,-44.942211085797496,Procedural,0.6706508357180638
181,707749_fnca,0.01004087441700646,0.9999999989683521,-44.37236915923791,0.5497839498250708,0.9999999999999027,-46.480983784820715,Procedural,2.1086146255828027
182,307127_fnca,0.231806331013479,0.8670313826577503,-42.952446829821945,0.3314495990854239,0.9999514673947038,-43.14116316933638,Procedural,0.18871633951443556
183,188549_fnca,0.4905187986541704,0.5769117228202086,-38.178011083654695,1.0462991041716039,0.9999999999998903,-41.66646315617381,Procedural,3.4884520725191166
184,952863_fnca,0.010040279943675543,0.9999999991847347,-44.46109496589076,0.010010459474414974,0.9999999995126436,-48.32284960897836,Procedural,3.8617546430876004
185,110613_fnca,0.10025352802527801,0.16759102704859197,-36.74145625395203,0.07667123309309022,0.5961291330893504,-39.53963452028614,Procedural,2.798178266334112
186,154330_fnca,0.010000000000612809,0.06548270647149641,-40.81885314766868,0.010015560532861963,0.9999999999833515,-44.72257457641953,Procedural,3.903721428750849
187,173940_fnca,0.01080685665173714,0.3207788290138507,-44.282455638534735,0.010000000908780539,0.9999942064583791,-44.39313672253906,Procedural,0.11068108400432664
188,615441_fnca,0.01000000183553,0.979050043982058,-43.65810295361016,0.010004786198778997,0.9999999999167278,-44.734480197680384,Procedural,1.0763772440702226
189,567052_fnca,0.010000000004237142,0.044832257130555705,-41.543281805397754,0.010013763452573774,0.999999999999899,-44.64723726768906,Procedural,3.103955462291303
190,201515_fnca,0.010040908819909237,0.9999999995299872,-43.79127956601267,0.010012627673483598,0.999999999697754,-47.08400777255639,Procedural,3.292728206543721
191,843151_fnca,0.010041469201445035,0.999999999797724,-43.00682150131386,0.010038992367853541,0.9999999984144178,-44.027497378802856,Procedural,1.0206758774889977
192,133827_fnca,0.010000002675795695,0.17999584235330032,-43.55833878529189,0.576193325191304,0.9999999999998777,-45.509208052975495,Procedural,1.9508692676836077
193,103212_fnca,0.010000002507174924,0.16744284551379401,-43.98295260232069,0.010046755558592895,0.9999999984568153,-44.9419220369224,Procedural,0.9589694346017126
194,942658_fnca,0.010039923337505644,0.9999999992259017,-44.36105298125821,0.010022162772493274,0.9999999996545987,-45.77122432370195,Procedural,1.4101713424437392
195,130821_fnca,0.010040967997476532,0.9999999989683521,-44.385940711689635,0.05143365479227513,0.9999999999998749,-45.891230282764454,Procedural,1.5052895710748189
196,336841_fnca,0.010040674218312182,0.9999999990632279,-44.401028490160535,0.010007323453483426,0.9999999997012256,-48.27679682652242,Procedural,3.8757683363618867
197,157336_fnca,0.01000000001641926,0.012755052897062046,-20.390194334959396,0.010017156664233527,0.9999999999963192,-44.73271758763917,Procedural,24.342523252679776
198,111413_fnca,0.9330276034564895,0.6433021061721016,-34.072132601429566,1.634936199516153,0.9999914823138022,-33.386583400145966,Declarative,-0.6855492012835995
199,559053_fnca,0.010044096195912395,0.9999999998545358,-43.688132419999626,0.010002924379484926,0.9999999988641622,-43.56012457254772,Declarative,-0.1280078474519044
200,521331_fnca,0.010000001867169884,0.10303732174110845,-42.99479810501897,0.010056295094108263,0.9999999999999065,-44.16012881601022,Procedural,1.165330710991249
201,849264_fnca,0.010040744690941445,0.9999999993455384,-42.406225816751686,0.01002953778019761,0.9999999994719247,-44.80259008538488,Procedural,2.3963642686331923
202,673455_fnca,0.010044476004193037,0.9999999994815248,-43.02792122321282,0.010020590140446959,0.9999999999777881,-47.17924050157592,Procedural,4.151319278363097
203,185947_fnca,0.010000002835902274,0.23591680138780874,-44.32494376557779,0.010005699114326692,0.999999999166342,-44.97783334057867,Procedural,0.6528895750008772
204,191841_fnca,0.010027024631355264,0.9999999989302987,-44.51340011481312,0.5847079567371992,0.9999999999998783,-47.76271324527414,Procedural,3.2493131304610188
205,156435_fnca,0.011833644395757792,0.009892049109253764,-15.417288034309747,0.010018430499068916,0.9999999999559168,-46.01912233255893,Procedural,30.60183429824918
206,111716_fnca,0.010333959895091909,0.10606269993371599,-42.36083429056368,0.010038393591804728,0.9999999984806817,-42.794454197807546,Procedural,0.433619907243866
207,145632_fnca,0.010037925992454374,0.9999999991915275,-44.540231241377896,0.010028960422927882,0.999999999720844,-49.65794071941397,Procedural,5.117709478036076
208,167743_fnca,0.7491301997204386,0.9999999999998707,-41.239639361751394,0.6584593977479496,0.9999999999998834,-44.616303456963394,Procedural,3.376664095212
209,353740_fnca,0.010041195522360971,0.9999999995017717,-43.73336498938296,0.010004842237569332,0.9999999984531883,-45.22077008466682,Procedural,1.4874050952838545
210,185341_fnca,0.01004051873246666,0.9999999997108956,-44.40030710732219,0.010018352176952518,0.9999999998902089,-45.88610965199992,Procedural,1.4858025446777248
211,579867_fnca,0.012401841496209794,0.10658982370250966,-42.86444829622414,0.6142454697556214,0.9999929292994957,-42.18214931184767,Declarative,-0.6822989843764731
212,102614_fnca,0.01004079735542994,0.9999999995186456,-44.45074820220117,0.010011536893605791,0.999999999895699,-47.48582067904519,Procedural,3.0350724768440216
213,144832_fnca,0.010040607319638028,0.9999999994754194,-44.39961847560306,0.010019408771693418,0.9999999997798791,-45.51936384485022,Procedural,1.1197453692471555
214,585256_fnca,0.010000001867169884,0.10356326212103227,-42.43301721781973,0.010024974727551123,0.9999999983307587,-42.493386817937086,Procedural,0.060369600117354594
215,565452_fnca,0.010041089355106286,0.9999999995027015,-42.98002115768879,0.010007956016963889,0.9999999997968274,-44.80836501886192,Procedural,1.8283438611731313
216,304727_fnca,0.010571730361787655,0.2168709209991703,-44.16182632613689,0.010018884401321877,0.9999999984793249,-45.24288542958124,Procedural,1.0810591034443533
217,156233_fnca,0.010533270500735346,0.1069953110774598,-43.09893975739795,0.9641992111344726,0.9999999999998636,-41.491868912745105,Declarative,-1.6070708446528457
218,445543_fnca,0.07000252496421425,0.9999784566493215,-43.91667230552235,0.7964098510651471,0.999999999999939,-41.41356154322725,Declarative,-2.503110762295094
219,894774_fnca,0.010040889858802587,0.9999999992605447,-44.513715472166986,0.010018012624447695,0.9999999996719864,-48.21955195913658,Procedural,3.705836486969595
220,566454_fnca,0.2321410907125543,0.31386598459796977,-39.014736010779274,0.16126267969800231,0.4288274332790164,-38.147441498510624,Declarative,-0.86729451226865
221,310621_fnca,0.010000002390903205,0.8174669993922561,-44.35742600761637,0.010000000829254481,0.9999961786766752,-44.8515739100254,Procedural,0.4941479024090327
222,725751_fnca,0.010041069267937543,0.9999999994918133,-44.442988149086375,0.01002527014108983,0.9999999997095345,-46.464124347410305,Procedural,2.02113619832393
223,943862_fnca,0.010043477089578767,0.9999999996583202,-44.436577854661046,0.5506026074977298,0.9999999999998851,-45.625888400900365,Procedural,1.1893105462393194
224,131924_fnca,0.01004195012385251,0.9999999990456038,-44.3789617122732,0.010032909579244442,0.9999999997975986,-45.31418918605061,Procedural,0.9352274737774096
225,245333_fnca,0.010042518934817961,0.9999999993703776,-43.69213757103969,0.19940403333553788,0.9999999999999176,-44.81699047359324,Procedural,1.124852902553556
226,127327_fnca,0.010370260679983964,0.09766358973759937,-43.49855303052363,0.36243722369155573,0.9999999999999145,-44.5699370514181,Procedural,1.0713840208944703
227,517239_fnca,0.010040250190195464,0.9999999990076407,-44.61335456714638,0.010026450795011159,0.9999999994878941,-49.31554165297431,Procedural,4.70218708582793
228,103414_fnca,0.010042284360905183,0.9999999993805075,-44.38043328610183,0.010047347464076664,0.999999998470309,-45.04152079548796,Procedural,0.6610875093861353
229,154936_fnca,0.017926748234790284,0.10363677137425302,-43.25968232871581,0.6625390866849076,0.9999999996112732,-42.510379067249914,Declarative,-0.7493032614658972
230,175338_fnca,0.012775395795481051,0.09526755755108368,-40.75065824058979,0.01003155466401048,0.9999999984903297,-43.233475090609986,Procedural,2.4828168500201926
231,882161_fnca,0.010038224818113,0.9999999992125674,-44.71144777314663,0.010005276799328883,0.9999999996921133,-52.59346660291569,Procedural,7.882018829769059
232,486759_fnca,0.010790892330681576,0.16307597609081026,-44.12047555028048,0.01000000083831475,0.8597322761898856,-43.77865558869626,Declarative,-0.34181996158422123
233,286650_fnca,0.011232648960717769,0.12042448293746487,-42.06519832137265,0.03188131027874649,0.9720539670598465,-41.39399801460636,Declarative,-0.6712003067662877
234,615744_fnca,0.012763615008829596,0.09843459977054125,-42.78162978207315,0.8584461137629574,0.999999999999845,-42.107351259550796,Declarative,-0.6742785225223571
235,765056_fnca,0.010000001979958236,0.3952198531783946,-44.30532037731208,0.010002543216163921,0.999999999782174,-46.94177553657546,Procedural,2.6364551592633845
236,131217_fnca,0.010000001971842015,0.6286344740005507,-43.63637068945529,0.0100243315061392,0.999999999687825,-45.370354434467366,Procedural,1.7339837450120754
237,128935_fnca,0.010040778313477704,0.9999999992694742,-44.64303752059746,0.01002021524584807,0.9999999996960987,-51.17042850946721,Procedural,6.5273909888697474
238,180735_fnca,0.12160372890229801,0.9999818695621933,-44.14595260685808,0.7384709212923274,0.9999999999998415,-43.41625784429409,Declarative,-0.7296947625639945
239,880157_fnca,0.012360681825875009,0.35258342146904337,-43.655104047179165,0.010027046966347718,0.9999999998694906,-44.8095451370992,Procedural,1.1544410899200344
240,263436_fnca,0.5271751154950028,0.47984228838101417,-33.717224666613696,0.648110290546058,0.701369047085807,-35.43207290467086,Procedural,1.714848238057165
241,161327_fnca,0.010041363351592511,0.99999999973314,-43.70933548286484,0.010014076978020522,0.9999999991213212,-44.27682871760704,Procedural,0.5674932347422015
242,268850_fnca,0.01004049913573134,0.9999999995122906,-43.7451606617178,0.01001223004420425,0.9999999996884015,-46.96696096911884,Procedural,3.2218003074010397
243,688569_fnca,0.08870740309545368,0.9999762431329144,-44.07342198229134,0.010031631884891784,0.999999998453294,-44.54341874910162,Procedural,0.4699967668102758
244,204622_fnca,0.010519564534507827,0.11486217418076632,-42.58880417249407,0.4331131325907432,0.9999999999998728,-44.971829383227075,Procedural,2.3830252107330026
245,202719_fnca,0.010041327955361685,0.9999999996954517,-44.42038244779239,0.010020407575853778,0.9999999997869472,-47.21714400224393,Procedural,2.7967615544515354
246,112920_fnca,0.010040558894570869,0.9999999992623843,-43.73426281565438,0.01001359940255578,0.9999999996841922,-45.88291918226331,Procedural,2.1486563666089253
247,382242_fnca,0.010043286674208538,0.999999999639064,-44.3726303344672,0.010018927800582009,0.9999999999839881,-46.770939605306545,Procedural,2.3983092708393414
248,761957_fnca,0.010040828730444502,0.9999999995168269,-44.51639270286871,0.010021185385413382,0.9999999997251224,-49.593186129554994,Procedural,5.076793426686287
249,867468_fnca,0.010040839704749437,0.9999999992561182,-43.72684133026755,0.010006335725366714,0.9999999990041657,-44.44922905375467,Procedural,0.7223877234871239
250,965367_fnca,0.010673615168476171,0.5009768359908455,-44.34843156993205,0.010020685200791657,0.9999999998877122,-45.34579538333663,Procedural,0.9973638134045757
251,175237_fnca,0.010040922213946701,0.9999999995425577,-44.44227918455208,0.010020595599809168,0.9999999997859281,-45.7256948127771,Procedural,1.283415628225022
252,561949_fnca,0.010046831822472459,0.9999999985209361,-43.706175850045256,0.010022770990747354,0.9999999996621235,-45.766422463230626,Procedural,2.0602466131853703
253,333330_fnca,0.010050151861186175,0.999999999661245,-44.4223168223451,0.01003534872776136,0.999999999167984,-45.71278279326944,Procedural,1.2904659709243376
254,898176_fnca,0.011546570348196299,0.24542168972774195,-44.320684360222515,0.01002569839446932,0.999999998366968,-45.10978583363473,Procedural,0.7891014734122166
255,627852_fnca,0.010040457640002854,0.9999999994586993,-44.41971298146853,0.010024726426305685,0.9999999997921044,-46.88985671087568,Procedural,2.470143729407148
256,555954_fnca,0.010040635475451181,0.999999999692208,-44.394977795275814,0.010017164505522091,0.9999999997821654,-45.98480348186778,Procedural,1.5898256865919649
257,990366_fnca,0.010040959029266605,0.9999999994770148,-44.39249626767608,0.010025258782713386,0.9999999996957774,-46.02411332226285,Procedural,1.6316170545867692
258,214726_fnca,0.010042536152246765,0.9999999994311701,-44.39430289104252,0.010023183803040544,0.9999999996614066,-45.6295233630385,Procedural,1.23522047199598
259,635245_fnca,0.6632514800660715,0.686612879064929,-37.181033127911675,0.9081053830068329,0.999999999999899,-39.217052195036686,Procedural,2.036019067125011
260,896778_fnca,0.010041338096888779,0.9999999997452468,-44.466157805782935,0.010017922629555193,0.9999999998743345,-46.762725864624926,Procedural,2.2965680588419914
261,557857_fnca,0.21037251073690275,0.6828245750894337,-41.4617593331789,0.010017099420871412,0.9999999991981723,-42.02706158870384,Procedural,0.5653022555249407
262,133928_fnca,0.010041002969690729,0.9999999992819719,-44.3729910624226,0.6277216334460813,0.9999999999999265,-43.97046763512246,Declarative,-0.4025234273001388
263,214423_fnca,0.010041681668583661,0.9999999990252988,-44.38138059990489,0.010017917224335048,0.9999999998743119,-46.19942653373148,Procedural,1.8180459338265962
264,270332_fnca,0.010041255540412472,0.999999999820235,-43.72355388087291,0.010032356704802669,0.9999999996686102,-46.4082000648077,Procedural,2.684646183934788
265,617748_fnca,0.01004605539561895,0.9999999991821571,-43.009984560163,0.010018483069690933,0.9999999999259159,-44.15965517404969,Procedural,1.1496706138866912
266,929464_fnca,0.010773474590144674,0.29018060207307955,-44.226100097795836,0.7321527981954238,0.9999999999999072,-45.80763702312637,Procedural,1.581536925330532
267,217126_fnca,0.03374245100095466,0.09901463139126172,-64.41503564492675,0.6247031020962833,0.5759711195156997,-46.10373256125925,Declarative,-18.311303083667497
268,206222_fnca,0.010046285614709728,0.999999999209708,-44.38193111229891,0.010005270109707998,0.9999999984736171,-45.09076882634508,Procedural,0.7088377140461688
269,481042_fnca,0.010060843281184728,0.1152450160885448,-42.28140597373975,0.010012300397206887,0.9999999998998185,-42.11595060067322,Declarative,-0.16545537306652847
270,203923_fnca,0.010044247373797333,0.9999999998766844,-40.92654719122535,0.010005256447119217,0.9999999997827385,-43.129394211164005,Procedural,2.202847019938652
271,547046_fnca,0.010040326844825698,0.9999999995697595,-43.856884371963275,0.010020948059237448,0.9999999998483149,-49.45837009193849,Procedural,5.601485719975216
272,257542_fnca,0.010035583418584416,0.9999999997966337,-44.40853193620737,0.2844461549098796,0.9999999999998965,-46.086788641876986,Procedural,1.678256705669618
273,188145_fnca,0.010040325365404949,0.9999999989164218,-44.693804232630015,0.010024871638015036,0.9999999995272124,-52.69617082121061,Procedural,8.002366588580593
274,555651_fnca,0.45910346636339733,0.9999686442831869,-41.74096142581212,0.49764526902092976,0.9999999999703173,-43.72262397957013,Procedural,1.9816625537580137
275,558960_fnca,0.014866548093715539,0.10546251182850028,-41.909198056820514,0.010000001111459683,0.5233521925754538,-40.64062843640389,Declarative,-1.2685696204166277
276,473952_fnca,0.012210488622671604,0.11240786904811383,-43.3326052267025,0.2685346847396518,0.9999972545945678,-43.38199062613222,Procedural,0.049385399429723975
277,779370_fnca,0.010041121959070686,0.999999999288958,-44.470100030333725,0.010028242280886961,0.9999999997894143,-46.18834627013425,Procedural,1.7182462398005214
278,878877_fnca,0.024363361471274318,0.9425823989041061,-43.66112284563017,0.2930477340814297,0.9999999999998442,-44.3631977812758,Procedural,0.7020749356456335
279,154229_fnca,0.013673876072787966,0.10661276002731007,-43.53638618285434,1.0241229580333606,0.9999999998580407,-39.82893874980391,Declarative,-3.707447433050433
280,111009_fnca,0.010044857006220854,0.999999999755698,-44.35840213406273,0.010039716701605268,0.9999999984464478,-44.944710193897684,Procedural,0.5863080598349555
281,148436_fnca,0.010040625828449879,0.9999999992591793,-44.53781475407697,0.010009506167812904,0.9999999996961558,-49.223738724606115,Procedural,4.685923970529146
282,192641_fnca,0.010041356826186015,0.9999999998847986,-43.69557285241688,0.010029424798650918,0.9999999983409378,-43.91679432352265,Procedural,0.22122147110577117
283,200513_fnca,0.023212485117066844,0.10148657817263813,-42.73834964396484,0.010000001169429566,0.9381928337396379,-43.135396409195494,Procedural,0.3970467652306553
284,908860_fnca,0.5506354878585487,0.13347010263283554,-98.25168515589736,0.010000001135666944,0.9943012238709441,-42.26412193679085,Declarative,-55.98756321910651
285,141119_fnca,0.010606975953738492,0.14488690565149476,-43.18793162362656,0.754820845093354,0.9999999999998371,-42.14619900771142,Declarative,-1.0417326159151443
286,826353_fnca,0.6483453324931515,0.18364095721229104,-99.97227386118176,0.04672360289620817,0.9999999997111165,-47.86075055358891,Declarative,-52.111523307592854
287,158338_fnca,0.010042525763324041,0.9999999996687925,-44.37455216433917,0.010000560456219124,0.9999999984109742,-44.67623840331879,Procedural,0.3016862389796202
288,220721_fnca,0.01004306773923316,0.9999999996059455,-44.37864084930025,0.010037267388136442,0.9999999983307587,-45.21556712407726,Procedural,0.8369262747770136
289,668361_fnca,0.10564128158686285,0.25086049879134276,-34.794576155935935,0.15903478707684796,0.8721307555430977,-39.506411578604684,Procedural,4.711835422668749
290,140925_fnca,1.0968891596748702,0.9999999986230323,-42.315346792753544,0.47857168330506383,0.9999999999998531,-46.0944481114063,Procedural,3.7791013186527564
291,387959_fnca,0.010040150673171249,0.9999999992110494,-43.89895063668715,0.4690775618432929,0.9999999999999191,-47.668934785575196,Procedural,3.7699841488880494
292,130518_fnca,0.010041367442514841,0.9999999994784191,-44.3710055657657,0.01000000044475813,0.999982783291765,-44.67494411583268,Procedural,0.3039385500669809
293,626648_fnca,0.7431246836271447,0.9999993127888196,-39.85333829847376,0.010021085942492517,0.9999999999263063,-44.295204326103885,Procedural,4.441866027630127
294,280941_fnca,0.01061351061985798,0.20226706307662767,-43.71628541123799,0.010028346242569538,0.9999999984691755,-44.37623248933335,Procedural,0.6599470780953567
295,108121_fnca,0.010040195392379391,0.9999999991778489,-44.457613408424095,0.010031440922145534,0.9999999998844277,-48.476811052085864,Procedural,4.019197643661769
296,346945_fnca,0.010042663687919149,0.9999999994114326,-44.41604480496304,0.010020457975230587,0.9999999997408182,-49.408037386488544,Procedural,4.991992581525501
297,308129_fnca,0.010040328189230101,0.9999999988777075,-44.77416787876253,0.010024123146824118,0.9999999995600679,-55.86788843794353,Procedural,11.093720559180994
298,671855_fnca,0.010039695229692917,0.9999999989437738,-44.5513767565637,0.01002440634373828,0.9999999996750139,-49.93384323702856,Procedural,5.382466480464863
299,187547_fnca,0.2499184678994906,0.2390994788413419,-32.2062953479815,0.5811837741834454,0.6489477392590407,-35.78402656844491,Procedural,3.5777312204634057
300,193441_fnca,0.010040358527474124,0.999999999348134,-43.93252867978146,0.010048982381018272,0.9999999999999063,-50.49880749889059,Procedural,6.5662788191091295
301,154835_fnca,0.021009129570969613,0.09538334064687551,-40.1823233921106,0.010015909683097601,0.9999999993893234,-41.52102033018225,Procedural,1.3386969380716565
302,127731_fnca,0.3875230705789057,0.36441062887091125,-34.744387689776715,0.780673515459731,0.9999999997297143,-37.793320954865266,Procedural,3.04893326508855
303,299760_fnca,0.7274440975997897,0.4516336527157596,-32.00551918053178,0.010018967645794347,0.9999999983815483,-40.26040124361879,Procedural,8.25488206308701
304,904044_fnca,0.010040526763530816,0.9999999993091471,-44.5202993441713,0.010019164247438662,0.9999999998050697,-49.59334519730285,Procedural,5.073045853131553
305,237334_fnca,0.3153060118513045,0.16857872371306645,-25.67768076848909,0.574412804089452,0.9999999996366193,-40.273529841210525,Procedural,14.595849072721435
306,140319_fnca,0.3850469012288984,0.9999999997413238,-41.26662678952152,0.6937939545471561,0.9999999999999599,-42.37268065983736,Procedural,1.10605387031584
307,159138_fnca,0.01004679633416548,0.9999999984911044,-43.748268181871595,0.010034642551929365,0.9999999998714396,-46.58164008631265,Procedural,2.8333719044410586
308,709551_fnca,0.010040952523553259,0.9999999994801356,-44.4446288858537,0.010020367402843252,0.9999999998172138,-48.399820495883915,Procedural,3.9551916100302122
309,155635_fnca,0.010040959225805198,0.9999999994883757,-43.71641982333109,0.010020320393070608,0.9999999997956622,-44.7757379610346,Procedural,1.0593181377035137
310,756055_fnca,0.010000001867169884,0.09934182264122883,-42.886169484551814,0.01001704687233346,0.9999999984744457,-43.58618292457983,Procedural,0.700013440028016
311,185038_fnca,0.01004294192358264,0.9999999999831275,-44.36966734972243,0.010001805756939475,0.9999999991737032,-44.775419238066625,Procedural,0.4057518883441986
312,206828_fnca,0.010046430017455997,0.9999999992360659,-43.69912411239376,0.010020947087129646,0.9999999984573243,-44.30288482262624,Procedural,0.6037607102324785
313,683256_fnca,0.34323643874066007,0.9999688680271831,-43.3815320108124,0.6935158914310572,0.9999999999998781,-47.497447372632806,Procedural,4.115915361820406
314,105115_fnca,0.011833644395757792,0.009892049109253764,-15.417288034309747,0.010018430499068916,0.9999999999559168,-46.01912233255893,Procedural,30.60183429824918
315,389357_fnca,0.2999678362496311,0.9999999997879081,-41.13324869194891,0.755676686784948,0.9999999994937595,-40.262149996301495,Declarative,-0.8710986956474116
316,143325_fnca,0.010041167528298298,0.9999999994936792,-43.01689116499884,0.010023232577370469,0.9999999998144988,-44.05677477361558,Procedural,1.0398836086167407
317,576255_fnca,0.010041034089446687,0.9999999994949504,-44.41867253622867,0.010015394147550203,0.9999999996458446,-46.07232348648973,Procedural,1.65365095026106
318,146432_fnca,0.011012204152652881,0.6330339385218393,-42.2598071207072,0.010030140018596744,0.999999999874411,-44.35783408706196,Procedural,2.098026966354759
319,672756_fnca,0.0586874646416235,0.26574447619299446,-42.23996758427596,0.01000000155745867,0.6431301776519882,-40.90867089155791,Declarative,-1.3312966927180483
320,145834_fnca,0.010000000001880926,0.052613932264382504,-40.92327955959564,0.010000001443651345,0.9359529892484207,-41.5085921674434,Procedural,0.5853126078477615
321,202113_fnca,0.09163585413868398,0.037820713205984687,-11.107347009144222,0.010000000799686638,0.18936746440511967,-20.58636137014371,Procedural,9.479014360999487
322,189349_fnca,0.010046223544789174,0.9999999992175178,-44.44364357227702,0.010008723291628866,0.9999999998077228,-47.4430261170518,Procedural,2.9993825447747824
323,123420_fnca,0.010000001583786217,0.1435557759458428,-43.36538360474592,0.010000481741873003,0.9999999984007206,-44.122291432663836,Procedural,0.7569078279179138
324,275645_fnca,0.43256821200773204,0.745833060912226,-39.827639896172265,0.47704595699499763,0.999985909637313,-42.239511217248264,Procedural,2.411871321075999
325,894067_fnca,0.010037241186938432,0.9999999995258221,-44.43400886514906,0.010031984622162475,0.9999999994987433,-46.57960622448741,Procedural,2.145597359338346
326,856968_fnca,0.010046746815751033,0.999999998560668,-44.46265176943349,0.35712971183819464,0.9999999999999198,-46.030583812735735,Procedural,1.5679320433022426
327,622236_fnca,0.0103108002213482,0.16260890348224705,-44.17521497360529,0.010000935807309569,0.9999999983651328,-44.982239736926985,Procedural,0.8070247633216923
328,599065_fnca,0.01004037852023202,0.9999999994668487,-44.44738723153889,0.01000262891021224,0.9999999997981358,-47.58344732596166,Procedural,3.136060094422767
329,424939_fnca,0.010042838650699493,0.9999999993995108,-44.37935457191744,0.01001965070090045,0.9999999984489871,-45.54063333483182,Procedural,1.1612787629143781
330,580751_fnca,0.010042110329467198,0.9999999995073692,-43.6945300473234,0.01001830265904651,0.9999999998822143,-45.939751173753706,Procedural,2.245221126430309
331,186141_fnca,0.010040516146588244,0.9999999990910612,-44.380670669143086,0.010009741074741438,0.9999999999935061,-47.209744542156464,Procedural,2.829073873013378
332,113215_fnca,0.01004040368863461,0.9999999995677644,-43.862782582654354,0.0100168423114365,0.9999999994990137,-48.08883337871606,Procedural,4.226050796061706
333,132118_fnca,0.6944188546776343,0.9999691654924198,-39.45265737628885,0.8546337555763345,0.999994228138311,-39.02624797389701,Declarative,-0.42640940239184033
334,888678_fnca,0.37939886269214806,0.4892622347580527,-36.83925185357183,0.6915777902539437,0.9999999999947956,-39.787312126287446,Procedural,2.9480602727156153
335,191942_fnca,0.014806586169175445,0.09956408469015472,-42.71226968802657,0.010013785209347717,0.9999999995009353,-42.47688511096939,Declarative,-0.2353845770571823
336,284646_fnca,0.010041073693979451,0.9999999992962119,-43.75692766858111,0.01002355226639438,0.9999999996618266,-45.23928971327284,Procedural,1.482362044691726
337,246133_fnca,0.01000000172742194,0.9313089036242518,-43.66002105061078,0.01002370109113805,0.999999999825212,-45.412592665880084,Procedural,1.7525716152693036
338,368753_fnca,0.010040986047812504,0.9999999992698099,-44.42613941465324,0.010001738472391473,0.9999999998133663,-46.35944478112107,Procedural,1.9333053664678275
339,217429_fnca,0.010040451973637789,0.9999999995495276,-44.429518312599676,0.010023014604664189,0.9999999998177165,-47.15987561499721,Procedural,2.730357302397536
340,208226_fnca,0.010046683395722197,0.9999999984870072,-43.68252676318997,0.010037281338531078,0.9999999984663287,-44.722091635267674,Procedural,1.0395648720777046
341,555348_fnca,0.010000001603860404,0.12760233541251817,-44.131535958406324,0.010004175887048624,0.9999999992331527,-43.77304235543734,Declarative,-0.35849360296898425
342,825553_fnca,0.24574103996369975,0.9696047005873014,-44.085543712367304,0.412356187033767,0.7764222090104442,-43.64407176966689,Declarative,-0.44147194270041723
343,917255_fnca,0.055643413736525,0.9999836558540329,-43.5548117800126,0.3463904205652245,0.9999999999591435,-43.30950700436482,Declarative,-0.24530477564778153
344,131722_fnca,0.010032344859487969,0.9999999990219015,-43.744344708223984,0.010027787273878425,0.9999999998038706,-47.96893486748442,Procedural,4.224590159260437
345,122620_fnca,0.010000002181921697,0.42451382629540557,-44.33866772970296,0.01001044767374198,0.999999999785364,-47.24252005512397,Procedural,2.9038523254210062
346,129129_fnca,0.01004356309067353,0.9999999998014955,-42.30476070126921,0.01002090300159432,0.9999999984558652,-43.49088911241451,Procedural,1.1861284111452974
347,562345_fnca,0.010000002197561855,0.23797101811644195,-44.33084856267261,0.01000272918714296,0.9999999993264608,-44.65111500075454,Procedural,0.32026643808193
348,680250_fnca,0.4706958509600661,0.9999830010393468,-42.08290113218939,0.4370032868441286,0.9999958372380594,-42.9171301136093,Procedural,0.834228981419912
349,130922_fnca,0.010043172990713875,0.9999999996705989,-42.991364904633016,0.010034010027387484,0.9999999996743971,-45.12764872364093,Procedural,2.1362838190079145
350,182840_fnca,0.29842853378913653,0.8791925663274319,-42.27117865012729,0.31735492803309295,0.6571160447532378,-41.74696038429126,Declarative,-0.5242182658360264
351,166640_fnca,0.010040655520910031,0.9999999992709067,-44.463360738438745,0.010021046559750888,0.9999999999998876,-47.13355600202036,Procedural,2.6701952635816184
352,125222_fnca,0.010040679141529835,0.9999999997178802,-44.40163557382763,0.010024348052021053,0.9999999996831297,-46.456452092320106,Procedural,2.0548165184924727
353,144731_fnca,0.010040507173372407,0.99999999928906,-44.67031774551762,0.010016953147368748,0.9999999997377912,-52.29429588767036,Procedural,7.623978142152737
354,667056_fnca,0.010041333100291835,0.9999999995265332,-44.418846354652366,0.5009113090437147,0.9999999998009772,-47.478777619738956,Procedural,3.0599312650865897
355,118730_fnca,0.3183057696886713,0.239422208951448,-30.890920924383895,0.7328596405458649,0.9999904529924754,-40.79501957180288,Procedural,9.904098647418987
356,194645_fnca,0.7493810791679462,0.42735179188338634,-78.64948463062326,0.01000000069563774,0.999986435840346,-45.13600742530488,Declarative,-33.51347720531838
357,211114_fnca,0.01000000163095628,0.10458216496588713,-42.016660473365455,0.010017199925718694,0.9999999998713123,-43.9949840345242,Procedural,1.9783235611587457
358,200210_fnca,0.0100257927498842,0.9999999989238872,-44.79399969802495,0.010033779633276722,0.9999999992391111,-57.15121300581698,Procedural,12.35721330779203
359,227533_fnca,0.010000000014599294,0.023808466643257812,-35.92651409727004,0.04729621812589249,0.6983412658552912,-40.944814419771774,Procedural,5.018300322501737
360,118225_fnca,0.010043661103777012,0.9999999996393277,-44.38862887674494,0.010003603959618036,0.9999999997790986,-45.33288526243309,Procedural,0.9442563856881492
361,660951_fnca,0.010041320688709375,0.9999999989755618,-43.69946381450861,0.010017347143475247,0.9999999999510809,-45.00509576431298,Procedural,1.305631949804372
362,249947_fnca,0.010041629655141038,0.9999999990520052,-44.401968815721254,0.02672583035990749,0.9999999999999075,-46.34872100759815,Procedural,1.9467521918768966
363,589567_fnca,0.010000002022033105,0.15557314273181813,-44.31286098427654,0.010031835421626145,0.9999999983307587,-44.67054793040262,Procedural,0.3576869461260799
364,159441_fnca,0.010040403993704507,0.9999999992034095,-44.48622966828579,0.010033303397348639,0.9999999998808616,-48.76427321089809,Procedural,4.278043542612302
365,300719_fnca,0.010040889170805709,0.9999999995517879,-44.46725833101705,0.010019408016260617,0.9999999996872639,-48.13830754799432,Procedural,3.6710492169772735
366,727654_fnca,0.01004091206659043,0.9999999997187303,-44.4030160737306,0.010039678937417487,0.9999999991643099,-44.918386100791,Procedural,0.5153700270603991
367,210617_fnca,0.010040625716778055,0.9999999995445801,-44.460842466551064,0.010041447317907792,0.9999999999998926,-47.40191743756532,Procedural,2.9410749710142525
368,175742_fnca,0.01003698732812981,0.9999999995461594,-43.82470986768927,0.4159746301332322,0.999999999999902,-48.344889666962594,Procedural,4.520179799273322
369,167440_fnca,0.010231894414850817,0.09038906929219291,-43.24051622848259,0.01003901749562296,0.9999999986618965,-43.402947890208374,Procedural,0.16243166172578327
370,814649_fnca,0.011172834659850672,0.09037675719977441,-43.91351923055241,0.010000001718290392,0.9735959844820677,-43.8619724096649,Declarative,-0.05154682088750917
371,679770_fnca,0.0105028447030633,0.13896244326530455,-43.14946733398376,0.010043557328153336,0.9999999983502252,-43.00827032149165,Declarative,-0.14119701249210692
372,106016_fnca,0.01004042833835369,0.9999999989444319,-44.61438179399576,0.010020084336210638,0.9999999996946685,-49.829712802219774,Procedural,5.2153310082240125
373,176744_fnca,0.010540727463278702,0.4366118980714282,-44.34667273533667,0.01001658389373192,0.9999999994517187,-45.53272792361014,Procedural,1.1860551882734711
374,647858_fnca,0.01004334736722671,0.9999999996210264,-44.39268727154344,0.2528413232534847,0.9999999999999204,-45.7209023192216,Procedural,1.3282150476781638
375,573451_fnca,0.6287173612247554,0.9999999984915312,-41.08049058686179,0.010000001132685043,0.9440378658313114,-41.7685048854505,Procedural,0.6880142985887048
376,195445_fnca,0.01004034371274936,0.9999999989322452,-44.61049936589188,0.010019252967759643,0.9999999996981223,-50.238549883996164,Procedural,5.628050518104281
377,119025_fnca,0.01000000295266154,0.15345117376459888,-44.155453116291966,0.010034112122961866,0.9999999991476264,-46.88691818479067,Procedural,2.731465068498707
378,146937_fnca,0.010041395815098556,0.9999999995177483,-44.41872217875646,0.010020810227179726,0.9999999997958358,-46.020923103512246,Procedural,1.6022009247557847
379,524135_fnca,0.010046381430359663,0.9999999992675227,-43.82823584705919,0.010028271180265924,0.9999999998833438,-49.087214035393266,Procedural,5.258978188334076
380,134425_fnca,0.010000059607104712,0.0821592781788002,-44.09572471089063,0.010031250905789213,0.9999999983104065,-44.66675634474198,Procedural,0.5710316338513479
381,872562_fnca,0.056970722466426336,0.2919769738174174,-42.01457931557271,0.010046420955980344,0.9999999991532333,-42.811142779684914,Procedural,0.7965634641122037
382,912447_fnca,0.010043690854484661,0.9999999997624016,-44.38674862866738,0.01001770237819636,0.9999999999501249,-46.45226033652068,Procedural,2.065511707853304
383,147737_fnca,0.012430892942175671,0.2746312377843896,-43.63542487110459,0.20787490616581045,0.9999999999998405,-44.366326443427276,Procedural,0.7309015723226864
384,172029_fnca,0.019609447244752814,0.10348536497366788,-41.37114473397884,0.24281500225235916,0.999999999999978,-42.42046867576989,Procedural,1.0493239417910516
385,123925_fnca,0.010045845008069338,0.9999999991411237,-44.448377992817626,0.010019617351565502,0.9999999998081357,-48.64468790108782,Procedural,4.1963099082701945
386,871964_fnca,0.01032356082287248,0.007364060963768119,-15.950001275437932,0.010000001242978899,0.9003398751217714,-42.39251663187369,Procedural,26.442515356435756
387,153631_fnca,0.010000001657566341,0.5037625921872256,-43.659266903775745,0.010002274621980235,0.9999999984835936,-44.717713219296215,Procedural,1.0584463155204702
388,211417_fnca,0.010043991184093085,0.9999999997695975,-44.38532521258642,0.010023841035944468,0.9999999997910534,-46.21220243286931,Procedural,1.8268772202828885
389,121719_fnca,0.010046583916873748,0.999999998545661,-43.03131398590847,0.010012359703665579,0.9999999997072572,-45.68683146114625,Procedural,2.6555174752377795
390,173839_fnca,0.011163547262867845,0.09669668832632536,-43.75875861478091,0.14308917241901806,0.9999999999999164,-44.67144507770057,Procedural,0.9126864629196589
391,143426_fnca,0.01004091312752171,0.9999999995678782,-44.432182504675566,0.010033298073379241,0.9999999996719456,-48.57774322117458,Procedural,4.145560716499013
392,210011_fnca,0.011076064373160789,0.310554436296059,-44.26366850502416,0.010002302117324427,0.9999999984262586,-44.814922313093234,Procedural,0.5512538080690774
393,285345_fnca,0.01032043337251996,0.10906094416040843,-44.08378131409393,0.010029212498168618,0.9999999984086853,-44.854119319945774,Procedural,0.7703380058518405
394,146331_fnca,0.010749464048181542,0.5750683373812403,-44.35031660048398,0.010001051039355799,0.9999999984003063,-44.67201311646769,Procedural,0.3216965159837102
395,378857_fnca,0.010260881627239201,0.11452361303600798,-43.354250333792535,0.5604273019032764,0.9999999999998315,-43.73431245704425,Procedural,0.3800621232517116
396,852455_fnca,0.26000140932272914,0.11984948165010643,-20.26087439845921,0.010002251324836928,0.41233856441072503,-31.480758049230012,Procedural,11.2198836507708
397,143830_fnca,0.010003213369505106,0.05476493278279142,-42.80276714081828,0.01000000088939794,0.9999941212888062,-44.03177551834492,Procedural,1.2290083775266396
398,178849_fnca,0.010046571077187377,0.9999999985329903,-44.45983765703864,0.010019018355017593,0.9999999998789166,-48.340174597715375,Procedural,3.8803369406767345
399,196750_fnca,0.010000002621112041,0.20501790783274038,-42.06403193232204,0.010032750140078634,0.9999999994523574,-45.13086186073382,Procedural,3.066829928411785
400,901139_fnca,0.01004327660073433,0.9999999997037701,-44.42143727537363,0.010037718168499986,0.9999999998793734,-48.57523584388262,Procedural,4.153798568508996
401,700634_fnca,0.663645857240173,0.44730831956505385,-32.35513267950103,0.7697397187737138,0.6192410985431638,-34.419282067863215,Procedural,2.064149388362182
402,887373_fnca,0.24535833419569467,0.8102606243591963,-43.22638976690939,0.15633776176461003,0.9999999999999176,-45.21200363527395,Procedural,1.9856138683645597
403,103111_fnca,0.010040639800357465,0.9999999994533538,-44.47227530719285,0.010014854265378462,0.9999999994491702,-47.7540408422581,Procedural,3.2817655350652473
404,148840_fnca,0.010040451954615745,0.9999999991139125,-44.37259872907156,0.01001652456868082,0.9999999999225604,-46.33203558848897,Procedural,1.9594368594174085
405,176441_fnca,0.010041186438770637,0.9999999995084754,-43.72740854702187,0.010024558607663242,0.9999999996780636,-48.4559440387128,Procedural,4.728535491690934
406,657659_fnca,0.3160003025548915,0.5622045011620576,-39.63938821204959,0.010203545363463115,0.5335668670549298,-42.14500423038725,Procedural,2.505616018337662
407,379657_fnca,0.010988852724432558,0.1470484430170138,-43.9123801404059,1.141962057577732,0.9999999998313661,-39.22705416665427,Declarative,-4.685325973751631
408,957974_fnca,0.010000001332341548,0.2582439711781067,-44.16339585080543,0.010034981103801603,0.999999999812479,-47.18940744293051,Procedural,3.02601159212508
409,792564_fnca,0.01004051693640135,0.9999999997114706,-44.400066399802306,0.010000000451893257,0.9999812929165818,-44.8998431758274,Procedural,0.49977677602509374
410,549757_fnca,0.010041013853964597,0.9999999996984688,-44.38012430888538,0.010030290186109327,0.9999999999109418,-44.14674047579825,Declarative,-0.23338383308713162
411,177342_fnca,0.010041114558332922,0.9999999994871417,-44.428477412279875,0.010029805472804252,0.9999999995060345,-45.32517753155443,Procedural,0.8967001192745556
412,212217_fnca,0.010000002537720805,0.11006830949297464,-41.93165375715441,0.01002849857049227,0.9999999984200588,-42.65926528648233,Procedural,0.7276115293279233
413,316835_fnca,0.010032741003007373,0.9999999993510805,-44.50726258890121,0.0100264140489533,0.9999999994444149,-47.78585362281267,Procedural,3.2785910339114537
414,125424_fnca,0.015959019041637382,0.97852794862442,-44.33273698911922,0.457478745436596,0.9999999999998964,-45.80110398812234,Procedural,1.4683669990031234
415,150524_fnca,0.010039578192325219,0.9999999998887188,-43.68912051907498,0.6858009035424688,0.9999999999998544,-44.10268694072704,Procedural,0.4135664216520567
416,828862_fnca,0.010040484156345559,0.9999999995239527,-43.740521864312576,0.010011581547290396,0.999999999785573,-46.16750997843897,Procedural,2.426988114126395
417,360030_fnca,0.010040641457082167,0.9999999996684479,-44.41980339389678,0.010011090212257602,0.9999999997906066,-46.68014423515135,Procedural,2.2603408412545747
418,104416_fnca,0.010040476782004515,0.9999999995766332,-44.50834403997303,0.01001871004131416,0.9999999996891092,-48.30310037453616,Procedural,3.794756334563125
419,153934_fnca,0.010041160977935077,0.999999999658218,-44.40238304297982,0.010020169930377534,0.9999999998827233,-46.365938108473344,Procedural,1.963555065493523
420,406432_fnca,0.5379196036982098,0.4485513768436813,-34.107357397205405,0.6634273635582829,0.7526926151051034,-37.411957204408104,Procedural,3.304599807202699
421,930449_fnca,0.012810472003930854,0.22625247592241562,-44.19478587251031,0.010016990719080479,0.9999999996532496,-44.05696102103543,Declarative,-0.13782485147488188
422,197550_fnca,0.2942538026479857,0.5113468884382767,-37.75428226562153,0.5984001094501394,0.8259864159555698,-37.58189845188258,Declarative,-0.1723838137389464
423,102311_fnca,0.010041342205288059,0.9999999996966009,-44.47186985548326,0.0100034371201718,0.9999999994432033,-48.50028955962403,Procedural,4.0284197041407666
424,199958_fnca,0.012096842022711581,0.10022813518340269,-43.543202762806416,0.488260642403092,0.9999955106741313,-43.35677469220823,Declarative,-0.18642807059818267
425,134223_fnca,0.010000002254889402,0.2504616995027091,-44.174422491906135,0.010018366676030833,0.9999999998370755,-48.45409527969114,Procedural,4.279672787785003
426,580044_fnca,0.4034522654994929,0.9999870680755455,-43.260027124309076,0.9467428934045713,0.9999967079238392,-41.986080796648366,Declarative,-1.2739463276607097
427,303119_fnca,1.2862931757042473,0.9999993742939868,-66.42969783728904,0.12452422781194292,0.5124715646988306,-47.687135330931824,Declarative,-18.742562506357217
428,530635_fnca,0.010040522294084258,0.9999999990649096,-43.684368756008986,0.010031920870199211,0.9999999998840416,-45.562343581231595,Procedural,1.8779748252226085
429,870861_fnca,0.010040883393526726,0.9999999990006156,-43.67109245623673,0.010000000444469857,0.9999892984803024,-44.02046660149795,Procedural,0.3493741452612227
430,562446_fnca,0.02390861292083313,0.09648812474753532,-41.834007278334326,0.2364907302160981,0.9999959359464146,-43.59043024446773,Procedural,1.7564229661334068
431,162228_fnca,0.010042807471963929,0.9999999994026719,-44.38658296292926,0.010034745916801086,0.9999999991920963,-44.99444471953353,Procedural,0.6078617566042723
432,213017_fnca,0.010040312408422502,0.9999999991909221,-44.452214250183154,0.010031087302550487,0.9999999997100273,-48.053870820586866,Procedural,3.601656570403712
433,835657_fnca,0.011117553320397308,0.22099551558764385,-43.57942987028549,0.29312176722648636,0.9999999999998513,-43.45511637431754,Declarative,-0.12431349596794661
434,569965_fnca,0.010000002325012882,0.33259480317695755,-42.93851073648921,0.010017521300980324,0.9999999999207834,-43.374082169702675,Procedural,0.43557143321346814
435,164939_fnca,0.010000001559759393,0.17615588110404698,-44.27057730242174,0.010035661061029561,0.9999999983307587,-44.364627234543114,Procedural,0.09404993212137214
436,159744_fnca,0.010040627659637752,0.999999999462741,-44.4056557370516,0.010040149765985164,0.9999999984427174,-45.77755707814816,Procedural,1.3719013410965601
437,461743_fnca,0.010040553980780848,0.9999999990387393,-44.3892160512076,0.010008123177133111,0.9999999998824398,-48.78447884150806,Procedural,4.395262790300464
438,350330_fnca,0.010037907774417962,0.9999999986745594,-44.380160619828736,0.010013539682047356,0.9999999990476713,-45.602898926836964,Procedural,1.2227383070082283
439,104820_fnca,0.010092404541458383,0.33959914451906087,-44.33501864397406,0.010003006583277524,0.9999999992965797,-44.074261632382886,Declarative,-0.26075701159117415
440,134829_fnca,0.010041161683308068,0.9999999989857049,-44.378512003437386,0.010019513967799706,0.9999999999998852,-46.74531837097551,Procedural,2.366806367538125
441,385046_fnca,0.010000002818472143,0.11562053377199956,-42.561373555148016,0.010020484192155532,0.9999999999728634,-45.789762929446916,Procedural,3.2283893742988994
442,199352_fnca,0.010040912981169001,0.9999999996474399,-44.39105751663533,0.010000000908782456,0.9999989511978316,-44.523547133699886,Procedural,0.1324896170645573
443,213522_fnca,0.010000001866542655,0.25734429970127665,-44.12467896279711,0.010004058257520801,0.9999999998683673,-46.070451001983784,Procedural,1.9457720391866715
444,114318_fnca,0.01004357029296649,0.9999999997984218,-44.374167609363326,0.010045775773525924,0.9999999984162623,-45.0001276890441,Procedural,0.6259600796807732
445,138332_fnca,0.010040430132674484,0.9999999994373019,-44.75497257733467,0.010021123473352243,0.9999999992414503,-54.835262029688,Procedural,10.080289452353334
446,117021_fnca,0.010728637814155962,0.16130707634657362,-43.917473295210655,0.3033868534469463,0.9999999999998782,-43.595594578917144,Declarative,-0.3218787162935115
447,195849_fnca,0.010041413201483896,0.9999999995256008,-43.72726878875363,0.01001776470865013,0.999999999954262,-45.57422459010041,Procedural,1.8469558013467733
448,135629_fnca,0.5511905601669195,0.5647625642347819,-36.84009511741777,0.72644629693434,0.9999999995858189,-41.1678131926198,Procedural,4.327718075202036
449,169444_fnca,0.011871715843875572,0.11326913510079493,-44.09552497115098,0.010000000895085634,0.9999940183332058,-44.131959885901026,Procedural,0.03643491475004623
450,545345_fnca,0.010041010631733559,0.9999999995057747,-44.443205707359475,0.010012947315387983,0.9999999996968051,-47.63822307417073,Procedural,3.195017366811257
451,198451_fnca,0.010037986654757079,0.99999999870268,-44.39817787935094,0.010036942411061458,0.9999999999998748,-45.70843815176792,Procedural,1.3102602724169827
452,706040_fnca,0.010039220301202727,0.9999999984194395,-43.67487683314923,0.010041515562948976,0.9999999984255422,-44.47888964262637,Procedural,0.8040128094771433
453,161832_fnca,0.018026979095543696,0.10102579343474458,-39.49097701885117,0.37348927616073424,0.9428793465047826,-39.80667583132627,Procedural,0.3156988124750981
454,105620_fnca,0.010042258302945346,0.9999999994429722,-43.01616585756033,0.01004405662323132,0.9999999984492765,-44.21927300621045,Procedural,1.203107148650119
455,479762_fnca,0.010409066894856107,0.13626589341849482,-42.50495019505433,0.01003412549843943,0.9999999984161139,-42.26805111917525,Declarative,-0.2368990758790801
456,173233_fnca,0.010000002130647041,0.2615457664782807,-43.65032995083632,0.01001488831315947,0.9999999994672091,-46.51396750450622,Procedural,2.8636375536698964
457,519647_fnca,0.010040366194719139,0.9999999989112942,-44.4663552271045,0.01002233971636219,0.9999999998206476,-47.017395464982904,Procedural,2.5510402378784036
458,656253_fnca,0.010041271998266914,0.9999999995429633,-44.45218579875658,0.010002417621133578,0.9999999984769651,-45.378724526475416,Procedural,0.9265387277188353
459,178243_fnca,0.010000002882501139,0.2010448726252721,-44.303454822226996,0.010042778007879498,0.999999998449225,-45.23289771298654,Procedural,0.929442890759546
460,116221_fnca,0.010040848613182213,0.999999999243604,-44.47921348981557,0.010012593851596698,0.9999999996907095,-47.10554218660622,Procedural,2.626328696790651
461,978578_fnca,0.011009753437972732,0.16965581940239097,-43.4633605722583,0.8579103819884334,0.9999999999998215,-41.9959758081993,Declarative,-1.4673847640590054
462,933253_fnca,0.010040683065004373,0.9999999994596388,-44.431742205840585,0.010025983381136661,0.9999999984846907,-46.58264173158088,Procedural,2.150899525740293
463,115724_fnca,1.2257872961695697,0.7126858200161633,-32.190588321246146,1.7510845769141832,0.9999894772530867,-31.14813874350068,Declarative,-1.0424495777454652
464,922854_fnca,0.01000000263933965,0.11605125559145993,-44.00911437367019,0.010016907589483414,0.9999999998720156,-45.044585379222674,Procedural,1.0354710055524876
465,567961_fnca,0.010040497819466825,0.9999999989131233,-43.793713300908685,0.010028093288984186,0.9999999994870765,-46.25720543098143,Procedural,2.463492130072744
466,138534_fnca,0.010045233177635872,0.9999999990641306,-44.37913332168449,0.010015246576338803,0.9999999998011472,-45.544855849640605,Procedural,1.1657225279561132
467,465852_fnca,0.010039994812061238,0.999999999161443,-44.65209592500391,0.01002836124307441,0.9999999995204781,-50.271998584539496,Procedural,5.619902659535583
468,789373_fnca,0.01004280720893445,0.9999999994002994,-44.39527274199981,0.0100152908830142,0.9999999999303159,-46.41206202535737,Procedural,2.0167892833575607
469,182436_fnca,0.2771156640071873,0.42682663081271366,-41.682537272246826,1.0915303857385632,0.9999865359072759,-40.9034100792176,Declarative,-0.7791271930292254
470,601127_fnca,0.010043400919550177,0.9999999996808695,-44.45825092789826,0.010019392274278878,0.9999999995480622,-51.00430747573438,Procedural,6.546056547836116
471,171330_fnca,0.01091072193491736,0.13188128900881554,-43.733255433035346,0.4029591723468482,0.862398888534571,-41.99731559243014,Declarative,-1.7359398406052051
472,654350_fnca,0.010046824106174518,0.9999999985883347,-44.404471632616485,0.010012523252146428,0.9999999998660712,-45.343708411020245,Procedural,0.9392367784037603
473,414229_fnca,0.010040609378752794,0.9999999995498104,-44.45385420177728,0.010019935103330393,0.9999999998102856,-49.67800220295448,Procedural,5.224148001177198
474,211821_fnca,0.010052539274965012,0.9999999992456039,-44.65620942737785,0.0100358098170929,0.9999999995238537,-54.624555078951225,Procedural,9.968345651573372
475,633847_fnca,0.010041946443909265,0.9999999993255966,-44.35012130382952,0.010009158757395296,0.9999999999889024,-46.26582291497327,Procedural,1.9157016111437528
476,520228_fnca,0.010000002842565971,0.3684250190610044,-44.32581217053885,0.010029108766055176,0.9999999997998699,-46.29558898239912,Procedural,1.9697768118602639
477,172635_fnca,0.010028436197142152,0.9999999988349354,-44.358305558668846,0.010029415094726523,0.9999999998354482,-48.20144047751073,Procedural,3.8431349188418835
478,675661_fnca,0.7535517857622295,0.9999999999694,-41.67401147837077,0.9404489725539547,0.9999999999328257,-42.23207928059635,Procedural,0.5580678022255796
479,150928_fnca,0.010040517955808034,0.9999999989158066,-44.9228399922451,0.01002443379302337,0.9999999988571683,-58.71523838950419,Procedural,13.792398397259085
480,179346_fnca,0.010040997895946988,0.9999999992887182,-44.46235532721383,0.010031113278040888,0.9999999995449,-46.181146399494416,Procedural,1.7187910722805881
481,171633_fnca,0.010041152526195701,0.9999999995067826,-44.47513734855214,0.010027008674651132,0.9999999984737283,-47.16283569119553,Procedural,2.687698342643394
482,120515_fnca,0.010204189492275667,0.21363720755338156,-44.05930441224375,0.010024538274482119,0.9999999997796808,-45.27086281046599,Procedural,1.2115583982222446
483,366042_fnca,0.0100000018339352,0.19525822386459138,-44.264735175953234,0.010000000908779645,0.9999919920135193,-44.23679652017314,Declarative,-0.027938655780097577
484,713239_fnca,0.010058428475003604,0.9999999993539627,-43.99903763692989,0.010020664340301601,0.9999999997493284,-53.830195222382116,Procedural,9.831157585452225
485,356948_fnca,0.2852727932890039,0.9999999985643531,-41.58778521567248,1.00411426094716,0.9999999997957826,-38.1677707722926,Declarative,-3.420014443379884
486,861456_fnca,0.010046609293225995,0.9999999993082768,-41.634205501583985,0.01002420942798323,0.9999999984616128,-42.538982919878606,Procedural,0.9047774182946213
487,395251_fnca,0.6806843320637311,0.5693250751444161,-34.90643597775683,1.2167254902507172,0.9999999998757272,-36.810179202179725,Procedural,1.9037432244228967
488,189450_fnca,0.010039740766378962,0.9999999983917142,-44.56741546061604,0.010018604251218735,0.9999999996803618,-49.323407251432144,Procedural,4.755991790816104
489,151728_fnca,0.44560272427835756,0.9999822922749292,-42.20954985484513,0.23476030213072044,0.9999999999998528,-44.994246739458156,Procedural,2.7846968846130267
490,173435_fnca,0.010034965687639836,0.9999999994579571,-44.39752015800092,0.9100330715105401,0.9999999999998582,-44.78097868223141,Procedural,0.383458524230484
491,117324_fnca,0.486947294452385,0.25980885860475356,-27.545733443985583,1.0820870517688181,0.9999999999627982,-35.38120508755549,Procedural,7.83547164356991
492,536647_fnca,0.013968823044350844,0.09673444670850698,-41.559907463217,0.010045092323998396,0.9999999986285572,-42.250042015111184,Procedural,0.6901345518941824
493,148335_fnca,0.010031423332494826,0.9999999990047023,-44.36362640421176,0.9041385941019191,0.9999999999998765,-43.104168232904506,Declarative,-1.2594581713072515
494,173334_fnca,0.010042935362022045,0.9999999994202533,-43.717611028850676,0.010019201441885995,0.9999999996704225,-45.65126459641716,Procedural,1.9336535675664805
495,204319_fnca,0.24544853242287973,0.9999999997643007,-44.039214879317136,0.010025779683546815,0.9999999992667432,-44.38901868170049,Procedural,0.34980380238335584
496,201818_fnca,0.010040855796853031,0.9999999993319059,-43.75704500920631,0.010017295082746963,0.9999999999326006,-45.80897212559807,Procedural,2.0519271163917594
497,735148_fnca,0.01000000176541295,0.14723759154848037,-44.05312241910418,0.010040882780372615,0.9999999984523844,-45.20578425539109,Procedural,1.15266183628691
498,169040_fnca,0.010041358574191644,0.9999999997267079,-43.70601057098643,0.01000627332383388,0.9999999991451183,-44.62073770216373,Procedural,0.9147271311773011
499,170631_fnca,0.049151901522670176,0.07458816221242226,-23.89042300593744,0.010000001614655795,0.3527620248467081,-29.766708532067227,Procedural,5.876285526129788
500,114823_fnca,0.010575647923822127,0.18155772174870508,-43.66146930027417,0.24129770624858687,0.9999999999998906,-45.18454272247378,Procedural,1.5230734221996087
501,715950_fnca,0.010506146908034057,0.12799060818744054,-43.270440941699505,0.14080748810330687,0.9999999999998367,-43.5133448087677,Procedural,0.24290386706819334
502,142828_fnca,0.010041432681814642,0.999999999457086,-42.9876418191258,0.9040477357933918,0.9999999999998745,-42.9108735454667,Declarative,-0.07676827365909844
503,149337_fnca,0.011773001579934423,0.17655556675642414,-44.186445808939,0.01002383210856368,0.9999999995394462,-44.06251589255483,Declarative,-0.12392991638417072
504,825048_fnca,0.010041496461320982,0.9999999997203519,-43.735296547369444,0.010021816361527066,0.9999999997992687,-45.81960929440353,Procedural,2.084312747034083
505,180432_fnca,0.0100410155002914,0.9999999996734058,-43.709918736080745,0.01002623048805302,0.9999999994387622,-45.145505596051215,Procedural,1.4355868599704706
506,837560_fnca,0.4547331835457045,0.7211239417233438,-39.730119847977846,0.27553720357857164,0.9998435112338857,-41.44035001315532,Procedural,1.710230165177471
507,102109_fnca,0.4162302522122265,0.9999999995597411,-42.45977454875337,0.0647401196404357,0.9999999984140556,-44.34880449048561,Procedural,1.8890299417322396
508,377451_fnca,0.01004047912454372,0.9999999995969254,-44.603848498429606,0.010017876709723872,0.9999999995093105,-49.971374221022316,Procedural,5.36752572259271
509,128632_fnca,0.4777040854841119,0.6977037237664165,-38.662593812520335,0.6523429407292315,0.9999999999999238,-41.233488475593894,Procedural,2.5708946630735596
510,205119_fnca,0.010155627927813013,0.2293082533747447,-44.05395750148224,0.010033308853363333,0.9999999999210935,-46.053366513807454,Procedural,1.9994090123252164
511,293748_fnca,0.010041210719953134,0.9999999995862918,-44.45502255403795,0.010024152119434826,0.9999999996704565,-46.65620579610203,Procedural,2.201183242064076
512,804646_fnca,0.01218683264683505,0.10443334015437983,-43.39081457974938,0.010045942480457808,0.9999999991465157,-43.94868313414626,Procedural,0.557868554396876
513,205725_fnca,0.010041182152360995,0.9999999990044975,-44.36905718826391,0.01003612769694402,0.9999999984745666,-46.17414972681778,Procedural,1.8050925385538719
514,171431_fnca,0.012139118310070885,0.09919234887175532,-42.592317073336254,0.01003464363202551,0.9999999984031328,-43.36209660948648,Procedural,0.7697795361502244
515,115320_fnca,0.010328233836731973,0.13050964282433702,-43.69112177859665,0.010015924713130104,0.9999999983970922,-43.644528143992744,Declarative,-0.04659363460390864
516,984472_fnca,0.010000002515757982,0.1898216541017512,-44.068695334768336,0.010040177735114715,0.9999999984777408,-44.68805205128702,Procedural,0.6193567165186877
517,191235_fnca,0.010041120381063697,0.9999999992917703,-44.47561862597915,0.01002587331311166,0.9999999997133159,-47.18826352902053,Procedural,2.7126449030413795
518,168240_fnca,0.5956239136622895,0.9999999997942746,-41.26298667592807,0.8738288691981833,0.9999894060112827,-40.58117735191231,Declarative,-0.6818093240157594
519,947668_fnca,0.010040470585618555,0.9999999995673936,-44.434593427956955,0.8538911869429697,0.9999999999998713,-45.24621597036181,Procedural,0.8116225424048551
520,656657_fnca,0.01004053786118588,0.9999999993585243,-44.60905694676319,0.010035791318008568,0.9999999997154295,-52.27554036597867,Procedural,7.666483419215481
521,321323_fnca,0.010000000002857296,0.018852073669969605,-60.90519463132452,0.48024514999435514,0.5887253928969006,-47.30268107203119,Declarative,-13.602513559293328
522,173637_fnca,0.2376377604152932,0.9999746210923167,-43.147284769479,0.020872394125123747,0.9999999984657567,-44.98021990430263,Procedural,1.8329351348236287
523,162026_fnca,0.01004133495165674,0.9999999997017693,-44.42495264998109,0.010025899792658024,0.9999999994449957,-45.66368116850443,Procedural,1.2387285185233452
524,146129_fnca,0.32313603314440464,0.13031710336789357,-37.62964939631811,0.6504089490753051,0.37994186066066726,-32.27810147282715,Declarative,-5.351547923490955
525,729254_fnca,0.8987273681727082,0.7389887891956513,-36.19185160389402,1.2691705504139377,0.9999983499362147,-39.551504331438345,Procedural,3.359652727544322
526,157942_fnca,0.010040997430050099,0.9999999992789728,-44.64839660780642,0.010020544665476479,0.9999999995402274,-53.1615936824899,Procedural,8.513197074683482
527,346137_fnca,0.010041115739917382,0.9999999996611901,-44.410009415825535,0.010027466093008076,0.9999999998035531,-47.71462227751463,Procedural,3.304612861689094
528,189652_fnca,0.010033772613440213,0.9999999983307587,-43.68660352442828,0.9389385589233697,0.9999999999998382,-42.17760635238354,Declarative,-1.5089971720447366
529,178647_fnca,0.01093053682501633,0.1218029871644992,-43.91044566718388,0.7880123866323346,0.999993648384245,-42.95136665132644,Declarative,-0.9590790158574407
530,654754_fnca,0.010044522853596255,0.9999999994841942,-44.36926292836632,0.01001985149409249,0.9999999998911427,-45.97114400903706,Procedural,1.6018810806707435
531,199150_fnca,0.010040394442232354,0.9999999992957016,-43.08099497076529,0.01004615545926988,0.9999999984579115,-44.47947947217462,Procedural,1.3984845014093281
532,107018_fnca,0.010040776797388514,0.9999999992735651,-43.07438904460466,0.01001942001050111,0.9999999996577023,-45.01649716581555,Procedural,1.942108121210893
533,123117_fnca,0.16667248404801627,0.4484143243391363,-39.49563786551307,0.4099958584504498,0.9352151922874005,-39.72941007411445,Procedural,0.23377220860137982
534,289555_fnca,0.010000002496910744,0.11974786366704238,-40.47020536520158,0.2607184978420469,0.9999999999999163,-42.12438363841563,Procedural,1.6541782732140504
535,645450_fnca,0.010040489591355931,0.9999999993854469,-44.70396139342481,0.010021212638524337,0.9999999998189315,-52.97298471187399,Procedural,8.269023318449179
536,153429_fnca,0.021775603397173975,0.10248088317440408,-41.302249803209705,0.010020967362927624,0.9999999984422308,-42.96459083350033,Procedural,1.6623410302906265
537,163836_fnca,0.4554102055705626,0.6099588187885279,-39.48328675877407,1.0191197068702045,0.9999988769984754,-40.72770562015427,Procedural,1.244418861380197
538,170934_fnca,0.010040970606101467,0.9999999994880939,-44.41980467471223,0.01003425319488328,0.9999999997842448,-47.380245358643315,Procedural,2.9604406839310826
539,800941_fnca,0.010041322176737344,0.9999999997452342,-43.79864323032351,0.010018318822502797,0.9999999994746832,-47.71783483283753,Procedural,3.9191916025140188
540,198653_fnca,0.010041020980036652,0.9999999992891967,-44.42505438882188,0.010043266103749192,0.9999999984742081,-46.42213343713946,Procedural,1.9970790483175804
541,512835_fnca,0.010040331479023756,0.9999999994186449,-43.669602956422814,0.010000000455580176,0.999982671986831,-43.644351336497145,Declarative,-0.025251619925668933
542,164131_fnca,0.01004355494805801,0.9999999996313986,-43.71498933758848,0.18898003961243817,0.9999999999998848,-46.62969201942459,Procedural,2.9147026818361113
543,679568_fnca,0.010040295103470763,0.9999999995384975,-44.051646840142496,0.010025481278660415,0.9999999999999205,-54.24715919391718,Procedural,10.195512353774681
544,255639_fnca,0.01004097359013602,0.9999999995446471,-44.41927792094697,0.010024856876068742,0.9999999996584985,-45.68096653982527,Procedural,1.2616886188783027
545,770352_fnca,0.5811050785608534,0.9999667595032306,-43.62126602858308,0.010007184609464129,0.9999999995346868,-43.02626648313392,Declarative,-0.5949995454491628
546,106824_fnca,0.010041160554957023,0.9999999996930119,-44.458963064625465,0.010025879122597023,0.9999999997006244,-47.60004842140604,Procedural,3.1410853567805788
547,182032_fnca,0.010000002389475252,0.16053554558153943,-42.227654382685145,0.010018100545548735,0.9999999991272168,-44.245159495247705,Procedural,2.01750511256256
548,983773_fnca,1.1254928802542223,0.9999483281196271,-44.385511061205264,0.010039060914895766,0.9999999995680733,-42.95664416219067,Declarative,-1.4288668990145936
549,694362_fnca,0.011330687306280767,0.11904972049495587,-43.20643823186662,0.4911242017658943,0.9999999996639927,-42.05740039170647,Declarative,-1.1490378401601475
550,623844_fnca,0.34465386267108067,0.9999690426267513,-42.35429014231298,0.7433700230328903,0.9999999999445683,-42.40294055391064,Procedural,0.04865041159765582
551,500222_fnca,0.5197243511040096,0.4858519017245492,-36.20450449831585,0.8335197100115442,0.9999924130871971,-41.19730254527249,Procedural,4.9927980469566435
552,138130_fnca,0.010041038617245757,0.9999999996543321,-43.69691868722172,0.010048284684549226,0.9999999984575343,-44.8600544331063,Procedural,1.1631357458845812
553,161630_fnca,0.0100278567547603,0.9999999991921039,-43.97663704814862,0.010009965624075755,0.9999999997571033,-49.87654179529676,Procedural,5.899904747148142
554,122317_fnca,0.8822921039104028,0.9768682574740079,-36.84694259638391,1.1084278550259805,0.9999999998179462,-34.64086979306827,Declarative,-2.2060728033156423
555,198350_fnca,0.17728362658842114,0.45621645685733414,-39.375700185083296,0.21033624260958558,0.7055322142559154,-39.305765194750855,Declarative,-0.06993499033244177
556,114419_fnca,0.010040245358899517,0.9999999993886419,-44.61666788823978,0.010030636751742223,0.9999999998087252,-50.42887075193539,Procedural,5.81220286369561
557,567759_fnca,0.010041151942804407,0.9999999995045976,-43.80004414613187,0.010018561244433082,0.9999999996779927,-47.50454103050677,Procedural,3.7044968843749047
558,199453_fnca,0.010041438406700468,0.9999999995139981,-44.40686585030923,0.010036390306595954,0.9999999999999014,-46.062053904123175,Procedural,1.6551880538139443
559,160830_fnca,0.010041528910733913,0.9999999998709996,-43.01359508265702,0.7290705910178562,0.9999999999999107,-44.87207843733538,Procedural,1.8584833546783628
560,786569_fnca,0.010190908242924379,0.1464463082296565,-44.11295646159708,0.010020813380251715,0.9999999983410709,-44.21923297884285,Procedural,0.10627651724576737
561,118528_fnca,0.010000002126280222,0.14619434050845617,-44.130504151035204,0.010017266080099757,0.9999999999509515,-45.52769863500833,Procedural,1.3971944839731236
562,510326_fnca,0.010000001579199277,0.4688058133473257,-42.9172478561257,0.01002440243556172,0.9999999998728762,-45.143106447978006,Procedural,2.225858591852308
563,844961_fnca,0.010000000001107727,0.052540399833723654,-42.27500257439728,0.010000001501859136,0.7524521452649637,-42.91822369200796,Procedural,0.6432211176106861
564,120111_fnca,0.021579829798753298,0.11085964554360477,-43.02590617475188,0.01003693698309656,0.9999999983714045,-43.71613002623674,Procedural,0.6902238514848591
565,334635_fnca,0.010550751559982112,0.10457968631474902,-43.88823328946336,0.1640860462883062,0.9999999999999143,-44.74799415541799,Procedural,0.8597608659546339
566,358144_fnca,0.015015674475954657,0.0932304766775941,-43.05613024323772,0.010025875170609145,0.9999999995719274,-43.28762399617973,Procedural,0.2314937529420149
567,200008_fnca,0.010040795991792171,0.9999999996720734,-44.38401403636205,0.010016137190196244,0.9999999999505172,-45.72742696021461,Procedural,1.3434129238525543
568,366446_fnca,0.010030478865656615,0.9999999995023182,-43.75031927860881,1.0141944293511391,0.9999999999999091,-44.47862380814667,Procedural,0.7283045295378585
569,211619_fnca,0.010041453248212663,0.999999999034026,-43.72197934385096,0.010010214553025419,0.9999999998709295,-47.183359764513725,Procedural,3.4613804206627634
570,495255_fnca,0.010040933346493447,0.9999999995043887,-44.51018570889898,0.010019091402424471,0.9999999994883697,-50.69348380996137,Procedural,6.183298101062391
571,192136_fnca,0.010041055097182257,0.9999999995640881,-43.79609625997426,0.010022187918007106,0.9999999998253949,-46.31264257166077,Procedural,2.516546311686504
572,456346_fnca,0.010000002097974919,0.45594005790290765,-43.6554956270868,0.010027220439446018,0.9999999983854765,-43.7915351327839,Procedural,0.13603950569709866
573,124826_fnca,0.012111865074898809,0.3396496610383678,-42.936896565926325,0.010048297198119555,0.9999999984651059,-43.90784286711397,Procedural,0.9709463011876451
574,159946_fnca,0.010040529952851174,0.9999999994780804,-44.42113212512087,0.010020618954985107,0.9999999998037534,-46.10302341488449,Procedural,1.6818912897636196
575,901442_fnca,0.010041141548688062,0.9999999990952894,-44.37204731983424,0.010019999776209522,0.9999999984658366,-45.554913524834525,Procedural,1.1828662050002876
576,351938_fnca,0.6581825529305109,0.9841059543284711,-41.111944401425355,0.8962141375429701,0.9999999999024737,-40.687888601793226,Declarative,-0.4240557996321286
577,177140_fnca,0.010612018369368719,0.09581869428126567,-42.69279614745299,0.01001619834761564,0.9999999998709331,-43.386485214485305,Procedural,0.6936890670323166
578,150726_fnca,0.010040986774950942,0.999999999268883,-44.46550928434708,0.010033154802672339,0.9999999996984728,-49.197989964663094,Procedural,4.732480680316016
579,454140_fnca,0.010040718146418237,0.9999999995120612,-43.7441174880013,0.010018244766785306,0.9999999997312705,-48.297843352503904,Procedural,4.553725864502603
580,200614_fnca,0.6468253649005289,0.6249595769979591,-36.20096611165487,0.8906317646702203,0.9999999998255753,-37.99923322218065,Procedural,1.798267110525778
581,783462_fnca,0.010040549123502846,0.9999999993007951,-44.408815167092136,0.010027340874926191,0.9999999998783546,-47.56685915292741,Procedural,3.1580439858352705
582,185846_fnca,0.011334695068272034,0.10694105106730621,-43.01475016865405,0.565280412877901,0.9999999991138853,-41.24148631223719,Declarative,-1.773263856416854
583,304020_fnca,0.010042853275195366,0.9999999997829698,-43.68576548886954,0.010010257739257565,0.9999999998697594,-45.79672788674086,Procedural,2.110962397871319
584,792766_fnca,0.010946322668501806,0.6175937814060943,-42.92952645609195,0.01000869115682903,0.9999999998698923,-44.22796456928846,Procedural,1.2984381131965108
585,137027_fnca,0.010042026654602729,0.9999999990505477,-43.686538132129826,0.010021867009735739,0.9999999998195023,-46.06297286898933,Procedural,2.376434736859501
586,753150_fnca,0.010045831874399376,0.9999999991583586,-44.54882395987153,0.01002092580222078,0.9999999998314444,-53.109540490009245,Procedural,8.560716530137718
587,134021_fnca,0.010044129183351349,0.9999999997799387,-44.377119507381316,0.6450605581539005,0.9999999999998528,-44.55908802338468,Procedural,0.18196851600336572
588,188448_fnca,0.01000000146595685,0.2598347082326202,-43.37131648592299,0.010009857619584537,0.9999999999847383,-46.8868012974835,Procedural,3.515484811560512
589,820745_fnca,0.050036397898583024,0.999993682705149,-44.348987845605606,0.01000000089761494,0.9999946966193543,-44.27481469024134,Declarative,-0.07417315536426372
590,149842_fnca,1.2040106691877661,0.6873950816097314,-30.483348941087705,1.1288672932579709,0.9999941924284657,-37.20246381848602,Procedural,6.719114877398312
591,744553_fnca,0.010041143981285174,0.999999999677643,-44.399742416536704,0.010005802432895682,0.9999999992215645,-45.07013496664311,Procedural,0.6703925501064063
592,749361_fnca,0.01091701703091023,0.15114374421064442,-42.00511180192309,0.7801203543281198,0.9999999999999225,-41.32535830043077,Declarative,-0.6797535014923213
593,695768_fnca,0.015118580101874276,0.10373410727600915,-41.62823114822827,0.5617213242546935,0.9335448319441257,-40.2333903561941,Declarative,-1.3948407920341666
594,362034_fnca,0.9107874260878105,0.9737786262015539,-37.6834381019671,1.2093409772954427,0.9999999998548412,-37.28904968501436,Declarative,-0.3943884169527365
595,151930_fnca,0.6167092520185874,0.17523989807533308,-157.08800365247,0.010000001054742452,0.6932564377984387,-55.9206674219147,Declarative,-101.1673362305553
596,151526_fnca,0.010046201476781657,0.9999999992024997,-44.42975549130958,0.010018038047086899,0.9999999998983569,-46.58012683303379,Procedural,2.1503713417242096
597,196952_fnca,0.7615251330685018,0.26115640225521136,-23.697788231229058,0.9125740933305361,0.9999967571398266,-35.27064129986231,Procedural,11.572853068633254
598,201414_fnca,0.3813065042898756,0.9999999999578846,-42.724445161647274,0.68479787036745,0.9999999999998811,-42.33059836132382,Declarative,-0.3938468003234519
599,136732_fnca,0.010000002248751732,0.1760130248859239,-43.84717596030701,0.010027071708874263,0.9999999998132791,-47.39202879912869,Procedural,3.544852838821676
600,136227_fnca,0.1116020301799587,0.36971924467748774,-42.41268096737415,0.01001268262477323,0.9999999997986591,-43.514739032832956,Procedural,1.102058065458806
601,195041_fnca,0.010040748910134296,0.9999999995961143,-44.48149530115999,0.010003616501703817,0.999999999664944,-46.98656392762195,Procedural,2.505068626461963
602,211316_fnca,0.010000001867169884,0.10119932929288412,-42.86310605573947,0.01004004258424708,0.9999999984751234,-43.32986568887045,Procedural,0.4667596331309767
603,192439_fnca,0.011699821682650127,0.09811044185284284,-41.52729888169414,0.7937410342910477,0.9999999999998306,-40.966940809028216,Declarative,-0.5603580726659274
604,153833_fnca,0.010000002575107164,0.14092869349138185,-43.423600892056825,0.010033310289517207,0.9999999999678075,-43.94234060426913,Procedural,0.5187397122123016
605,158843_fnca,0.010043053950574789,0.9999999996059455,-43.68110403500265,0.01002421539397823,0.9999999999328515,-45.57872238612583,Procedural,1.8976183511231852
606,397760_fnca,0.010041222836005984,0.9999999992999331,-44.50175914079863,0.010018648967433772,0.9999999996789534,-47.83492258131443,Procedural,3.333163440515797
607,177746_fnca,0.021369121635580527,0.09619986541558614,-43.01864582957058,0.010000000907884582,0.9999947113361956,-43.549516987860784,Procedural,0.5308711582902035
608,127226_fnca,0.010046663210209647,0.9999999985298798,-44.4406594438047,0.01515116445942583,0.9999999998147578,-46.192202092635526,Procedural,1.7515426488308279
609,146735_fnca,0.9147676293561288,0.9999416998578861,-42.30455533882347,0.6131739978963071,0.9999999999998628,-43.811434058658634,Procedural,1.5068787198351643
610,114116_fnca,0.010026366927056904,0.9999999995094536,-44.51328766540766,0.010014424535876414,0.9999999994559533,-49.206829169353426,Procedural,4.693541503945767
611,175540_fnca,0.02550637845164581,0.050832974529692265,-25.4998857139789,0.010000001323462713,0.6369674887833131,-34.22030114326312,Procedural,8.72041542928422
612,663755_fnca,0.010606206323058313,0.1006274905431353,-43.532934962452934,0.010027534035321155,0.9999999983326178,-44.557017357755086,Procedural,1.0240823953021518
613,724446_fnca,0.010043557438345882,0.999999999756461,-43.68513233726619,0.10926012726180338,0.9999999999999396,-44.026269514233356,Procedural,0.34113717696716606
614,210415_fnca,0.01004082645961638,0.9999999989683521,-44.376992426106305,0.33875974437382605,0.9999999999998598,-43.97385601937608,Declarative,-0.4031364067302263
615,103515_fnca,0.010046780782352745,0.9999999984879276,-44.38472120410914,0.48323492024256565,0.9999999999998518,-45.37413684125222,Procedural,0.9894156371430824
616,119732_fnca,0.03699766381015565,0.10267135605313582,-60.81426905196908,0.4120020936529167,0.686101783379123,-48.831350889203726,Declarative,-11.982918162765351
617,195647_fnca,0.010000001227377915,0.2597825513452881,-42.19699319897332,0.010017278770161953,0.9999999994782414,-42.296077427706365,Procedural,0.09908422873304801
618,305830_fnca,0.010042045151771118,0.99999999951517,-44.382584087881504,0.010025720162679644,0.9999999999571468,-45.87666725664244,Procedural,1.4940831687609375
619,751550_fnca,0.010043729991469599,0.9999999998619508,-42.994763576516824,0.6714470789978021,0.9999999999998552,-42.49492240095223,Declarative,-0.4998411755645975
620,910443_fnca,0.010013108426162733,0.11722572832198161,-41.96954827944848,0.010017249696578929,0.9999999999928401,-43.47812010245373,Procedural,1.5085718230052478
621,121921_fnca,0.28461191186742135,0.9999698380533295,-42.97092418270459,0.1762979577480126,0.9999993681337745,-42.99934834559418,Procedural,0.028424162889585602
622,124220_fnca,0.010040254648501359,0.9999999995109531,-44.36018661787783,0.010000000908780771,0.9999947787030202,-44.45518808360577,Procedural,0.09500146572793966
623,590047_fnca,0.010046519421017051,0.9999999992901617,-44.415876980326686,0.01001246870989734,0.9999999999074253,-48.255340195711725,Procedural,3.839463215385038
624,159340_fnca,0.010000020757032267,0.018967329459535272,-32.11331262012733,0.8911127127669202,0.7733684460609568,-36.66279047692962,Procedural,4.549477856802291
625,415837_fnca,0.011075637932235661,0.11638851485703434,-44.065705652731786,0.010000001039537841,0.7572159762257133,-43.090879920456004,Declarative,-0.9748257322757823
626,135124_fnca,0.010041490966293368,0.9999999996817275,-44.419826377086146,0.010008026629373269,0.9999999999231348,-47.048875820300665,Procedural,2.6290494432145195
627,280739_fnca,0.010041048172949166,0.9999999995276514,-44.4167031538724,0.010021957547359328,0.9999999998110985,-45.5565696255666,Procedural,1.139866471694205
628,902242_fnca,0.01005919426520345,0.999999999495331,-43.031289238426034,0.010031556608392238,0.9999999998177856,-45.75356212464591,Procedural,2.7222728862198764
629,153126_fnca,0.8114321636068846,0.9847464241133271,-40.011837294459106,0.947585418500165,0.9999938559394159,-40.27714042411008,Procedural,0.2653031296509738
630,865363_fnca,0.46878511851109006,0.33949157422571713,-31.14067146173108,0.010000001476223958,0.6692377817276259,-39.12359038657649,Procedural,7.982918924845407
631,118932_fnca,0.010040941477869124,0.999999999570945,-43.74907981657165,0.010020257451372878,0.999999999786972,-45.09093423277793,Procedural,1.3418544162062815
632,194847_fnca,0.010057781705519608,0.9999999996729887,-43.70873754809492,0.18107593781195871,0.9999999999999184,-44.30052341109306,Procedural,0.5917858629981367
633,104012_fnca,0.011326551698941026,0.1521402806619283,-44.12345118554105,0.9566148296144243,0.9999944176701444,-41.73862081251109,Declarative,-2.3848303730299634
634,102715_fnca,0.010041181651534897,0.9999999992940407,-43.77315788032199,0.010026864021318742,0.9999999997356501,-46.327428320351274,Procedural,2.554270440029285
635,134627_fnca,0.01000000249037442,0.13360692064959878,-43.090355069373366,0.010019980671672042,0.9999999999248381,-46.00861803146226,Procedural,2.918262962088896
636,588565_fnca,0.010041129509192673,0.9999999996996999,-41.64603908493062,0.01001903233526582,0.9999999997387786,-45.28914900051151,Procedural,3.6431099155808866
637,825654_fnca,0.563356600342437,0.5111876073912819,-34.35502543609109,0.9911982923349699,0.9999982632701091,-36.095064148389326,Procedural,1.7400387122982366
638,144933_fnca,0.011833644395757792,0.009892049109253764,-15.417288034309747,0.010018430499068915,0.9999999999559168,-46.01912233255892,Procedural,30.601834298249173
639,727553_fnca,0.010040603165969357,0.9999999994687925,-44.44875586871123,0.010004966913235087,0.999999999651108,-45.8860209120422,Procedural,1.4372650433309673
640,130720_fnca,0.010000002334844387,0.11687691794585311,-44.11379013626375,0.010031293014056723,0.9999999985095696,-45.95396966300185,Procedural,1.8401795267380976
641,108525_fnca,0.7243769741737275,0.4646838429156704,-30.582738309667466,1.261433600711616,0.9999999999599252,-31.3577454130479,Procedural,0.7750071033804353
642,748662_fnca,0.01004058504134887,0.9999999993568601,-43.08957884138236,0.010021723923977016,0.9999999994359215,-45.66712476296387,Procedural,2.5775459215815104
643,111211_fnca,0.11116389139569259,0.1769195789989355,-34.61536791520262,0.010000000756476704,0.2984026484736777,-33.297434333190786,Declarative,-1.3179335820118325
644,122822_fnca,0.751760297003539,0.9999999998453292,-41.9035310104774,0.9809137138863008,0.9999833191447508,-40.53007877487832,Declarative,-1.373452235599082
645,165941_fnca,0.026515603803491286,0.09845681648335713,-37.60560866945228,0.7978348535647025,0.9999956926841327,-39.44504411469008,Procedural,1.8394354452377968
646,355239_fnca,0.010944780212046543,0.11551384095899765,-43.946257625377875,0.5472459230501149,0.9999992582833346,-43.43984605494814,Declarative,-0.5064115704297336
647,110007_fnca,0.7526448640261207,0.7303131460995579,-36.46872358585957,1.4086754225192837,0.9999999999908543,-35.136538794279545,Declarative,-1.3321847915800262
648,832651_fnca,0.01004134918596106,0.999999999676693,-44.4238041397596,0.010004337639700593,0.9999999991407982,-44.91757926854614,Procedural,0.4937751287865382
649,702133_fnca,0.010040735550592235,0.9999999997254289,-43.07337691090859,0.010006184199407981,0.999999999698027,-47.493898025815504,Procedural,4.4205211149069115
650,391748_fnca,0.010000001948712707,0.3332087020600077,-44.18447470724993,0.01002062852027289,0.9999999997006264,-48.63513474748528,Procedural,4.4506600402353484
651,155231_fnca,0.011697116458703584,0.009261394811189549,-15.378167433060394,0.010013998904787696,0.9999999999690435,-44.82351120926392,Procedural,29.445343776203526
652,594156_fnca,0.010000001532331234,0.17288548534552195,-44.05891503101693,0.010007188171880033,0.9999999997824313,-45.145531637859804,Procedural,1.086616606842874
653,368551_fnca,0.010000002670106931,0.11741713189613993,-44.05278810742646,0.01001476714517218,0.9999999999679052,-44.89476136185103,Procedural,0.8419732544245733
654,208024_fnca,0.01004136090748025,0.9999999997849695,-44.388780368163616,0.01000000089936285,0.9999952799674856,-44.68950512472305,Procedural,0.30072475655943265
655,611938_fnca,0.2386776254742973,0.25286317523656077,-35.536258757208955,0.0510884451213259,0.5312630693970871,-38.371492185401536,Procedural,2.8352334281925806
656,401422_fnca,0.010318830616023083,0.1630774754248289,-43.98348936983878,0.867010597125055,0.999999999999837,-43.41644294486938,Declarative,-0.5670464249693978
657,154532_fnca,0.1488777478258217,0.9999862440765951,-44.18829591163395,0.4932430877353584,0.9999999999999528,-44.663870776067,Procedural,0.4755748644330495
658,250932_fnca,0.010392432210337144,0.2837965578600151,-42.21189728907751,0.010046858326176047,0.9999999984054733,-42.49720011664808,Procedural,0.28530282757056824
659,187143_fnca,0.010000000001461971,0.07814306722277192,-39.46754278058508,0.010019082499743563,0.9999999999253323,-43.85460298870618,Procedural,4.387060208121106
660,529953_fnca,0.010038649767997693,0.9999999983287968,-44.36118465693627,0.010016817660983317,0.9999999999686691,-46.22925370954165,Procedural,1.8680690526053851
661,926862_fnca,0.0816703169922579,0.2844190697191357,-39.77033792310387,0.01000000153492103,0.8240120685615266,-39.81900001737624,Procedural,0.048662094272373224
662,919966_fnca,0.8965812642353261,0.9999490455267093,-41.494686430444624,0.8659020675503157,0.9999997654951779,-41.998207427844996,Procedural,0.503520997400372
663,166438_fnca,0.010057797338500494,0.9999999996721295,-43.73442901012551,0.3726770304704416,0.999999999999877,-46.8466327093667,Procedural,3.112203699241192
664,597869_fnca,0.013349403097349461,0.10123720931286945,-42.24414756358604,0.038359419076351126,0.9999999983774395,-43.71346578738114,Procedural,1.4693182237950992
665,186545_fnca,0.6182535867000115,0.6457863898425423,-39.17371501169944,1.0790996501253438,0.9999999999999205,-41.59952907937326,Procedural,2.4258140676738194
666,224022_fnca,0.010046721749354358,0.9999999985209681,-43.700240446174064,0.010006497750496782,0.999999999867351,-44.9094826893304,Procedural,1.2092422431563392
667,274542_fnca,0.010000001867169884,0.09817488915635807,-44.267592136136486,0.010002824199308927,0.9999999983968205,-44.77841235152864,Procedural,0.5108202153921511
668,884064_fnca,0.010000002833988506,0.2469783587007947,-44.28624851283479,0.010019125395651226,0.9999999999254432,-47.04678509649397,Procedural,2.7605365836591815
669,100206_fnca,0.011931097180501482,0.09846594072419876,-42.62470796835381,0.10036967701702963,0.9999999999998258,-42.56899288627634,Declarative,-0.05571508207746945
670,127933_fnca,0.010040436555327215,0.9999999993349519,-44.659368503857245,0.010021547496136768,0.999999999691724,-50.52563588187993,Procedural,5.866267378022684
671,209834_fnca,0.010000000011893235,0.026870734792430778,-39.21719877731063,0.010000001144382615,0.7753248825603565,-41.87230996217489,Procedural,2.6551111848642606
672,108323_fnca,0.010040456126616356,0.999999999375448,-43.09623094962135,0.010012383117212056,0.9999999996780305,-45.12858482979837,Procedural,2.03235388017702
673,620434_fnca,0.010040251064938461,0.999999998890847,-43.67763667471744,0.010005873992904372,0.9999999997021389,-45.100593560024,Procedural,1.4229568853065615
674,112112_fnca,0.013710116738215233,0.6500342559208317,-44.33502867421182,0.010024716135378689,0.9999999984577448,-44.694888585701555,Procedural,0.3598599114897354
675,634748_fnca,0.010000002278316591,0.6170722079016644,-44.34152941523689,1.3676728574179975,0.9999999999998829,-38.87885215781054,Declarative,-5.46267725742635
676,453542_fnca,0.010040808764909905,0.9999999997297349,-43.727278064315584,0.01004113763505969,0.9999999984704822,-44.71467688931665,Procedural,0.9873988250010655
677,859671_fnca,0.010000000000092933,0.05901145592160212,-42.977351992330384,0.010033177118717134,0.9999999984773296,-43.82817479158281,Procedural,0.8508227992524269
678,122418_fnca,0.7548665551085634,0.8030072065155698,-38.42762150632165,0.9384188172507038,0.9999948112984443,-38.30241362195296,Declarative,-0.12520788436869168
679,101006_fnca,1.0810964346138665,0.9999999979117108,-40.173671021442445,0.9876890621240376,0.9999999999998808,-43.73031957148733,Procedural,3.5566485500448835
680,295146_fnca,0.3977392234425155,0.8206245484164547,-41.5432936025819,0.5692699083628135,0.9999936081183323,-43.21276152229301,Procedural,1.66946791971111
681,109123_fnca,0.01000000221754614,0.11307280600064516,-43.34101141182121,0.010025479450494677,0.9999999996542304,-42.93528430632638,Declarative,-0.40572710549483304
682,144226_fnca,0.01000000218839601,0.15167201713165845,-44.18575069830007,1.2339158514050894,0.9999999999998421,-42.04076124882855,Declarative,-2.1449894494715167
683,192843_fnca,0.010041255717974413,0.9999999995043042,-44.482350546383394,0.010017554815334345,0.9999999997985546,-47.18137519626725,Procedural,2.699024649883853
684,765864_fnca,0.7098443757831577,0.9822231732968076,-39.2711968503812,0.7400182251470155,0.9999999999999007,-44.55287921612588,Procedural,5.281682365744679
685,209228_fnca,0.010039358140074787,0.9999999983685547,-44.36634956516702,0.01001629250490944,0.9999999999298371,-45.904326877795825,Procedural,1.5379773126288043
686,162733_fnca,0.8920700985594391,0.9999999999874881,-39.43787290455277,1.0376778009446508,0.9999937903684614,-39.13755643002129,Declarative,-0.3003164745314777
687,129331_fnca,0.010041024971984301,0.9999999996571962,-44.36162315904537,0.010021379495017161,0.9999999984749827,-45.6674624412121,Procedural,1.3058392821667297
688,812746_fnca,0.010040667754423417,0.9999999992609849,-44.501415986933196,0.010020409668571017,0.9999999996982302,-49.642804240881524,Procedural,5.141388253948328
689,256540_fnca,0.010041524209177644,0.9999999996823213,-44.41767055513431,0.01001784230032961,0.9999999999221281,-46.800552940763474,Procedural,2.3828823856291663
690,598568_fnca,0.01004094654360706,0.9999999992625692,-44.412090949210594,0.01001649821756831,0.9999999998864473,-46.479484238952146,Procedural,2.0673932897415526
691,449753_fnca,0.011316553442188581,0.10252088791417904,-41.079853111361764,0.4105099807512635,0.9999999999998614,-40.61306462272665,Declarative,-0.46678848863511746
692,585862_fnca,0.010041092903478046,0.9999999996970526,-44.38486315678786,0.010003100200945816,0.9999999984408664,-45.350215001210614,Procedural,0.9653518444227558
693,128127_fnca,0.010046545113015413,0.9999999992715863,-44.47375976858272,0.010032939714584719,0.9999999996819507,-48.79275717527523,Procedural,4.31899740669251
694,917558_fnca,0.27655591463168283,0.9999999995557003,-42.17752043265582,0.010020407392660568,0.9999999984036055,-44.944777077267574,Procedural,2.7672566446117557
695,877168_fnca,0.010054539996335087,0.9999999992946109,-43.83400463915363,0.01000713561231117,0.9999999996707348,-47.681775788156365,Procedural,3.8477711490027318
696,951457_fnca,0.6107747280178353,0.9999683862809946,-41.88881509687031,0.027433105286986163,0.5401523147655504,-41.96428415433952,Procedural,0.0754690574692134
697,469961_fnca,0.01000000184645697,0.801209492001918,-44.346540111968295,0.010008719738585173,0.9999999999843268,-46.478389321263585,Procedural,2.1318492092952894
698,183337_fnca,0.010000000000496207,0.06509826766046532,-41.4885311191807,0.010001296256792582,0.9999999999570558,-43.739814196025925,Procedural,2.251283076845226
699,371843_fnca,0.010936492548909684,0.09178886918420007,-42.97127406379061,0.01002097875593296,0.9999999997189857,-42.41270025606649,Declarative,-0.558573807724116
700,541943_fnca,0.010000002264342417,0.15091471256928687,-44.18894387751123,0.010013446638385791,0.9999999999498376,-45.16114581875808,Procedural,0.9722019412468512
701,429040_fnca,0.010042845801514563,0.999999999619965,-44.39382369631766,0.010040545667239453,0.999999998440573,-45.10627235708041,Procedural,0.712448660762746
702,188347_fnca,0.014387422652150646,0.319346277460513,-43.645883162159876,0.25922741722402926,0.9999999999998624,-43.74549761591405,Procedural,0.099614453754171
703,856766_fnca,0.010041480100955244,0.9999999996803733,-43.01099297122491,0.010005459248144381,0.9999999984829846,-43.76456510766804,Procedural,0.7535721364431325
704,628248_fnca,0.010396918010245771,0.14664464299299795,-44.246464157505805,0.010039881179608126,0.9999999992918919,-43.78809403258185,Declarative,-0.45837012492395246
705,485757_fnca,0.010033776759917611,0.9999999993961625,-43.76691063078461,0.010011742888644082,0.999999999433435,-45.26042673121417,Procedural,1.4935161004295594
706,106521_fnca,0.010146446851583907,0.08631051622660403,-43.984163792225715,0.010015942159442619,0.9999999994657655,-43.83275282652817,Declarative,-0.15141096569754353
707,833148_fnca,0.010054033803958745,0.9999999985108472,-70.4396547937853,1.0672245611331845,0.972567566659357,-51.47841888484206,Declarative,-18.961235908943237
708,329440_fnca,0.01000000162566903,0.0897742073431896,-44.12233402622531,0.010014255268100535,0.9999999988721415,-45.114061088705455,Procedural,0.9917270624801446
709,529549_fnca,0.21752281152220615,0.5166549732497914,-39.97207535088313,0.49628212272611644,0.9999999996575412,-41.68351200277385,Procedural,1.7114366518907218
710,705341_fnca,0.014235091915815764,0.09981855599024379,-43.86773531110968,0.5679505318927072,0.9999999999789816,-42.802617165542706,Declarative,-1.0651181455669771
711,729557_fnca,0.010000002450219059,0.11473046872868266,-43.40745565767664,0.010022323740887476,0.9999999995471421,-43.21778558224819,Declarative,-0.18967007542845238
712,587664_fnca,0.010040574262606171,0.9999999994584945,-43.73076194573127,0.010031655851300982,0.9999999997434424,-47.32796231599762,Procedural,3.59720037026635
713,181131_fnca,0.0326046573614674,0.10681073045776698,-42.27220194138343,0.8973128297085312,0.9999999999265771,-41.06965694506343,Declarative,-1.2025449963200003
714,841349_fnca,0.010000001611220366,0.16081552846331051,-44.122810394698924,0.01000420353527495,0.9999999997856603,-45.12875932920439,Procedural,1.0059489345054686
715,365343_fnca,0.010041311920145275,0.9999999996940713,-44.42696817124686,0.010014924180891898,0.9999999991761171,-45.41753645661022,Procedural,0.9905682853633593
716,856463_fnca,0.010043651954919798,0.9999999997618383,-44.38118267256422,0.010000292088807157,0.9999999983638752,-45.22219202960952,Procedural,0.8410093570453014
717,113922_fnca,0.010040444600819804,0.9999999993031479,-44.50325258816338,0.010038837340240593,0.9999999997156842,-48.06419815715315,Procedural,3.560945568989773
718,158136_fnca,0.022489725618176422,0.09738256320377844,-41.202401537782755,0.01000000157693142,0.9466769099160814,-42.17004612375194,Procedural,0.9676445859691825
719,204420_fnca,0.01003284075376576,0.9999999991891372,-44.49674122632905,0.8420906950699554,0.999999999999886,-45.57726880555368,Procedural,1.0805275792246292
720,308331_fnca,0.010040910272408079,0.999999999576153,-44.47033589818625,0.010018370064754853,0.9999999996758998,-47.57194529453604,Procedural,3.1016093963497937
721,223929_fnca,0.010000002346997782,0.1699905410359763,-43.78249875679166,0.010017682936018764,0.999999999925781,-46.662338487445346,Procedural,2.8798397306536856
722,604537_fnca,0.010040565221646845,0.9999999992129697,-44.51649616823746,0.010019987066187022,0.9999999997276814,-51.48397057455273,Procedural,6.967474406315269
723,175035_fnca,0.010040521400106155,0.9999999994452337,-41.6345568597194,0.9572109869900822,0.9999999999998559,-41.61668648306697,Declarative,-0.017870376652432185
724,972566_fnca,0.010034776202841218,0.9999999992097891,-43.856113283366966,0.010008353343859822,0.9999999998954321,-50.67219672672214,Procedural,6.816083443355176
725,148032_fnca,0.01004570470580788,0.9999999991108903,-44.40440127903092,0.01000391935903224,0.9999999998841085,-47.39921470038668,Procedural,2.994813421355758
726,207426_fnca,0.010041157928749472,0.999999999496709,-43.72864863889617,0.01002170807412875,0.9999999996425503,-44.99703561087923,Procedural,1.2683869719830625
727,140117_fnca,0.01004229881511138,0.9999999999750412,-44.355841772371285,0.01003478950923855,0.9999999984422561,-44.8723956022826,Procedural,0.5165538299113166
728,129937_fnca,0.010043899467989415,0.9999999997926406,-44.403256607991416,0.010021179567539739,0.9999999991522853,-45.32357176256744,Procedural,0.9203151545760235
729,257845_fnca,0.010041184777597509,0.9999999996672727,-43.70836371802886,0.010022811190090082,0.999999999656416,-44.766529615633345,Procedural,1.058165897604482
730,214524_fnca,0.016123128532019013,0.1040816737012104,-41.40281768022317,0.5037296774556514,0.8531995273696393,-39.734856356011676,Declarative,-1.6679613242114968
731,392447_fnca,0.010041576097500074,0.9999999990248052,-44.390030667782014,0.0100190255461951,0.9999999999251851,-47.814728522406014,Procedural,3.424697854624
732,973770_fnca,0.010000001604117445,0.11828731252898685,-43.91215476902532,0.010015081371537074,0.9999999999699,-45.02372714248271,Procedural,1.111572373457392
733,638049_fnca,0.010000000000033784,0.04981700523500661,-42.046450728142815,0.010007187385923896,0.9999999995670915,-43.33463233522188,Procedural,1.2881816070790677
734,899885_fnca,0.010070859931923144,0.2088252749598206,-44.30969814474926,0.5210572621546348,0.999999999999845,-44.69815441264211,Procedural,0.3884562678928489
735,907656_fnca,0.010040952284843729,0.9999999992593592,-43.73917164246272,0.010024569318878863,0.9999999995255641,-44.94676414549159,Procedural,1.2075925030288701
736,187345_fnca,0.010046399936439758,0.9999999992800012,-44.354833732136086,0.010031207192195819,0.9999999998910986,-47.29260339552501,Procedural,2.937769663388927
737,441939_fnca,0.010041074502569063,0.9999999990379381,-44.37356385737836,0.010033388438131176,0.9999999984643101,-45.07608239366755,Procedural,0.7025185362891904
738,175439_fnca,0.01004196370179056,0.9999999990597802,-44.40295361949061,0.010027824416926765,0.9999999998707105,-46.919540351043544,Procedural,2.516586731552934
739,154734_fnca,0.010000003039876977,0.13287930704227713,-42.90624041811894,0.010010052228379925,0.9999999999825877,-44.0745538726346,Procedural,1.168313454515662
740,169949_fnca,0.010047201892533922,0.99999999850508,-43.69541327874526,0.010001141939707617,0.9999999983512712,-44.169275960780716,Procedural,0.47386268203545967
741,548250_fnca,0.01859757307067409,0.10102107825076498,-42.34558629334169,1.025123701470345,0.9999999995157877,-40.82778852233116,Declarative,-1.5177977710105282
742,167238_fnca,0.010000002633643793,0.4038478153309211,-44.326153552911315,0.01001369140593955,0.999999999884448,-46.596001381304305,Procedural,2.26984782839299
743,201111_fnca,0.01004631011104702,0.9999999992377565,-44.415332697308834,0.010018403864473276,0.9999999999589367,-47.130152516224356,Procedural,2.7148198189155224
744,111514_fnca,0.010000002376193499,0.2580041190164172,-44.2245903657921,0.010020858126325182,0.9999999998942841,-49.33185022607317,Procedural,5.107259860281069
745,146836_fnca,0.010058682019867368,0.9999999993921289,-44.407768618981315,0.7220419333989101,0.9999999999998709,-45.88885654815837,Procedural,1.4810879291770576
746,130619_fnca,0.010050520493230096,0.9999999989787799,-44.37475567102787,0.010018111971656344,0.9999999998188214,-46.90630651139537,Procedural,2.531550840367501
747,192540_fnca,0.011313399448944926,0.29494736691938295,-44.27474193134082,0.02134921561966068,0.9999999983670628,-44.55920984064558,Procedural,0.28446790930475885
748,774663_fnca,0.010000000005933332,0.0157659036869689,-28.531740649528434,0.010000001246329392,0.6591411221521919,-37.61424121608535,Procedural,9.082500566556913
749,160729_fnca,0.010041456267423352,0.9999999994531484,-44.37210326942654,0.010001157110753237,0.9999999984448301,-45.11206319207509,Procedural,0.739959922648552
750,749058_fnca,0.010041213106542043,0.9999999995341683,-44.49658306739515,0.010032065358226988,0.9999999995696678,-47.93759119737213,Procedural,3.4410081299769786
751,123824_fnca,0.03694406556383792,0.09751704128662358,-42.470975195607835,0.010000001751057162,0.31505352009901405,-40.444234581160636,Declarative,-2.026740614447199
752,558657_fnca,0.01000000168704545,0.1710442321509725,-43.05204176551295,0.4232199880609992,0.9999999999999217,-49.717262683526144,Procedural,6.6652209180131905
753,126325_fnca,0.010040078094879395,0.9999999991696528,-44.49890376215822,0.010011704154315399,0.9999999998189604,-48.523068494774144,Procedural,4.0241647326159224
754,147636_fnca,0.010041120502671842,0.9999999996930031,-44.49425395222379,0.010017573290901992,0.9999999998947107,-48.191837771601904,Procedural,3.697583819378117
755,342129_fnca,0.010000007235566929,0.07793314617452296,-44.01824498595916,0.010000000858333377,0.9999936021570294,-44.12586684824075,Procedural,0.1076218622815901
756,436845_fnca,0.011089635592431391,0.0936975938181594,-38.94144375408074,0.7736267623936959,0.9999999999998328,-39.408602194243564,Procedural,0.4671584401628266
757,579665_fnca,0.014752688173619216,0.4059866028460381,-44.32307978146999,0.286078680451,0.9999999999998364,-44.08731308596366,Declarative,-0.2357666955063351
758,102816_fnca,0.010000001681292907,0.1681148855336821,-43.48505819775805,0.010020275322249236,0.9999999984235657,-43.64965425784095,Procedural,0.16459606008289995
759,156031_fnca,0.01000000169640194,0.13326830105690704,-43.53707052133985,0.01000000075243172,0.9999916268903626,-44.193920489675676,Procedural,0.6568499683358269
760,101410_fnca,0.010000002997119322,0.30383851246644455,-44.298103581481875,0.32873956344856076,0.999999999999834,-44.32883054791534,Procedural,0.03072696643346262
761,131419_fnca,0.07651964732076551,0.3098236508669085,-41.88852118676461,0.01000000087721318,0.8000787192676926,-41.69761662792323,Declarative,-0.1909045588413818
762,731140_fnca,0.010040377487773165,0.9999999989079208,-44.5061324852273,0.01002537567243901,0.9999999994715296,-46.75662336741947,Procedural,2.2504908821921745
763,227432_fnca,0.01104227492286034,0.20492944970326388,-42.77128548926257,0.01003330343416577,0.9999999993986612,-42.808064005684095,Procedural,0.03677851642152774
764,200311_fnca,0.01004066157206718,0.999999999525807,-43.71352301874463,0.010022864788074745,0.9999999996506851,-44.76453375142795,Procedural,1.0510107326833165
765,453441_fnca,0.010041018166135573,0.9999999992672342,-44.429588917403336,0.01002294465195084,0.9999999996489282,-45.69940646888926,Procedural,1.2698175514859216
766,613538_fnca,0.010040622428954205,0.9999999989320403,-44.60143860828023,0.010019466783661028,0.9999999998437801,-50.35225151756417,Procedural,5.750812909283937
767,300618_fnca,0.010039987076374584,0.9999999991703508,-44.44980996876587,0.010017887547086175,0.9999999998741878,-48.158282891391075,Procedural,3.708472922625205
768,748258_fnca,0.010039969057034658,0.999999998936665,-44.63504833627287,0.01001574083889427,0.9999999998997433,-52.53447964409778,Procedural,7.899431307824912
769,987983_fnca,0.010040383556244871,0.9999999991954241,-44.47246611944222,0.010029372768417586,0.9999999998222271,-48.43517806436282,Procedural,3.9627119449206063
770,311320_fnca,0.026230587126169148,0.08946824293877202,-65.12844651306995,0.010000000819546754,0.4732245297196323,-52.90981145918834,Declarative,-12.218635053881606
771,559457_fnca,0.0100403158205617,0.9999999992423462,-44.54670911234736,0.010035515828596844,0.9999999999999072,-49.52904303212644,Procedural,4.98233391977908
772,159239_fnca,0.010040861187647743,0.9999999992741633,-43.74237678597529,0.010024100771084288,0.9999999998214321,-46.1074528322124,Procedural,2.365076046237114
773,156334_fnca,0.011546076243735898,0.09671937422770151,-44.01408093844772,0.05648971918528148,0.9739580423751096,-43.65187227626165,Declarative,-0.3622086621860703
774,894673_fnca,0.010040270543770033,0.99999999947094,-44.41938766066087,0.010046374170826912,0.9999999984184371,-45.17268676726527,Procedural,0.7532991066044019
775,221319_fnca,0.5733253423692805,0.9999999987816061,-41.99510838564055,0.9932432846148227,0.9999906952611203,-40.97870631882024,Declarative,-1.0164020668203122
776,200917_fnca,0.6228441969320392,0.3309443563902774,-28.56369012804059,0.7909098320935471,0.9999999999999591,-39.699559368426314,Procedural,11.135869240385723
777,110411_fnca,0.010041338742426801,0.9999999995251414,-44.47968149988353,0.010018447873181725,0.9999999997228118,-48.60935243924653,Procedural,4.129670939362995
778,165638_fnca,0.010040478717674444,0.9999999995946579,-44.5916556364477,0.010035476897472431,0.9999999992116596,-54.42340308423317,Procedural,9.831747447785474
779,701535_fnca,0.7506792273374522,0.7561884115249797,-38.00502161061438,0.4423526557668402,0.8379668982527786,-38.07628023274424,Procedural,0.07125862212986078
780,131823_fnca,0.01004488227987824,0.9999999995416663,-43.68126526169369,0.010019011707943802,0.9999999997089971,-47.424399418049425,Procedural,3.7431341563557368
781,664757_fnca,0.4698121031415165,0.9999999978880663,-42.99244061411563,0.010008403363374477,0.9999999994700696,-44.203063891306776,Procedural,1.2106232771911465
782,111312_fnca,0.010040629988146308,0.9999999993205029,-44.459929546215896,0.010009228915346944,0.9999999996717103,-46.39507058944091,Procedural,1.9351410432250162
783,782561_fnca,0.010038451588490276,0.9999999986097774,-43.66960496658413,0.010027514698867755,0.9999999998794366,-44.894639735834566,Procedural,1.2250347692504349
784,157437_fnca,0.017994468648424015,0.037987700603287905,-38.46320384461309,0.010000001401418329,0.6306584417290543,-41.80698025746459,Procedural,3.343776412851497
785,162329_fnca,0.01004053858928279,0.9999999995728366,-44.442975557346216,0.010019384295766612,0.9999999999825854,-47.46876456710691,Procedural,3.025789009760693
786,540436_fnca,0.010041871478756655,0.9999999990605614,-44.414363081137594,0.01001878598895635,0.9999999997989513,-47.08637910139282,Procedural,2.672016020255228
787,303624_fnca,0.010286884164689753,0.11888948843358199,-43.82446353482767,0.010024817228082761,0.9999999984310308,-44.48396404073342,Procedural,0.659500505905747
788,680452_fnca,0.010041080793605413,0.999999999499367,-41.66033791372869,0.010019490597373863,0.9999999998721938,-43.62843683025171,Procedural,1.9680989165230187
789,133625_fnca,0.5379514729006747,0.9999999996865394,-41.06458227762594,0.7365752434069502,0.9999999999999615,-42.27033710761499,Procedural,1.2057548299890541
790,176239_fnca,0.01002868652819716,0.9999999994519417,-42.31722555485513,0.33409384708106477,0.9999999999998516,-43.934788265215815,Procedural,1.617562710360687
791,121618_fnca,0.012154818248819567,0.18505943034866812,-43.5008505501457,0.7694916482821474,0.999999999999755,-42.949807624001735,Declarative,-0.551042926143964
792,204016_fnca,0.010038654549042462,0.9999999992685901,-43.04184273275683,0.010027134180897082,0.9999999998191598,-45.52784627074087,Procedural,2.486003537984047
793,767464_fnca,0.01002890803654726,0.9999999991897899,-44.53763276291636,0.010018548238102916,0.9999999996778502,-48.84627612168399,Procedural,4.3086433587676325
794,133019_fnca,0.010199993338416036,0.11774314741345106,-43.418565611557725,0.010039915260249943,0.9999999983307587,-43.64634985994738,Procedural,0.2277842483896535
795,686969_fnca,0.011878011981597667,0.10390286246453849,-43.657842967988145,0.8621308592211004,0.9999999997071478,-41.654698862776264,Declarative,-2.003144105211881
796,112314_fnca,0.014316423345354023,0.3051537923363602,-43.6346576354435,0.010015121656618865,0.9999999991157444,-44.06476181113699,Procedural,0.43010417569348647
797,103010_fnca,0.010040611848075545,0.9999999994746859,-44.43332986853496,0.010018574086572685,0.9999999999537337,-46.57323558382363,Procedural,2.13990571528867
798,148941_fnca,0.029972141397603676,0.10244397643620061,-36.97255730380313,0.010000001502746096,0.681617694337443,-40.8578164715874,Procedural,3.8852591677842696
799,250427_fnca,0.3552276323226071,0.46769765836618915,-38.62130055399959,0.7737940421753577,0.9999953963447066,-41.685710453592804,Procedural,3.0644098995932154
800,901038_fnca,0.010035182969532616,0.9999999998764824,-44.62944825138828,0.010006228501335777,0.9999999997394672,-49.90913966960148,Procedural,5.279691418213197
801,193845_fnca,0.010045945209326078,0.9999999991577562,-44.46546502758851,0.010012903398466196,0.9999999998018704,-47.103993245442204,Procedural,2.638528217853697
802,154431_fnca,0.01638239352769882,0.09863653183109558,-41.12158800599769,0.010006953967093416,0.9999999999500669,-43.586188660045494,Procedural,2.464600654047807
803,236130_fnca,0.010000002792781817,0.14762818051383583,-43.57595978212223,0.010002500215208347,0.9999999984091315,-43.965302374852385,Procedural,0.38934259273015215
804,163129_fnca,1.0641928842586401,0.9999999999755803,-39.7606898471318,0.5214774906011144,0.9999999999998822,-47.91217626254415,Procedural,8.15148641541235
805,156637_fnca,0.010041215327623467,0.9999999990163008,-44.40299989764424,0.0100078847717367,0.999999999830044,-47.09914200993589,Procedural,2.6961421122916462
806,149741_fnca,0.010046253072312161,0.9999999992162856,-43.68678604404539,0.010022288710184941,0.9999999998720329,-44.939752056579536,Procedural,1.252966012534145
807,732243_fnca,0.010000001558912563,0.3552382043375284,-44.33961726520767,0.010018686475370985,0.9999999998730325,-45.063128201408645,Procedural,0.7235109362009737
808,125525_fnca,0.5528336323837608,0.9999999998812824,-42.668426954525934,0.9838239747677904,0.9999914006966065,-42.38608710206869,Declarative,-0.28233985245724114
809,757764_fnca,0.2145261950253399,0.5195242989009906,-41.748525203478046,0.6035470682607271,0.9999999999999215,-43.79592429775567,Procedural,2.0473990942776226
810,989987_fnca,0.010713045679010933,0.1808567576289404,-44.104534140113444,0.1899891149936976,0.999999999878438,-43.2829899170517,Declarative,-0.8215442230617427
811,255740_fnca,0.02918661232368899,0.10230339211014589,-39.492358212092654,0.6517030070546236,0.9999999997814139,-41.805390272461054,Procedural,2.3130320603684
812,923755_fnca,0.013607544014548875,0.10278372858878083,-43.25478511812505,0.010033104655288174,0.9999999996443795,-43.71108054109351,Procedural,0.45629542296845926
813,857263_fnca,0.010344641302311372,0.13555633107019194,-43.53720676804491,0.010028240990921899,0.9999999983307587,-44.273709769093614,Procedural,0.7365030010487033
814,991267_fnca,0.02784037558341567,0.8876141212891777,-42.970286402469384,0.010002224728457583,0.9999999991300584,-43.24590481623809,Procedural,0.27561841376870433
815,788674_fnca,0.014917774428826669,0.10396068377715838,-43.663466433511914,0.010008883488917236,0.9999999996014409,-43.50178630340518,Declarative,-0.1616801301067312
816,158035_fnca,0.010000019874399864,0.08769510055360559,-43.96298540818295,0.01001506729219316,0.9999999999809963,-44.8973770129351,Procedural,0.9343916047521503
817,120212_fnca,0.010041396388068146,0.99999999974173,-43.76320380396931,0.010026032717847487,0.9999999997244785,-45.705435787980086,Procedural,1.9422319840107747
818,113821_fnca,0.4166187891465358,0.9999999985141035,-40.5359935356488,0.6057586596246192,0.9999999999998787,-43.62619866455834,Procedural,3.0902051289095382
819,320826_fnca,0.3481149344740656,0.9996360421338312,-43.808938264347645,0.8368864348496136,0.999353239351733,-42.33487777882701,Declarative,-1.4740604855206385
820,168745_fnca,0.010903629736925106,0.2701040449239336,-43.52108683226349,0.1103948203290832,0.9999999999999198,-44.098642161774485,Procedural,0.577555329510993
821,421226_fnca,0.010044011632577458,0.9999999998840419,-44.38905820941177,0.010005259150506873,0.9999999990883045,-45.01352846395636,Procedural,0.6244702545445904
822,155938_fnca,0.28154277157882235,0.28034162509445876,-34.68245893870796,0.3895198143080174,0.9622118783265957,-39.54620317127262,Procedural,4.863744232564663
823,205220_fnca,0.010039672534525956,0.9999999992368434,-44.55308514739785,0.010020285210009059,0.9999999996883165,-50.61703457787225,Procedural,6.063949430474402
824,298051_fnca,0.01004243991557891,0.9999999999885739,-43.088389405776766,0.010023330952790791,0.9999999998155973,-45.33202188293837,Procedural,2.2436324771616043
825,165032_fnca,0.010145051808752803,0.19444970049211704,-42.54014546378347,0.010029994761467426,0.9999999999175909,-43.588966450402,Procedural,1.04882098661853
826,802844_fnca,0.010040891321277133,0.9999999996849582,-43.69470040449729,0.01000429336989105,0.9999999984269382,-44.29538956397458,Procedural,0.600689159477291
827,257946_fnca,0.010041469616256037,0.9999999997213592,-44.49819256970011,0.010019597850815751,0.9999999999380339,-48.40334861343924,Procedural,3.905156043739133
828,687163_fnca,0.010040794962161684,0.9999999989327525,-44.56670290586591,0.010019470886060339,0.999999999553099,-50.76878326420491,Procedural,6.202080358339003
829,525541_fnca,0.010000002397451713,0.24671297830839867,-43.6298315243065,0.010000000908782034,0.9999979074833891,-43.583412724682134,Declarative,-0.046418799624369456
830,130316_fnca,0.010040980330089965,0.9999999992621647,-44.46141676852419,0.010019719596271858,0.9999999998449263,-47.175251046048665,Procedural,2.7138342775244766
831,618952_fnca,0.01004521890055152,0.9999999990638482,-44.37834699771952,0.010019167092317784,0.9999999998743547,-45.86111903370644,Procedural,1.482772035986919
832,393247_fnca,0.5414290227783174,0.9999999984811878,-39.09025187231206,0.7340667743751716,0.9999956928263493,-39.769631643244715,Procedural,0.6793797709326554
833,992774_fnca,0.010000002044895871,0.11612678976298202,-43.667406776667626,0.01001657132872964,0.999999999981509,-44.92286107586946,Procedural,1.255454299201837
834,966975_fnca,0.010662435197602502,0.16744300805317788,-44.15919208803387,0.01004189974632425,0.999999999999906,-44.96734442216281,Procedural,0.8081523341289412
835,169545_fnca,0.010040466747991417,0.9999999989311513,-44.63853786536204,0.010030106377138769,0.999999999523964,-53.200845554070476,Procedural,8.562307688708437
836,175136_fnca,0.8131103629739207,0.4235725617700999,-29.648601403210613,0.010000000639664563,0.7716230718318546,-39.22748676119225,Procedural,9.57888535798164
837,160123_fnca,0.01004089630441146,0.9999999995296436,-44.44126506040016,0.01002602898882093,0.9999999996989671,-47.16938687596075,Procedural,2.728121815560584
838,120414_fnca,0.010040228224977667,0.9999999989028958,-44.56605303047594,0.010034990026511542,0.999999999847241,-50.12421001163356,Procedural,5.558156981157616
839,492754_fnca,0.010000001832640267,0.47555404632421827,-44.33927819034118,0.010027391239138563,0.9999999984345723,-44.87040825514816,Procedural,0.5311300648069803
840,845458_fnca,0.010044232525185192,0.9999999999644681,-44.37258244318061,0.010010873000238991,0.9999999995606358,-44.53463239636492,Procedural,0.16204995318430804
841,878776_fnca,0.01000000266144098,0.23261401203757145,-44.32231897119913,0.010000002233451523,0.9160249343811259,-44.155294954537204,Declarative,-0.16702401666192657
842,869472_fnca,0.010000001928636057,0.18546886775592417,-42.8251784217683,0.010017540085822974,0.9999999999591777,-44.66367245781928,Procedural,1.8384940360509816
843,299154_fnca,0.010811841519442773,0.030451080225457953,-40.723501947156805,0.010000000309115801,0.4364427101309953,-40.58852526362146,Declarative,-0.1349766835353421
844,130013_fnca,0.012448620641836532,0.18669358579581438,-44.30165996429757,0.0100183933424355,0.9999999997278558,-46.955682169655105,Procedural,2.654022205357535
845,896879_fnca,0.010040857746857888,0.9999999996083481,-44.470257194736746,0.010024461772408406,0.9999999998794362,-47.41019741739918,Procedural,2.939940222662436
846,169343_fnca,0.010000002533489987,0.14919334514157614,-43.69696816595762,0.010033953994461088,0.9999999997338351,-43.004296740766875,Declarative,-0.6926714251907455
847,581349_fnca,0.029077404635617404,0.10026900162192422,-41.57253520275289,0.7440373142241689,0.9999999997587101,-42.24110330316017,Procedural,0.6685681004072848
848,759869_fnca,0.01004060321564203,0.9999999995831491,-44.530419227290814,0.010014033722876322,0.9999999997197611,-46.93446089136782,Procedural,2.404041664077006
849,962058_fnca,0.30482910704419725,0.999969215282273,-43.7547264423486,0.010035974697222644,0.9999999982455509,-44.32694293614535,Procedural,0.572216493796752
850,704238_fnca,0.010040899820008112,0.999999999363502,-44.615728874576746,0.010019503267751523,0.9999999995192653,-51.404721332489565,Procedural,6.788992457912819
851,205826_fnca,0.013665231277775467,0.10462727937831215,-43.11630053442287,0.7714786828669716,0.9999999999998352,-42.91721420478011,Declarative,-0.19908632964276052
852,720337_fnca,1.2184476511345492,0.9999984753784972,-53.57481674839689,0.010013073555103126,0.9999999994634332,-48.09257313959804,Declarative,-5.4822436087988535
853,188751_fnca,0.010039817063784425,0.9999999991715676,-43.6638043741995,0.010031941763322397,0.9999999997111699,-47.07317267139335,Procedural,3.4093682971938506
854,810843_fnca,0.010041112105600153,0.9999999996067804,-44.42947430777265,0.010023655959325016,0.9999999996680742,-46.223212290915264,Procedural,1.7937379831426128
855,214221_fnca,0.16648397508218377,0.7485676284299894,-41.845961715005345,0.3952956350429444,0.999999999786639,-41.346520636507755,Declarative,-0.4994410784975898
856,339847_fnca,0.01004173466529238,0.999999999839477,-43.70530242285266,0.010020916231991544,0.9999999998006195,-45.23663626894194,Procedural,1.5313338460892822
857,107321_fnca,0.010042779408505353,0.9999999993918898,-44.38748531725584,0.010035608042930258,0.9999999999215059,-46.08832265283955,Procedural,1.7008373355837136
858,994273_fnca,0.571235567086803,0.31071513516407795,-94.39411459893857,0.010000001245932932,0.7606871906717987,-54.976687459003095,Declarative,-39.41742713993548
859,231928_fnca,0.018595349550453114,0.10135370013225749,-41.81849478873865,0.7073760055672879,0.9999999996305774,-41.158934731079626,Declarative,-0.6595600576590215
860,361941_fnca,0.0110182321174661,0.11057841721402062,-43.493281451383126,0.010044974440435344,0.9999999983243971,-43.29883902971119,Declarative,-0.19444242167193693
861,135528_fnca,0.010043188265508218,0.9999999998018101,-43.69452014358046,0.5395584852688471,0.9999999999999278,-44.184873600329375,Procedural,0.4903534567489132
862,553344_fnca,0.010000002397909881,0.11231928538427889,-42.6262926894455,0.010024590478251232,0.9999999984606034,-43.0431461401587,Procedural,0.416853450713198
863,101309_fnca,0.010045438106256467,0.9999999990901015,-44.43506552824743,0.010019660533311752,0.9999999998111955,-48.142050027303924,Procedural,3.706984499056496
864,518746_fnca,0.010046007867685886,0.9999999991627776,-44.41316918129172,0.010006594545466142,0.999999999927317,-46.77130564439453,Procedural,2.3581364631028094
865,172332_fnca,0.01271500107375488,0.11023876129683018,-44.15238919642728,0.010000000906195619,0.9999955349816864,-44.11108262690887,Declarative,-0.04130656951841161
866,191033_fnca,0.010041325934825818,0.9999999997154998,-44.44992043468173,0.010019393608824534,0.9999999994937233,-47.35421775682189,Procedural,2.9042973221401596
867,115825_fnca,0.011748244568845413,0.3390980825384125,-43.62734142388047,0.010024146642399418,0.9999999983307587,-43.656954487742475,Procedural,0.029613063862001354
868,513736_fnca,0.010052377492270316,0.9999999996071252,-44.37611632874791,0.9415907277715138,0.9999971402336465,-41.27332033349919,Declarative,-3.1027959952487194
869,203418_fnca,0.010772698606713968,0.4445772331475202,-44.32411523756946,0.010029536768005177,0.9999999998706103,-46.31812982605063,Procedural,1.9940145884811713
870,206525_fnca,0.010042430922592384,0.9999999994387001,-44.39812369355258,0.01002584080356102,0.9999999996613651,-45.93437763715885,Procedural,1.536253943606276
871,139233_fnca,0.010986841267712032,0.15446347909835856,-44.18810173862843,0.7504273372401079,0.9999999999999197,-43.829048252142904,Declarative,-0.3590534864855286
872,959574_fnca,0.010000000001666851,0.04630111690775369,-43.724001479291694,0.010000001106991134,0.4922644805715896,-42.86526764511115,Declarative,-0.8587338341805406
873,192035_fnca,0.08659431453288315,0.2607638396619636,-39.50318523143402,0.010000000841274559,0.6715968798261398,-39.857135445658386,Procedural,0.3539502142243691
874,510225_fnca,0.010041025841135136,0.9999999994935876,-43.728437605357115,0.10526440668857377,0.999999999999846,-44.55024732036629,Procedural,0.8218097150091737
875,115219_fnca,0.9031919981513121,0.9999919007664697,-44.223612597301916,0.010000001094458066,0.8176498780670004,-41.11337501496567,Declarative,-3.1102375823362465
876,979984_fnca,0.010042322256798929,0.9999999993681709,-44.4079477723081,0.0100106136382965,0.9999999996578376,-46.61922025542529,Procedural,2.2112724831171917
877,815247_fnca,0.39881381215260747,0.999999999271676,-41.94281028963409,0.8111813309819843,0.9999999996634098,-42.43696159267297,Procedural,0.4941513030388833
878,134728_fnca,0.010046507938185081,0.9999999992697215,-44.483876316154365,0.01001887253508415,0.9999999998867556,-48.938272611069415,Procedural,4.45439629491505
879,394956_fnca,0.011572926105791147,0.09715923025559339,-42.25756948427087,0.010042081167156287,0.9999999983502593,-42.94144842808315,Procedural,0.6838789438122816
880,129634_fnca,0.010722452256928982,0.09341888320501934,-43.25908835201307,0.010035125385449395,0.9999999983657941,-44.41125853235268,Procedural,1.1521701803396098
881,573249_fnca,0.010053428210012224,0.9999999989997719,-44.379430324356406,0.3892829752719227,0.9999999999998865,-50.71149361833314,Procedural,6.332063293976731
882,609143_fnca,0.010054396193966817,0.9999999999579291,-42.53992220684713,0.010018577536153702,0.999999999479266,-47.68805772016822,Procedural,5.148135513321087
883,173132_fnca,0.3664876453177802,0.6376948889983749,-40.66999627392509,0.48549058553568974,0.9999960525699266,-42.95042477518142,Procedural,2.280428501256324
884,519950_fnca,0.01004055160560355,0.9999999994688346,-44.40513287325006,0.010025535066294616,0.9999999984642693,-45.90624834517861,Procedural,1.50111547192855
885,395756_fnca,0.016332415983399143,0.09303749376453906,-42.5029587347222,0.010000001190624766,0.6990287057132557,-42.68258986405509,Procedural,0.17963112933288983
886,178142_fnca,0.010040816746251667,0.9999999994976809,-44.48415075654612,0.010021053545212107,0.9999999997052786,-49.595302042971525,Procedural,5.111151286425404
887,644246_fnca,0.028347519430971687,0.1021410072318514,-41.62453463585181,0.31732193768534483,0.8242708513680018,-42.69848326476974,Procedural,1.0739486289179325
888,773257_fnca,0.01004065167234848,0.9999999994700461,-44.41860456090896,0.6284320752409768,0.9999999999998619,-45.75584494716519,Procedural,1.3372403862562265
889,513130_fnca,0.01004044436281436,0.9999999994490549,-43.05246654461523,0.010019915536398557,0.9999999994876737,-46.008965254858964,Procedural,2.9564987102437357
890,179952_fnca,0.016822958964239552,0.09832027471184711,-42.29067301702277,0.010045016998034312,0.9999999986858733,-43.49190969167006,Procedural,1.2012366746472907
891,199655_fnca,0.36152492091268884,0.9631036592821416,-42.039635149414,0.010018258415191853,0.9999999984229341,-43.65811545948587,Procedural,1.6184803100718668
892,137128_fnca,0.010041039077540004,0.9999999993154826,-44.486311972549,0.010012426174158708,0.9999999997083611,-49.04728704318686,Procedural,4.560975070637866
893,172534_fnca,0.783744779200082,0.38087096528971204,-28.71491444631538,0.010000001050961327,0.4565741978227166,-35.62599858574302,Procedural,6.91108413942764
894,168139_fnca,0.010042338881461995,0.9999999993891646,-44.38392885135152,0.010010010485631698,0.9999999996955266,-47.40584551509907,Procedural,3.0219166637475467
895,771354_fnca,0.010043440644910136,0.9999999996319785,-44.387686836151026,0.010003103599738153,0.9999999984366453,-44.98439523818947,Procedural,0.5967084020384448
896,183034_fnca,0.9223032451065711,0.7195370624583993,-35.81877935391985,1.0694200483157223,0.999994046052911,-37.659158457977405,Procedural,1.8403791040575541
897,911849_fnca,0.010040527777620952,0.9999999990050665,-38.180252290437565,0.010034261018755956,0.9999999991179991,-39.261383113585524,Procedural,1.0811308231479586
898,810439_fnca,0.010045718569331785,0.9999999991194994,-44.41955300349303,0.010034709066371612,0.999999999873608,-46.47938706174048,Procedural,2.0598340582474535
899,677766_fnca,0.010000000009989834,0.022159141288180865,-31.132073586057484,0.010008577452946015,0.9999999997944983,-46.9288100568384,Procedural,15.796736470780917
900,932554_fnca,0.010040423122335012,0.9999999988843556,-44.64629452160701,0.010010562351444699,0.9999999997171134,-51.87759750649277,Procedural,7.231302984885758
901,181232_fnca,0.01004029479604273,0.9999999995338246,-44.50922082898874,0.010024354851400148,0.9999999996637157,-47.57345976618013,Procedural,3.0642389371913907
902,376247_fnca,0.010046000831757704,0.9999999991650609,-44.382036892416394,0.010005139554763651,0.999999999878173,-46.22071629817788,Procedural,1.8386794057614821
903,552241_fnca,0.01004089791631589,0.9999999989683521,-42.28666751206252,0.01003388614491093,0.999999998484472,-44.26903591899312,Procedural,1.982368406930597
904,117930_fnca,0.013949220100983444,0.10270765074626505,-42.33222642185368,0.5704387153840079,0.9999999999626281,-41.84426335074756,Declarative,-0.48796307110612247
905,207123_fnca,1.0068625933725597,0.9999999999998647,-42.974507167970515,0.010019220344243586,0.9999999995591408,-49.753110966230466,Procedural,6.778603798259951
906,352132_fnca,0.010046387072848804,0.9999999996072836,-44.370300483618806,0.010035849897676979,0.9999999984835988,-45.98190072013269,Procedural,1.6116002365138868
907,381543_fnca,0.01004158588571025,0.9999999996801459,-44.39877447504799,0.01002233852935164,0.9999999997997516,-45.82423401825297,Procedural,1.4254595432049797
908,197348_fnca,0.01004571278420908,0.9999999991155551,-42.994076663543076,0.010023862338146306,0.9999999998802644,-44.51519217843783,Procedural,1.5211155148947526
909,728454_fnca,0.010000001199616627,0.15750569769788178,-44.2850024725664,0.0100410136843078,0.9999999984238832,-45.3305776641845,Procedural,1.0455751916181057
910,171532_fnca,0.015995766339920715,0.10165480079272142,-42.30472215885693,0.3229593310617665,0.9999999999998861,-42.45152892641341,Procedural,0.1468067675564768
911,541640_fnca,0.019770115171772858,0.05292161570692784,-39.12380457772621,0.01000000151958291,0.47276039062302394,-39.2663275791575,Procedural,0.14252300143128593
912,212419_fnca,0.010040752747367206,0.999999999424736,-44.415303904895076,0.010027479599636636,0.9999999994601158,-45.912492419997825,Procedural,1.4971885151027493
913,191336_fnca,0.5507255433239617,0.9999999999717303,-41.486563819626895,0.01000000078431505,0.9999926522315163,-41.942850978073956,Procedural,0.45628715844706136
914,654552_fnca,0.010041183029499084,0.9999999992883225,-44.465521903879065,0.01001720827354592,0.9999999998073983,-46.732067299178716,Procedural,2.2665453952996515
915,211720_fnca,0.5802589613965684,0.9592045552574259,-39.82017854433442,0.703510823752881,0.999999999999738,-41.079694222594014,Procedural,1.2595156782595964
916,818859_fnca,0.010040218482639272,0.9999999993030635,-44.414630622169895,0.010001332359246476,0.9999999984531235,-45.514270918049725,Procedural,1.09964029587983
917,987074_fnca,0.013739834157173118,0.2669894595850178,-44.28214587225281,0.08479191956474161,0.9999999983672683,-45.00344621445752,Procedural,0.7213003422047066
918,116726_fnca,0.010040955645132191,0.9999999993532847,-43.73969446507733,0.0100327303057306,0.9999999990910123,-44.95125228221205,Procedural,1.2115578171347252
919,206323_fnca,0.010000002352664902,0.26708812891585354,-42.93525809325921,0.010016643448489774,0.9999999999898185,-44.51673801683226,Procedural,1.581479923573049
920,139435_fnca,0.010041028985179602,0.999999999269768,-43.86044117981706,0.010020054869774694,0.9999999997219754,-47.94799071352274,Procedural,4.087549533705683
921,135932_fnca,0.010041043845339662,0.9999999995328,-44.44888756382772,0.010025761270826668,0.9999999997184289,-45.850401583980336,Procedural,1.401514020152618
922,570243_fnca,0.010041163435885472,0.9999999992735568,-44.43291083516148,0.01000469400886818,0.9999999991838728,-45.156598313997506,Procedural,0.7236874788360268
923,239944_fnca,0.010041940089407217,0.9999999995115932,-44.396734239646484,0.010031960768228121,0.9999999984566944,-45.28236140737975,Procedural,0.8856271677332685
924,198249_fnca,0.010050907825653458,0.9999999985854682,-43.760380512198566,0.010012164681294407,0.9999999996552795,-47.10240707768152,Procedural,3.3420265654829535
925,187850_fnca,0.010040121539644729,0.9999999984678122,-44.37040705830682,0.01002845525156698,0.9999999999999156,-46.60281193128416,Procedural,2.232404872977341
926,286347_fnca,0.010046494423801018,0.9999999992540776,-44.442404710861496,0.01000775913358639,0.9999999997957248,-47.09060114663516,Procedural,2.648196435773663
927,176845_fnca,0.01050825130004529,0.5105784917803947,-43.653552955411726,0.010027726557061795,0.9999999994440527,-45.33203376265008,Procedural,1.6784808072383512
928,317332_fnca,0.010040545444241567,0.9999999994590064,-43.69870932239409,0.01001587236501163,0.9999999999205809,-45.14163687821328,Procedural,1.442927555819196
929,127630_fnca,0.010040839365751045,0.99999999926405,-43.09693147567867,0.010010648592334285,0.9999999998110483,-46.787865805614956,Procedural,3.690934329936283
930,193239_fnca,0.013474593515694161,0.10247394347350168,-42.97706088210773,0.7832566326684087,0.9999999999998908,-42.82189403047114,Declarative,-0.1551668516365865
931,152225_fnca,0.010000001788232333,0.2268558684131505,-43.79752355167263,0.010019675458946508,0.9999999998114133,-49.4993919027856,Procedural,5.701868351112964
932,827052_fnca,0.010044027891515686,0.9999999999069764,-44.37849733124691,0.010000000868214369,0.9999979279146737,-44.5591646649405,Procedural,0.18066733369359156
933,177645_fnca,0.010043544036757739,0.9999999996257543,-43.682920231304415,0.010000000876563364,0.9999968855477412,-43.96235226135059,Procedural,0.27943203004617345
934,185139_fnca,0.010040563365232048,0.9999999995061541,-44.422490349953065,0.010022091544853977,0.9999999996470942,-45.95428637054313,Procedural,1.5317960205900647
935,118124_fnca,0.010000002532807745,0.251738742615029,-44.22578873806735,0.01001711632981639,0.9999999999937011,-45.698103174537216,Procedural,1.4723144364698655
936,419239_fnca,0.1546137120569458,0.4349772396887748,-42.9335643225721,0.010000002259051784,0.760525196335737,-43.609533263359225,Procedural,0.6759689407871221
937,572045_fnca,0.010040889478486087,0.9999999992622761,-44.53068041068999,0.010032119661879845,0.9999999994826563,-49.70252080248389,Procedural,5.1718403917939
938,126426_fnca,0.011652996377230326,0.11312466090503816,-44.15473907659285,0.015594185238205074,0.7553678976551256,-43.83888020915494,Declarative,-0.31585886743791036
939,211215_fnca,0.010000001867169884,0.10295226699451439,-42.76297514009589,0.010030966988610118,0.9999999992984828,-42.50786032855292,Declarative,-0.2551148115429669
940,206929_fnca,0.010000002583757116,0.3198300195077417,-42.88127321645287,0.010018716239200568,0.9999999995114187,-52.36852859042786,Procedural,9.487255373974989
941,627549_fnca,0.010040773391302306,0.9999999990255256,-44.36813594718327,0.010005926670024468,0.999999999783015,-45.326307549555914,Procedural,0.9581716023726443
942,158540_fnca,0.010867085206612991,0.09565309514321091,-42.41240171116231,0.34651754257565787,0.9999999999998359,-43.689224076717544,Procedural,1.2768223655552333
943,516742_fnca,0.010040034518602407,0.9999999991763572,-44.57323785127543,0.010027432106888357,0.9999999995207423,-50.83539364544068,Procedural,6.262155794165253
944,406836_fnca,1.1362799062448778,0.9999999999231399,-39.483302895779346,0.7240886103630545,0.999999999999878,-47.4882784237195,Procedural,8.004975527940154
945,153025_fnca,0.017281709405707238,0.9811617729493839,-44.35866101318628,0.010041118637295794,0.9999999985628705,-43.94188760661863,Declarative,-0.41677340656764983
946,680957_fnca,0.010040764370706022,0.999999999540428,-44.41958028321917,0.010023546389039994,0.9999999996659744,-45.49019883047562,Procedural,1.0706185472564513
947,561444_fnca,0.010041264249771123,0.9999999995146241,-43.735356667278154,0.010026327547006657,0.9999999994402895,-46.032659037448035,Procedural,2.2973023701698807
948,140824_fnca,0.3307392954654844,0.6022142978130242,-40.529924971110454,0.01004552016003944,0.9999999983854738,-44.24580810368962,Procedural,3.7158831325791652
949,352738_fnca,0.010041576494895493,0.9999999997416225,-44.39968757180072,0.010024747256258118,0.9999999996745983,-45.96535235209561,Procedural,1.5656647802948882
950,814548_fnca,0.4409009534298039,0.3886501466636201,-31.954496555329683,0.4657186718321685,0.3707346987324965,-32.53127015056253,Procedural,0.5767735952328437
951,151223_fnca,0.010040448613035581,0.9999999992077359,-44.46047639326062,0.010027009721793273,0.9999999999219878,-46.93239840790336,Procedural,2.471922014642736
952,361234_fnca,0.011787897836409069,0.11368664324168902,-44.07233689515725,0.10986881502821358,0.7892678906811715,-43.23692798563229,Declarative,-0.8354089095249577
953,108020_fnca,0.01004079627488218,0.999999999569234,-44.45318453412928,0.010027062057351236,0.9999999998724827,-45.69044341741372,Procedural,1.23725888328444
954,436239_fnca,0.010046567641582696,0.9999999992937645,-43.81630996260609,0.01001947656796485,0.9999999998206929,-49.48322226399742,Procedural,5.666912301391328
955,380036_fnca,0.010040806556006674,0.9999999996045401,-44.551627849661436,0.010021777337966258,0.9999999997545269,-52.02306156921609,Procedural,7.471433719554653
956,150019_fnca,0.01005406480727923,0.999999999142014,-43.6916367090359,0.010033939170666037,0.9999999996910885,-48.01712600583871,Procedural,4.3254892968028145
957,101915_fnca,0.01237332646731972,0.25771189359441443,-44.321499743480025,0.010021871748923872,0.9999999998799436,-46.975864285999364,Procedural,2.654364542519339
958,139839_fnca,0.010465354416749202,0.10899258074802501,-43.9896256781703,0.01002964655928126,0.9999999999651265,-43.853452930104496,Declarative,-0.13617274806580326
959,891667_fnca,0.010000003727523864,0.14933479932585597,-43.166692752942616,0.010018034018154227,0.9999999998971867,-45.55115807137024,Procedural,2.3844653184276225
960,137431_fnca,0.010000000003035763,0.04669381260179923,-38.41118697432707,0.1096409915305488,0.9999999998014026,-47.814594767755594,Procedural,9.40340779342852
961,208327_fnca,0.013338861452240293,0.10475255023803655,-41.47417174848685,0.2349473179606727,0.9999999999513083,-41.56210121126204,Procedural,0.0879294627751861
962,818455_fnca,0.010041318379396641,0.9999999995450147,-44.49238428911854,0.010018116391737435,0.9999999996731224,-47.96817583542814,Procedural,3.475791546309601
963,109830_fnca,0.8025877714424172,0.5338943708211994,-32.661940316249776,1.6881326588930308,0.9999999997595902,-30.252837427829316,Declarative,-2.4091028884204597
964,183741_fnca,0.010308526683352878,0.12578882353498005,-42.70578565778597,0.5944451664870425,0.9999999999999605,-42.12720749097177,Declarative,-0.5785781668141965
965,150625_fnca,0.0100000016798083,0.15530133866537701,-43.44433589799856,0.010027498634074004,0.9999999983746483,-43.95310580739719,Procedural,0.5087699093986302
966,179548_fnca,0.9473197844055375,0.7113730632835094,-35.06021458368227,0.959417757191596,0.9999999999998613,-39.54523629100203,Procedural,4.48502170731976
967,212116_fnca,0.010040669009821408,0.9999999992299968,-44.52060913024312,0.01002646039251607,0.9999999996980564,-47.33774382791237,Procedural,2.817134697669246
968,102513_fnca,0.010000002760265404,0.1758019229778983,-43.519704126549634,0.010015434912130208,0.9999999999815298,-44.696959920302966,Procedural,1.1772557937533321
969,129028_fnca,0.010000001867169884,0.08488231793060792,-43.942666312633456,0.010016387680135363,0.9999999999499568,-45.387600183825604,Procedural,1.4449338711921484
970,996782_fnca,0.026952111725344088,0.10574302313023726,-43.028542838031406,0.01000000162820775,0.8319494749476665,-43.14161618970667,Procedural,0.11307335167526134
971,196144_fnca,0.010928034485017108,0.2629206695055038,-43.6317260427774,0.010001347980888782,0.9999999988271515,-43.25906590845033,Declarative,-0.3726601343270701
972,955465_fnca,0.026072222206880047,0.11059647321533052,-43.631273432206584,0.6827473247402722,0.9999999999415029,-42.50011917606153,Declarative,-1.1311542561450523
973,784565_fnca,0.16638039150466147,0.9999729956998857,-43.92047379087741,0.04581799439751547,0.9999999991901292,-45.45336843856921,Procedural,1.5328946476917977
974,581450_fnca,0.6180170166640262,0.3076189353466818,-26.670861104025757,0.0100000016181666,0.5209720511974061,-37.69811670566582,Procedural,11.02725560164006
975,889579_fnca,0.5454841514024514,0.9999685398849455,-41.419458837945164,0.9942601956661133,0.9999979207916632,-40.59638794137581,Declarative,-0.8230708965693552
976,143224_fnca,0.010958983038554365,0.10405750504814415,-41.39645046339711,0.2205483557256509,0.9999999999999116,-40.836669817307126,Declarative,-0.5597806460899832
977,793465_fnca,0.016583696101967065,0.10668382795452883,-43.02045842739448,0.801522886374319,0.9999946266093167,-41.844593893525214,Declarative,-1.175864533869266
978,173738_fnca,0.010281190599274107,0.1178656152969232,-44.10157221763975,0.010012854996327168,0.9999999992415665,-44.02752085872503,Declarative,-0.07405135891471559
979,105014_fnca,0.010000001875943253,0.3880568030721172,-44.341925433733486,0.010018118776679892,0.9999999984458986,-46.159714882282394,Procedural,1.8177894485489077
980,378756_fnca,0.014526016384511177,0.10964916706707185,-44.11076386454154,0.44052643886456166,0.9999999998956914,-43.519947207866295,Declarative,-0.5908166566752442
981,146533_fnca,0.014676016556060554,0.10871697100558195,-43.54561627292183,1.3369099938489564,0.9999989838862328,-38.65042771992066,Declarative,-4.8951885530011765
982,497865_fnca,0.010059132955507992,0.9999999995387007,-43.17224441159713,0.01003714726910865,0.9999999992071981,-48.829715410828754,Procedural,5.657470999231627
983,136631_fnca,0.010040722437515021,0.9999999995910795,-44.46687925320522,0.010018027182759681,0.9999999999540308,-47.607296797439325,Procedural,3.1404175442341042
984,209127_fnca,0.010040882328706473,0.9999999993578058,-44.43783122622126,0.010003165464872822,0.9999999998685131,-45.78589440915465,Procedural,1.3480631829333873
985,151425_fnca,0.010000001660755988,0.1552649444314193,-44.102738057278124,0.01002226661520973,0.999999998447543,-44.51671382400734,Procedural,0.4139757667292159
986,178748_fnca,0.010000002497946149,0.6350633928609836,-43.6634390161332,0.14118025697730652,0.9999999999998498,-44.580338953056774,Procedural,0.9168999369235706
987,196851_fnca,0.49690496785029126,0.9999685465981526,-41.78436347028544,0.010030081919878612,0.9999999988460706,-44.237849766920164,Procedural,2.453486296634722
988,665254_fnca,0.010041580276063675,0.9999999995360606,-44.37034086043082,0.43779697340450646,0.999999999999906,-45.35965266215041,Procedural,0.9893118017195874
989,561242_fnca,0.01273402183688703,0.5668265839173194,-43.654073851043485,0.010014508371376896,0.9999999997809284,-44.64854664136634,Procedural,0.9944727903228525
990,123521_fnca,0.010040886552317134,0.9999999993753503,-44.49834004840267,0.010018590209003529,0.9999999996832276,-47.392446432376964,Procedural,2.8941063839742966
991,614439_fnca,0.42384569370815145,0.9999685160454155,-42.77889464663542,0.74452571369982,0.9999956920347814,-42.4491295130457,Declarative,-0.32976513358972426
992,826454_fnca,0.010056312120392397,0.9999999991901725,-45.1276340624489,0.010054744121983374,0.9999999999999307,-61.955243050462,Procedural,16.827608988013104
993,172938_fnca,0.11030965921025261,0.5666896850417202,-42.23303819169453,0.01001250805320599,0.9999999992219124,-42.31388489867949,Procedural,0.080846706984957
994,809252_fnca,0.010040727653769854,0.9999999997113181,-44.36099269081047,0.01001796002927376,0.9999999999224313,-48.014583726682034,Procedural,3.653591035871564
995,186040_fnca,0.01005045131230748,0.9999999993020253,-44.5517713665411,0.010026791674650988,0.9999999996783989,-49.707279016336614,Procedural,5.155507649795517
996,580650_fnca,0.676742906097879,0.9999689715711642,-41.10398995479883,0.8510986934293893,0.9999999996064521,-41.24526324532295,Procedural,0.14127329052412563
